checkin_baseline,checkin_dt,efficiency_baseline,efficiency_dt,satisfaction_baseline,satisfaction_dt
7.396056983613479,5.759419892927402,68.05914428012296,79.29501581479235,74.19618261467883,87.132089176516
6.634082838594578,5.332170314621492,70.60631038056552,82.6467679655056,78.44086220641067,87.02236779897974
7.577226245720831,4.553667332928157,67.49638437920018,84.07646229305074,78.69188604742668,82.05612026126894
8.62763582768963,3.9177569000649832,69.82178465773261,91.44060050348861,81.01041476380136,87.47866629070468
6.519015950331997,5.128400982252231,62.21064959862183,87.18096999850803,71.62902234726778,91.41146760274046
6.5190356516609835,4.854136846879575,72.3238097953901,81.12645897888035,81.62209309662138,83.98534115941587
8.69505537860887,5.305673898024959,71.30578628173868,86.95531612613644,64.80760267882584,92.5793858088872
7.72092167498349,5.0716546215137726,67.37797457087268,80.44862723539724,75.38758878294456,90.50476683801206
6.236630736878057,5.444597443787401,74.46437920847553,88.86461137243865,76.10980340349711,85.98333670870716
7.451072052303157,4.018288309595489,75.80033666060747,83.89240111418279,81.8299668129633,88.17634034184996
6.243898768625045,5.685654659070893,63.58371265102892,85.10036419603466,78.71541734865202,94.61379068827182
6.241124295715691,4.67783964422316,67.63892106288218,89.64254927213501,71.43162842533293,91.41412690997171
7.090354725879241,6.367734785362739,67.60811672102096,81.28107658053041,73.57653505833322,88.73249952312315
4.504063706410642,3.879730963719389,66.78846511467745,80.92922180763843,79.61326804869176,87.82057172724436
4.730098600984361,6.062367422848725,75.2814792412724,83.53248215569279,78.19675655649075,88.98345356067114
6.125254964910833,4.678119705116383,70.36963453389055,88.72281232326182,75.64646704085769,86.80647483561349
5.584602655598691,3.9137237967469964,70.03032876170907,80.5380925584741,76.1477476734889,80.91242682883964
7.177096799114328,4.064502749351111,61.68146065084758,76.33710208604619,82.15045678551238,96.2560582689785
5.710371109374547,4.211687422625112,74.35000654500428,83.95629165309121,75.959767878367,89.2747024970378
5.10523555839765,4.881749351761725,65.35155970470333,87.16557055971495,78.15073465545171,90.17314488095339
8.558778522705865,4.9705519392319495,71.58767662527838,89.24083759916427,89.66667659921076,88.48574132545544
6.529068439416157,3.983669996455279,72.63140930219932,83.91788364132672,71.33921855189199,85.98006783731903
6.881033845625509,4.478080866965115,77.83116126002552,84.0834348572288,69.15560206896923,88.01207942048956
5.090302176543852,6.4280433227506775,65.01766208422826,89.0924823496184,82.5963072904729,82.78223937988105
6.146740730569781,6.05478885309064,56.806341652060034,79.41682656097466,75.13892038740006,97.12522004279722
6.933107107651839,4.892691302706629,72.18247781481773,84.15673351941437,76.97698860851263,84.13230560583713
5.418807707093237,4.53420313035138,79.9424536712521,86.0093564477602,74.6161024715313,84.88172474976544
7.2508376220148065,4.608028194046435,77.24694249410929,86.83749990811212,77.27501928208568,87.07104094377033
6.079233572097434,5.052166175457375,72.3063651933182,83.76861858178918,86.75254437169133,93.46588018195379
6.449967500248068,3.579486691321435,68.94014630896616,85.51021123745869,82.6908551389524,88.75368329727182
6.077952065324723,4.26836111631899,75.17418846385908,77.43735246907843,82.99733991062358,84.1262975546873
9.022733821410725,2.998274333510169,66.62697824141854,83.29360508053169,71.3772420154575,93.34105193480215
6.783803330314479,4.8593008103447515,73.58651729290985,86.8512278801743,72.72911594358037,91.40470231910628
5.53074688525292,5.082476345732467,73.7262567639998,82.25665909038503,64.12069883662431,90.69220934170087
7.787053894523827,4.065132183930563,76.38900755599462,85.58874950908671,74.47215781247795,91.34821669233212
5.334987620034774,5.9165880869610294,84.54636818677317,86.82999200256864,83.47918625056685,97.55913903215507
7.050636314005707,3.396810903297893,73.18359664245808,84.30384255725515,81.23642723031668,96.78485111163361
4.448395851344269,3.1820626078111616,68.856974596604,85.94548406718903,77.47028235894416,86.15915323088781
5.206176741321883,4.702006636703975,71.17724330147843,82.31925579108925,78.48626855303792,94.70837447340126
7.036233483042948,5.442388472350939,62.80843565653223,84.73884390497265,75.08668373286542,90.11772230210794
7.686159895994493,6.0155349223120815,67.96537697077252,87.35269174268552,79.64427030024909,90.54665451970968
7.005641937427964,4.087004163417954,69.3354442970571,85.90231347509899,82.50597922535113,82.43859792291968
6.6612220611341115,5.470812750088166,68.78437568991396,83.52309993739541,70.35897738420658,88.06957266806367
6.438675565292853,4.465342377449364,72.03130338576186,86.11749249373054,80.12820320797047,85.69255271575472
5.025773611559087,4.344635430053263,67.35238432456543,87.68675133003718,83.3554178418688,91.76381761510525
5.936186949926349,5.295293943738005,76.68094720315746,78.84018790855208,76.4829885262868,92.66299785149039
6.2472334748482545,5.087090590572077,71.30099391160735,89.10903700785887,82.17357312181497,81.02440050123965
8.068546671462698,3.0812470587141756,71.25535845853464,84.32398483622057,92.95473766681002,88.6184710031842
7.2123419474821535,5.828886314753307,69.72610536073799,86.76156778636874,78.06785175576684,92.85088756773874
4.684351813564719,5.7420822187327065,72.04491528252309,89.23119015566473,80.60586595502714,88.00928783944026
7.188900763273754,3.9369935686414235,75.26047167040464,81.01064416886251,74.8359088733269,91.39753548650876
6.33790126350042,4.856223180093668,67.13777496458768,83.12978879223186,79.52438092927045,89.99931223022021
5.987693599632849,4.944627167654465,68.14104085243876,84.47664417319776,80.94738528740974,89.96414285822472
7.534011546609041,4.734606389241517,69.84211506187201,82.89198873240184,79.5936959353777,87.6961345811473
8.03719942699514,4.004725361539122,64.83981956732856,90.9517970426778,73.39955386948482,84.19865102469788
7.917536142939438,3.8955389688557536,67.3675622733368,82.65832929975427,79.65244503375979,84.5503384545274
5.792938972132834,4.4770013361076995,69.01413980698564,83.62225030564203,86.05719928745994,91.32460430348468
6.428945148978542,5.555456117333428,75.49706806742108,86.05404490112953,80.88804239902409,88.77199554541987
7.197516117684277,4.989240139134989,72.56029437920924,81.55312151655652,83.50613466426638,88.18750469495328
7.970654152546831,4.166447101122505,72.22923157456421,84.13382172237996,77.3912389529356,87.1316068434073
6.224990914585652,5.19452883958351,75.38431021840627,86.41585043600057,82.42449122106092,87.57080127172122
6.57720922800342,1.936311641432932,70.64061541568289,84.33484670597596,80.02426597490428,92.57357363960612
5.472398031192766,5.533889130334893,73.17423127965867,85.10116205152018,73.75035527859511,87.4595968970883
5.364552051103195,2.9342575990997104,70.80453558592401,83.70613724016522,80.22445712447426,83.73806056078419
7.775030986873038,4.173803152737181,72.57373927711821,80.55369501062155,73.54234701645441,91.45151156949865
8.427488034284988,3.4922970948364704,68.5027584434644,86.42909827628557,75.37231059808755,87.94195634370055
6.713587854103599,3.3347866718511847,59.593677640273135,91.01578582927118,79.5655743671911,88.81616470247127
8.00423947747043,5.544744108640668,70.65546002150573,85.458885218507,80.11594579423863,94.64803973367819
7.233963230057161,4.0790689188192975,78.12919105327971,86.12084517519216,72.53491442810663,88.62392593780312
6.025856294473851,4.811853493557644,75.74583393075964,87.61671281637396,83.97532743303266,89.7699795905393
7.233674726610096,4.457771479008734,75.93390792603762,81.33814241105057,81.51723201933241,84.3379830821962
8.645643879759163,4.92933674450081,77.23342746466984,90.84804690601474,75.00588497838449,87.88722302630146
6.757008753068058,4.56913970195423,71.7255564366149,86.04745214855298,70.7583175381092,90.95524636727183
8.677572386976808,3.345306998230287,72.24711539554686,90.62194207708515,77.8609866466847,82.9451171847874
3.6563058750923068,5.396640137502426,68.33527090191512,83.05429441432324,76.32568705930808,89.44312684452812
7.786283005250269,4.0556190751548185,69.78285029107016,91.21779815218504,79.17701633097042,89.07292696878578
6.904456481885806,3.0990762912062237,74.25570151890147,87.88049758091131,76.74810502810661,88.85276358567353
6.441191179440959,4.114696355130679,77.07864529841032,87.16972827472755,68.36197001020045,92.5374879250355
6.910112931842603,5.85068381157088,70.6306578767312,86.14887825393008,76.61943061466408,89.93742250493953
4.414917302478928,5.265199567902144,69.13909152871322,84.60470842216176,77.0413425335516,94.16886602391885
6.536393734594985,4.186213079032926,71.30253420251167,89.2417013071164,81.8316712263477,85.02371879230206
7.228535085814095,4.185668066113414,74.18579239485975,85.84915158351376,75.03918165948365,89.20292089870789
8.573472853689818,4.210528453904356,64.36949688255899,79.10537694852111,87.16124083420009,89.0125271096428
6.178075738071623,6.369073185204757,60.27833142494126,81.8250033225376,68.85063319167604,84.7437583731062
5.8298076765281746,4.843741907008398,68.65742312244039,84.80529359298322,85.28695423879338,92.23829150773798
6.197891547698556,4.887037482471962,65.44058035561204,86.39199674612978,77.45597324852166,97.30129123165543
7.898482541242489,5.427255108628658,68.8609270512929,85.21891683552033,82.98388284895213,88.63707752440983
7.1945013315916215,4.714910243123862,70.59065446967614,89.30070652733973,79.00698756869953,90.56857802661294
6.164287755479553,4.266862068761367,69.12440763668954,79.1564740350764,84.41173323372989,89.01271836051671
7.415920919736027,4.32328513582352,78.27184416545957,85.85948139681652,76.62445398078066,86.05973672134346
6.916493059217649,4.435558866527343,72.86837487009113,79.5824664787611,72.99703583159315,81.96318697213255
7.962373988639467,4.466499987141143,72.74227692613198,87.83107934554934,85.84457186508241,86.08863811254716
5.957536287347177,5.154866589273282,74.28659429140832,85.0977321137856,78.02124870600107,83.54975399047859
6.406805424082678,4.546751297226569,65.8336010346523,86.74275191047718,79.72994821548347,95.00517768881873
6.329470216241411,5.159376069494021,76.28773657961729,82.63557452611275,84.89723476162845,88.27409413248402
5.0437820622414575,4.427355077902276,70.93633142462978,89.4942877813048,73.33702826531838,87.42009848252547
7.155344332477491,4.570771671284482,74.51830696275782,88.73351892498833,81.6370035779602,91.98986915171488
7.113266326615867,2.701619383921103,66.15508528140725,87.26734176963805,75.59153674203925,84.54952091943322
6.806136147970953,5.324694907232233,63.84195792312289,84.985544810037,77.9259362862137,85.86260305938316
6.518495439949824,4.811839628308194,75.22587035852014,87.25554331294443,78.96862272345987,88.9518673962199
5.101555109539503,5.3982090988736875,73.10676572526808,83.13794378244049,70.94886850662063,92.50644526826689
6.295225612681569,1.8933701596256798,66.97015253908395,88.13777810886629,74.62793108161577,90.55623466712451
6.388742580167876,6.379537234302655,67.12561720988147,90.67833886183655,85.490471751307,89.61880302730877
5.837267276934057,4.374369334660344,76.70208696519089,88.8259537919334,83.11957506178246,88.98903562037326
6.606457146000789,5.497364535063765,65.59082291423682,83.0652720966163,78.28053815563109,90.18087266544907
7.2848610281774455,3.564084665587022,79.18483017562862,86.55653541527394,79.83992963841575,89.44611574897824
9.063423081452637,5.051496514556312,66.97702047369023,81.26194705997233,77.09936322125407,84.88910258332534
7.009493375398207,3.5519259931437093,74.36428124292024,87.23164899576217,85.5185752677227,88.87049312004267
7.109060468867317,3.9386079353737755,69.72263131640487,86.84193092116013,77.57820185324975,84.72735196200432
6.710664901080599,6.222628218480107,74.19529966919525,79.41658771349708,79.78239466988772,89.00000540873305
4.49747454164115,4.328385839312988,68.68825278985187,81.68229169948044,84.44475373512452,86.92160261649352
6.76818334946094,4.695689585861751,70.51859405085298,84.49395553041995,74.63540542728587,98.09571200429659
6.8722762519292315,5.283060957619879,71.49641204189946,84.43724880914937,86.54982484093415,88.55239078011867
9.755890534982344,4.946113699175344,66.48950021224893,81.52967380665983,70.79464681030878,83.50431360483212
6.569166842262653,4.635377014629219,74.8559568580166,86.64473193392699,86.91117486867526,88.20353322049539
7.161856810800335,4.8284649022196025,68.83657488093638,86.20471554860964,76.69935452184492,90.6216273588602
6.758345876353708,6.6630740267144475,70.2027204063679,84.77833877766875,77.36223638609106,94.89144660076434
5.3975863548565615,4.448143082669773,66.52712300187913,82.98146719949324,68.96094812696698,86.51902612022674
8.171387377418025,4.680989142043471,59.00079843778251,88.75586280453301,76.28054694137376,82.84501649611254
7.702319639224129,5.4455889564068505,70.38306673951918,90.69730276188255,73.29698669176288,91.72229694229463
7.749238336451656,5.494973339662185,82.880554023742,83.8526032516911,75.50100363859528,83.5917847881713
5.708735054246313,5.568327275004342,75.06610058191052,83.44106586510458,77.8997140744767,87.08622486642231
8.48335317312332,5.074857199826266,71.2075501772749,86.9718645293184,83.48473723381181,87.74680420360933
5.117778724649263,3.4712955785425645,70.0381240198003,84.25430598480965,79.65877709214318,88.4423562227896
7.504228512560324,5.970088379070987,71.40783628549782,84.95392895787765,80.16915093234567,91.24990849117505
9.428546750971973,3.4682891462831806,73.926171752841,87.76689008551895,73.01285111688763,86.17055315554038
5.611356409843173,4.77237191871513,65.63209848651755,79.29006051997666,74.10815414302607,87.687201766983
6.120442724476674,3.821151734982578,76.64874413441058,89.61856743952855,87.77349759359169,88.64719969408726
6.91958163810517,4.442275488066307,74.73383031411797,85.6325776778539,74.85047472270743,89.25351244281951
6.195829215060561,4.795886169273133,74.74729148339809,84.08322193740104,87.0466620854922,89.06196054641931
4.939203882720641,4.789221493905246,73.40468354628669,85.11445070649137,77.36038788570758,90.31322136832355
6.882275569767232,4.879728678811756,71.39415995693115,85.27977393606567,78.61166847433186,91.82220618567443
5.525235543528674,5.952340142152782,74.52973393264074,79.86015582897625,84.05886231717264,90.15274622790858
7.368310916762217,4.908180871362582,74.14070784195862,90.18380232785036,85.08665135188714,90.3782664369841
5.696690918919436,4.280259028238416,69.60060458748308,85.53224202326598,78.03485594257666,82.84577428303804
8.659921286021047,5.367678451459522,68.54671149009488,86.81760681743161,76.61996042704014,88.88584248691302
5.860096049196516,5.570523440032177,71.78891021725754,88.44495926583694,78.31480571253671,90.47417792760595
6.413526180553189,3.395152966376707,78.7352967271769,82.13228013580705,80.3235833939838,91.39708241991067
7.776220660843603,5.037660062864872,65.35228603686127,86.91511007691274,83.14564880303574,86.13830213533497
5.322962820279254,5.131055468079809,64.25587872438828,84.54354850912387,78.62157228087017,86.26155468291202
7.072951921524955,4.232192846976007,72.09085203793528,88.10966648069278,81.75632011991807,86.57582750145069
8.368571305138914,5.738136131980458,71.54426096890889,78.59287225487522,86.9556346345818,90.68473142959797
4.871020118526527,4.364949971670726,72.13203998897795,85.08289823922794,80.5446790225504,92.52535990321958
7.021560630238765,4.613018808124388,72.4709753499608,83.47097390149133,80.18942956562437,87.19239760302108
7.111859353098108,4.344235358144517,70.22862917775294,86.78324144202931,70.85355479204065,92.05946056042008
7.738187446132772,4.514021142823321,78.45134450529,86.90414139957825,65.18327630217178,89.156875293909
5.3156591469463015,3.5133524217943184,63.61566090331272,83.13559713656952,80.58071621907385,88.24014262449899
5.215452064298868,3.203954205665135,67.32321428105482,83.12104363463666,78.11639642046755,87.91787834967352
7.426329878740277,5.935054556902475,70.80437715128457,85.04587082061656,75.97460835793481,91.46246204902799
7.1563816078798235,3.737734786513505,63.41269370646,82.53074487259134,79.84200404135035,89.90463792211216
7.100591420415052,3.6077468854893233,70.45589885872606,88.09434782544682,78.29194098109576,97.12055408229627
7.215737851396371,2.5619488977566567,79.27505679549448,84.21853695856818,84.35167927823288,85.5467688209099
5.983970334105811,3.9249344270794477,71.40025514382062,76.09763769817076,79.03916542812078,90.61697629751092
7.078704436593204,3.3092191859332516,72.40736434744967,84.20056941881023,74.79069124614215,86.7419562636974
7.151686967958417,5.977813644122732,65.2512091271716,82.0766597732993,83.64984781869236,85.48363814814202
5.942778298368358,5.40883538040837,68.3414652414105,80.17991739052498,77.49263151777436,88.6597915929706
9.038929413373708,3.8806646893400485,69.4990573744451,81.44023475768778,81.28533708672876,89.20820417380604
7.368599505094145,6.527192224809879,69.77496753557007,85.75010710986551,76.16520539841672,99.49724215372234
5.370435803356822,5.383588938292435,77.45189021601809,89.65165065039434,75.28588288396307,88.01866048197215
7.5878643303605955,4.20765175484224,73.9769170914806,86.40219031636794,79.02925797394704,84.51833870090667
5.630381995727214,2.250534856613784,65.96500180670225,83.45918915770964,78.66542608207278,89.71013965472923
7.744501524490942,6.561848315331668,72.48322293647362,86.85889342454625,81.04711788037085,81.02383186107843
8.190314694808885,3.2493847799127638,73.69146439278457,83.93091100729923,77.22990665812031,88.35975990436422
5.815181217977948,3.0191411277387976,76.77271538490207,83.17727881867795,69.23456510277097,88.7592935444921
7.9560513550931855,5.420313388808676,78.8865952955282,81.70603946165446,76.39285319369921,91.64002141689728
7.295337112323798,6.695777165705346,66.42754787922622,79.7941478183945,82.64847418243346,92.30240232288304
7.786472191993388,5.745845536659466,67.40788394619037,84.15224413900978,77.08338199586015,86.83679241004145
9.076151579184737,5.007518208047124,65.26362627720984,85.90577116774443,77.3434446471758,88.14272814586926
6.505534260796555,5.035278907498757,70.17670467628649,85.09080425595236,83.63052018012027,85.86535292674051
5.895516602771012,5.268074002902277,73.53852019734241,84.06890583056845,74.96893654097948,84.52616854721154
5.732582684449372,5.183035730808089,76.03920567962768,82.3736126057703,70.7317035869612,89.84661068370835
5.821027658041474,4.753072281572438,70.9354350865159,87.3463878133919,77.78078129041997,83.98773347019258
6.707477948703075,4.593780993556688,69.76473188837674,81.18517785617094,76.13071284863143,87.16588046788411
7.209382369779973,4.4436661848904295,72.02843836279395,87.88328932429913,73.6721437692584,85.01785634837283
7.132028959196023,3.821431870019991,67.29131407217588,82.19290553943449,77.70556987491668,90.73382778927396
7.7926198988432285,4.247392430819903,81.3297858641349,82.9922072404703,81.10667880095859,95.365291367286
6.815602270253488,2.976338867224153,63.58322706983331,80.70628739002984,78.55262833600413,83.88412446362767
8.54424089258878,4.411494335884725,72.18675477869948,83.79551312996597,80.1656034706998,81.843831613279
6.482411800114453,3.6102680035641743,81.01330985230227,88.52099986712953,87.84837926242865,88.23791852420476
10.064202999907543,3.506769614505806,71.33263925388799,87.05000988302066,76.85131780605641,88.7580818450437
7.550800817318008,4.661904736038131,70.38781263199283,88.53095075848972,80.0195780366878,89.50903943500201
5.77141093230046,5.75280205771014,69.58426197050994,87.0708561469886,76.00301185074441,87.04861409363292
5.5149290023266655,5.326484945402082,70.43411992754044,81.86825654870282,74.28356542857644,87.9576345943459
7.378966898291822,3.0865494567391405,77.88967267844734,84.34147448215182,75.61697096756937,90.05978851900024
6.531844657608978,3.609334677086696,60.683062825618364,82.90336278682412,76.15833128523938,92.5495943027859
7.6568005929105105,5.346694069189394,78.66048176622236,89.65783969292494,80.43332656749034,81.46631954982236
7.367885149488254,3.615761345815521,64.4650056682393,81.5702763314358,90.58028651217386,87.33492407558359
6.712605304811753,4.297830165002678,70.0200688196748,88.25983260604517,74.94817847499321,89.49109253758193
5.783847538317914,4.995046889122097,69.23962678256642,88.25745238434807,76.47521094136114,85.30348841294028
4.982183330376962,3.6284899906227284,74.12505569489946,91.25478464549148,78.27807263313262,95.105327637539
6.264182057519575,4.594837955531364,63.62900311095801,84.08900290358561,80.61857412841971,86.34898344315367
7.827678553188166,3.299377054573616,73.51842879719332,87.67943091065652,79.9441091409694,88.54721705807306
7.056912492956244,3.9587691204439075,81.01668619177688,92.7012858769243,85.14888854913539,90.75728175831648
5.305113465545614,4.787803740728283,64.7567647779545,83.42354663381218,66.22540044027043,86.512246281433
7.007817111021418,3.066305639821498,72.2105896045299,80.48787120789646,66.42665766200207,81.86767972312366
7.262380855674604,4.896427264164359,68.12248554657627,79.38396789149516,76.07102132274824,87.11397825040883
5.7393710765586405,4.482325980965987,73.34425858972656,87.68067849235626,84.1962309564729,92.50893005693005
6.984470127134633,4.997240958975433,71.39190933159561,79.37391933421253,70.61519503881145,87.45348803089499
6.8698504621352,4.701522720658195,68.22086283658732,84.20857903059866,63.26107506756183,85.56819308460179
5.428435642603252,5.72772638697646,73.64178696738115,86.79940219852467,81.51301497171796,92.12498717516007
7.22934483241794,4.612702052383116,79.96087092697637,85.99256171785574,79.84265184088383,87.4761328847147
7.472941431641881,4.113535012987272,70.38366179970896,86.76142356538935,73.03993712532291,86.8124049894942
8.099661491810332,4.610067752729055,74.75483812231127,86.11132753856273,73.57374803632325,89.25298753175424
8.064562462441883,4.988968226132749,65.09228980221842,89.49237060260286,73.65430702986316,91.55177577558952
5.14679675845149,4.543974063293134,66.70910539127355,82.35258758163586,79.16373011911709,97.51234006741042
5.674609952101853,4.536532522083494,73.5675501338258,83.2336155569327,75.40579209146667,91.76077359833246
7.418042320650391,3.86820748097392,78.42375693697262,82.92748977513337,81.11972598677515,92.99140787563688
7.4165431410946505,3.903389174204147,73.00694407417116,88.05661379796035,64.0414040191876,86.82792506374494
7.418057223567257,3.2376552553802758,69.79732145348886,88.2812754828642,74.23005548784822,84.90428800791294
11.423277788785665,6.0746190688682455,71.2965987460321,86.84392102181923,72.85712479935364,88.93062599359075
7.4850686128318005,3.3805230881478434,65.29804287694536,89.18717973404777,77.29266254030028,89.0965286864605
8.162678768216718,3.8763853219836832,74.20167356650576,81.63026922439559,75.85595643170029,84.70950285695099
7.944802116191843,3.8534334609877225,75.53519869915236,90.73511715696364,82.6690032774684,88.05141023935515
7.5816695015669575,5.305431939249997,69.12996640240121,90.27436358947924,69.1173824645337,90.17747512636079
6.4216769064315855,4.234545289537175,69.04379769075439,87.75399039118639,78.83200652928683,90.0334555615669
7.710763064591921,5.622967865406361,72.57621550232983,91.1017565080674,81.4475157583797,90.5658650575218
5.872609742554914,3.8938584381805184,69.20374526700513,80.09880573543113,88.06890192646597,89.77656950150855
6.515817671911989,4.751094746001422,70.98256344979605,83.72176596395951,76.14299354742327,86.8240679607008
6.217563742605075,3.7481876520662185,81.37866458799927,83.04702892581776,80.25473888219783,86.79856768139928
6.898248967263587,6.43063421499605,70.11427663641922,87.7087338360235,69.40029975793193,84.26387982742266
9.57759028000821,3.4311614228734384,69.57996727029813,82.03954963327314,66.40102335800357,95.30366764498486
4.559281768889902,4.7788386392043245,68.19179933295123,87.82398447787996,82.90834931648666,88.74976634909139
7.623512228449416,5.070399192838889,74.87212146319969,89.78571566078949,78.57164250239484,87.86804369355904
4.864740954572418,4.872419187706348,70.4301239685531,87.6246492802688,84.61041471797195,85.2634692986259
6.233681761052679,4.333241107010062,68.18300941605715,86.30800327571681,71.59564526625428,99.56193423861278
8.10674071636084,4.383161370239916,77.64225935491045,82.23880530911761,81.25150091159664,84.72868628077529
6.877136022914555,4.539430324781199,78.11409442166546,82.69007690839884,88.13097098677365,87.11326267525753
5.506706266484833,4.36769819853436,68.41796688445422,89.39878049694934,80.74049860262205,90.23859629425843
5.941635548888038,5.367491205115419,62.34060823346904,87.89391681249707,80.01056567851434,90.92078797325384
7.615517298721611,6.489470701432216,76.13606571121723,85.27513753799187,78.64363601220418,92.24434860429804
5.923560041939436,3.99825739349295,68.01377683635198,84.06268945354915,70.58850456865784,95.38815147874628
7.059750307498369,3.26717731837883,75.0950028759813,78.9174148060436,85.51342197212277,90.57278332520464
6.854686207884576,4.420546156483871,61.84350167498319,81.9732722602098,75.48462603699416,84.79268604012333
6.018079582873019,6.821738403888887,75.58446722383668,91.51654107884713,81.17286460755338,87.74930303704942
9.37273290719039,3.776692888827242,65.48637473945224,81.30254217279212,70.62852503648661,89.83897977830138
7.560702826781613,5.975205124899661,74.80766777151932,86.00633542790746,72.58475571101032,96.35243635357155
4.369828896010871,6.0099307326687965,71.36851072561488,88.62382071422464,85.9189457360334,83.52811972983011
7.023745177723313,4.001770582462805,66.7210907868961,81.38424746239266,76.828758326315,93.14953306933334
6.005856242277934,5.012084771266748,69.34622569795145,85.99107351929948,86.01170492781696,89.36568316732175
7.8229200017554685,5.965556960815684,74.59432859339216,88.4013297200341,78.20102363880156,91.79997298034908
5.848975113880759,4.158785033111261,71.80829337495312,85.43999783010321,69.20632135791492,88.32261954844705
6.662316270239721,4.316777675907875,74.10518230626792,94.57888977813366,83.14954475863176,85.58299926853259
7.405984734776548,3.9764871774462205,80.78691480567433,80.06048237158979,75.59154917944639,91.47822928378493
7.8389062330041455,3.58671894237642,63.79164026378695,88.78793129562843,82.16331294893692,91.1213948002908
5.359644311533068,3.9156502094405936,79.06262035984939,84.84703444033131,78.72857542445442,92.29661077323698
6.3985985169908615,3.398453759913969,71.80090850011142,87.87014449547736,70.73009703749136,88.65077284909906
6.230065626606852,4.530675121433304,66.98583656804898,86.8121828854376,79.4379033033899,86.48065851371656
6.016004920911546,3.8070240920472225,64.91449459645284,83.05390016924801,89.80073802497927,82.93248811841178
8.918545088337316,4.710407320611673,70.39222212427023,86.1327884558699,81.11423093842373,91.7316810921158
7.285978053153147,3.0996939184167354,75.7239205372374,79.45471535552548,78.30665945967213,90.26839108504275
5.286939254797946,4.797792208993012,70.68776422218784,87.33039200182847,84.08425134998018,85.12660425840335
7.901434336465731,5.2501760654480325,78.55354366518726,86.35410709116968,79.67440917253586,86.7072774088025
9.34658743641516,2.70563792168569,64.33435668775252,87.44371253965794,79.66862457434024,86.97299239577967
8.038958312661375,4.836650912862815,71.24197305033894,88.78597864027888,73.03271162198857,83.21295760166505
4.976756040855184,5.604902093225963,65.28851146681703,86.57638348867108,79.79262493152694,85.674575132561
6.218919112560498,3.411323083177915,73.04543303659985,85.87388614335448,83.88076142372641,84.50482767981649
8.320293379023948,6.005315148153933,75.55705947246705,82.58058132268387,74.33608302428986,87.17382765601464
5.950796641257463,4.877117108429441,69.28034339033094,83.12089355632304,85.86492868835943,85.96681925618061
7.332583313775474,3.865489329817432,58.79977348818976,89.19755078456747,78.13229927685985,82.68008179279303
7.729560864115204,4.449807830108065,72.25495110462317,89.99627329825914,74.07237549115344,96.18358385310708
5.6876834341063,5.00249422126955,73.39634504832084,84.63804660380143,83.68792359229325,93.33440070480816
6.728569572725839,4.56840485227117,73.24061482381614,85.54720879121048,77.13734939773482,85.81762814037606
2.910479191917113,4.984880393201732,77.23175452074634,82.50523400001995,82.47352592617915,89.70795916761836
5.570734830398852,3.6713937662285705,66.15894233768456,89.15282190485583,77.11203097548146,90.2446208323388
6.496918218328208,4.65242474163247,74.56503730616215,87.5293338358137,78.29488666799749,93.10701766266186
5.302660181642181,3.2276569527855177,77.02403605989427,91.611895796684,81.11715704210488,85.67116140135771
8.758893564717962,4.39989654478617,62.762779596768716,82.58936615302484,80.08357499370902,92.74079510073499
5.0838303464472405,3.686483122681689,72.83432876441108,84.19037472314172,68.42278791969613,86.67275037443434
6.2719466159636195,3.83802305166921,68.87993681116318,86.14062695208183,72.8816569255186,83.75730910457614
6.956888692743309,5.612483857689393,70.9086911691121,87.46876652072247,83.33999092243316,91.37930526946364
8.529527946879337,5.482179108534842,72.96884712098401,84.70986355984758,77.9261033966021,93.47580616925299
5.076965418584672,5.04822430881646,68.96130289225495,82.60652451054817,75.92897035586574,98.27526320206354
8.195796502585951,3.516918511794679,68.05660122002426,88.22050409255543,71.67127252218688,84.26101651916622
6.812279673223505,4.215232395274678,71.46393160394251,87.70763316014586,73.09334476149317,91.28600283479892
5.622189618742459,5.591787929981265,66.08121949345855,82.46792287819609,68.28882693619406,87.18373539796393
7.354524169115924,4.627545222275915,66.08803938135111,89.7374169635376,78.08346833462218,91.59842722893892
7.038871634688164,6.587396585983525,74.56099175819121,89.14463586942914,75.54796833903666,83.25918866044438
6.079739747409446,4.853986055454935,65.78578863123845,85.82974879119294,73.6704017559749,84.02775182991532
6.883762501988023,4.672844204841028,74.49830000436421,85.65471315960332,78.25257053164343,85.829263154284
6.337623683765887,4.221795182217749,73.52043820569897,87.1729848675709,80.45625021734895,88.99216696897192
6.936220814301498,4.620186814304054,63.01612770180513,82.64255017517998,89.27530945427071,86.32799931380809
7.594556809425256,4.3627771472575105,68.04768966878885,85.49610073332506,70.8893945602276,91.13850107247966
8.703220179374423,5.137297809019731,77.03172513462738,78.51237265725062,84.51284332083266,92.49951008755428
5.314621401407781,5.361032085115125,66.59040545052953,88.2046580656094,83.56281796117686,90.91843690260782
9.359640049587519,3.7926094855428456,69.07085954091494,80.40322168818605,74.62662702917882,94.68951426674522
4.457494640572998,3.301890341798,73.5178922876091,90.2109434509728,79.63650336838876,90.23855852898477
6.617857885957299,2.847415164207033,75.06027444455646,84.34361569930736,76.26607042837816,84.19748217174138
7.505980647781492,4.957192194221289,70.09261334698641,84.72266565782024,79.54701176013556,93.74449310009186
7.137190241282039,3.5069700544435136,68.43195106548012,83.39125150052959,86.2965681683632,86.46092192825782
6.052760576215287,2.5623984663427652,78.12737533615284,84.47827560344936,81.68859178641969,92.06854844883661
6.55025329957127,4.849720744077867,79.64671838622837,89.93930030447372,81.19390270349055,94.5228166012539
6.2083988784094,6.743699565689512,75.99851864375262,77.43901229908775,76.40542246823132,90.38974563970248
6.092762291666946,4.494536179614096,71.70952708431211,89.4862892354822,71.03131100888588,83.1642123912908
7.819522516425229,5.254641697006478,67.42032453612354,86.48167513952548,77.53681212624392,85.30261498391377
7.2284185831580565,4.573646422692809,67.31386684852848,81.53753072685691,84.75370158980596,93.594154527475
5.968508485687215,4.410999312127972,73.80806770527563,81.95900034224245,70.81144393139279,88.07424606312158
7.879519850519901,5.327168834688992,73.30831146026568,90.76445768706625,73.21904422229885,88.99442207928601
7.168759425051931,4.238752910230214,78.02767324614285,82.37437798418327,79.24396545479374,91.50765033980535
7.775434542606752,4.740653082664712,74.42216044417347,81.70927836609293,73.57826059727896,91.2763945896972
7.555554610308334,4.789528025576412,64.08521455155287,89.03940653556714,74.55813041971241,89.73155930582621
5.8052059868935135,3.898718591721256,76.34934856507,86.48336920411494,76.43964723318629,87.92792702648428
6.127782751763636,5.3928381145828705,66.50930898889081,82.39863815508353,71.63535123863024,87.54312675079028
7.696752326147914,4.342536218974132,69.45693789462871,86.09319992129478,73.63197858429652,91.87422565357797
7.532444318520158,3.81982935645644,72.50096099000812,82.11759141235112,82.18748237561528,90.74820726495084
6.774918087243022,4.982858859213363,80.87920395096303,88.92262847495235,71.93241411062208,87.74798999771419
6.940792859970538,3.6913788163880663,86.22760906882573,88.79638708759403,70.45085211407633,92.70381555807462
8.33319787494611,4.5253630416322155,74.21227068385367,87.10241983623023,75.38687260437713,88.2225737740198
6.090114333397004,4.491792903020217,70.42065623014213,86.55731539599046,82.3329730628002,85.54884995496275
7.456516857404045,5.47730600924842,73.86562711270663,91.0358019995756,77.59569877921585,85.89180841405762
6.557368817079327,4.927228409591957,75.56074604419442,85.39899624764233,76.23063650161033,85.07865890565387
6.538782556127336,4.47747573712937,69.76079539732548,81.61800279865344,78.82622986732959,87.69208293856636
8.118532222384628,5.235989669280259,79.91701450837914,86.83831652106339,69.69689209241577,93.26477982984392
7.790499618785636,5.751186794115582,72.40433964411872,92.07535055851876,81.12299883425266,85.72114783018712
7.776211563200766,5.002029275716676,73.68916682763869,82.15276962180528,80.55551866015858,89.39736031576699
8.366574568585195,4.509317357859042,74.49643640986142,84.24331914657925,76.51252678211182,86.27024942117858
6.825204609959311,3.3193473908848565,73.32361573094938,86.73262732192465,83.73021501016171,87.73685654729569
7.618343565553957,3.541397703232165,75.32691440225413,85.22750448318165,72.84976989533949,83.11284751565456
6.427679892087853,4.225297766080799,68.33718470457477,82.2566285427926,84.35233586559319,87.88400855212082
7.18899962298613,3.951439018056645,68.62015158105905,88.98994513993752,79.38791769453577,87.98329009472164
6.643828334758778,4.3317258273130985,66.01925968173586,92.82413031045523,76.88358179162131,90.69906539293207
6.9163951579912615,4.550984932407396,73.40960590697708,86.02762066887651,78.4986444596216,89.52613937904488
7.514188430524296,4.976723478921057,75.03889521685815,82.5069814728448,78.05294969436419,84.26594913767744
5.818135180119833,4.436551099746818,73.49730975752905,80.44332631982888,84.82344277173036,92.71153350296112
9.310864730822551,4.937851479443582,79.33756368006817,86.22552313990778,73.10893644989783,89.47812124882138
5.592779142200357,4.558026973329108,71.27313910962057,88.93240749861204,74.71115188035235,89.4340560135567
5.342973664654721,2.7220800902815157,74.50995994684406,86.92053678878523,83.88514474956963,88.66602529247498
8.18973304820008,3.654598145563121,66.0598357945313,85.39230770905968,75.56277183056231,86.78429744527779
7.749995232755523,4.3703211998505465,69.44192142812287,83.51433071427422,83.19271869439112,89.5058686570703
7.548943780462586,3.411274731443003,74.63858123631573,81.90507637530212,87.26712351334442,90.45967721293576
7.554014611117136,5.039935856996584,75.37569013156708,88.07120424423962,76.55084536259767,82.23648594202145
6.785303872583702,5.877675749109327,69.88895865121192,88.32406918843388,82.07494786553406,86.70658490181945
5.723294754217002,5.5968856665275855,70.95632359108127,80.45366468258966,72.71616936516672,87.75669620950673
6.890965469832471,4.307901416162813,64.01420601593212,90.4874847301782,82.44913982014582,89.64783124106883
5.987405946185466,5.841653523164957,69.58625983612828,87.23702790686082,79.61706232853251,93.11525072193037
7.970143680101302,4.6338007114819,75.57383918489496,89.87870286446655,81.01249523901708,85.84455898599191
6.623531142197433,4.196622625993765,74.06098407731152,81.10519120484764,75.30758243261948,86.85754116677398
5.809403363848986,3.947937602813154,73.70319546262981,81.0293627026706,70.12847458060742,86.80362379060777
6.414336990016408,4.227777282160685,71.5389136984686,84.92329820874465,81.16658553022246,85.7343479166132
7.295517745130749,4.150640863312894,71.33390316141525,87.00891016606462,68.07664392235478,87.41540996808463
6.12353053663523,4.653374600137939,68.13045853052745,91.1483546333663,76.98151248956307,91.55196821395549
5.813335525320282,4.6445165829448785,74.65437641697217,87.65945252420843,83.40002751874184,84.80080866715193
7.092424653790294,4.502741418138073,73.32067013306907,84.6234199142015,79.57867845295247,90.28291326206575
7.0939598853304675,4.893244352771715,73.66169047036543,82.11561853546915,88.53654748842804,82.40296174893216
6.191668189554644,5.571581647307707,68.77503275519561,89.33600183270129,83.82805667816704,86.62304941316384
6.234754033258012,5.354598721897191,60.96395398461802,82.31294263759771,75.26511821953956,87.48088958919345
7.078459924829163,3.163591828395087,76.56633301641773,90.61109937527144,78.73929823724234,94.89698078978205
5.062298790203211,2.2014709785882407,69.00158021115966,84.48996912125918,78.35840941702337,87.68323147241506
5.111043470748133,5.340887920115346,67.15867633259302,90.48986263237713,70.53089850693475,80.5553991482316
5.937866934497077,3.269809171426121,74.62869877718717,87.5725801281897,73.8039655259298,81.30411104461338
6.543863417945783,4.2977111382965845,69.41833932838817,84.96161443378413,75.74011937440271,88.82590946948272
7.173089078717605,3.4468982765465763,76.38769464342379,83.7379316101564,68.21527543543472,90.97095216642266
8.570427460339463,2.8782176061779823,74.26162855796815,84.30909479249254,78.84221668808337,90.08918667322084
7.829191547842423,4.98731645538431,74.58113275136229,86.77061341560076,77.32973359226949,89.32000939146367
6.608073764043887,5.1832396442723825,64.74341258623744,85.6469007878967,70.06824110331097,93.00036051077097
6.777180550516773,3.9811406393459525,77.11733112985472,83.49980349418016,80.66148561291439,86.70351248327262
5.596964762434629,2.168061937069581,72.5540025499225,84.86997948698358,82.2509509979239,92.01116905729926
6.777784236809132,4.008379996572765,69.52746973161823,85.65144649510128,79.75787584221092,82.66154492540225
6.453609633295834,4.852623604862292,71.9882646432428,78.5880508978726,76.94725230643425,85.35169301812915
7.187262272405707,3.168979588103284,62.77407088208806,86.86613796732384,81.61635497393445,82.01394683875228
5.807322867737212,4.66502392780124,73.26153349510722,82.26489208090622,82.06912383843112,87.68307238752178
7.423215817089407,4.486221135744304,66.35901676072605,81.70933630974162,80.16775820557041,88.52883349611453
8.639286695603094,5.021362349640979,64.80718262795104,80.00049808924574,74.39447752278271,89.12217552123812
6.669487821851771,4.607622331572738,63.99267590615412,79.65954400682276,80.01066390410702,88.9289684056824
7.28205406651873,3.6242379532066,76.64090419995163,81.06256799004068,84.69695131920993,85.26805267599661
7.628172790053335,5.576914351498042,68.27953571027462,83.13113293558244,75.55719180108017,87.9961088756711
6.318535433736996,4.357323384275727,78.66189300759919,91.65042924008503,89.29949062957539,83.15944732615873
7.0689109781725,4.475425914441061,68.72815297734897,83.71718503713535,75.91928223667453,93.74394720798932
6.815110880938153,3.6600588368341236,63.10468180355385,85.96880034005771,78.76527576803468,87.5765835302774
6.917211318258598,4.101045973927641,65.94068268824644,86.68154043682026,75.17032346036768,86.89112135953835
5.87238825937344,3.703677557375789,77.2318957760333,85.81940859589072,79.73868126319333,94.57907921524311
6.829412209110731,4.344348546068919,70.55168874590399,85.15218092567683,69.71466936756009,84.10368782586785
7.397597949494539,6.0405376321281095,68.6682209768451,81.57505995648242,75.81518682603472,84.53532767808171
8.54137232935405,3.2652889713617794,72.06808748409338,90.04296815449348,73.03018187822231,84.6439847979863
7.9511249913022475,3.0477947419109332,73.70855713360422,91.18302925964124,79.29022557425068,88.44887588771192
9.383818949013868,5.824053294744248,76.66351431633181,80.0154921788074,83.67168161509542,90.29703702965911
5.879182924534341,4.311608690563321,78.25279630348604,82.12310850916359,81.8946315542842,91.43679923203598
7.846784764064814,3.897834535206075,69.57311050021238,84.50460690439358,66.50453725961964,98.21638267473139
7.020010406886022,5.435914218656469,64.93497110680622,82.31347905628739,89.01455522993218,80.37709991945718
9.427763519861207,3.954946014236822,69.31536722660827,87.01908977105877,80.10592769716642,90.95232167976035
5.830042057573818,6.143408742192243,72.54934643159785,83.06952895229884,74.6398543834857,86.63861688148275
5.792333789383068,5.110133284205342,66.67395715418907,92.32817941698113,79.40135238685379,86.53026394911154
6.080728825467173,4.060879732668868,66.7056756085038,89.20975550189951,79.49856809476373,86.40684312546065
4.251325130828231,6.441577391938953,72.95018183143945,86.08023689802309,75.19907154354702,85.3375522180105
6.169093973983086,3.9548565692969957,71.06646871246183,88.68635604262315,79.60937500344458,94.93274188803278
5.889040806135562,5.167885834808376,71.45742557797561,88.93888135794339,75.50189133313643,91.81650010995145
6.980472543771449,4.769363322365843,67.65922239343966,83.59536803821362,76.53775383728087,88.7858251206623
7.2101071709325915,5.671567160458919,70.19407657181232,82.78810481746572,75.09997640764907,93.6987582842019
9.051405007059063,5.905360077054167,66.86368090751213,85.65005780150288,71.29337642232777,83.10364282839416
7.94050860582326,4.52880373415919,75.57295237339898,88.15723559839343,79.34376599809845,83.77639101407557
6.107715613205116,3.821923916688435,76.269196806674,85.84499327569094,81.58502712623331,80.64151939087967
5.721902394381971,4.913974928645205,62.438298261257145,80.35361125698881,81.22590633998949,86.11216620154384
7.390303005807807,3.890056167223104,66.83834787107642,82.83096177935731,82.78161878843969,89.29828454880759
5.215720151575229,6.312048522773961,64.11665957556762,85.163286836498,80.25413507107582,89.08057673834963
8.997750519025224,4.622881797974464,68.17988511484688,85.15787006615734,75.88309995909378,89.25256507092156
8.215328144865545,4.171210603819103,70.89949774500627,91.71213496572739,82.88228570859906,83.4790897250555
6.236989217474354,4.666212275278418,64.34170294544705,80.96483858432322,71.67666054680613,91.67167254767189
4.7442385650909475,3.287586339423273,66.87507289699849,87.0178855738748,74.00657594918634,89.5866218174843
8.424646848998496,3.6255473653404136,66.48100461400881,90.16516194665053,73.68257963574145,91.4123008414242
6.662552185696859,5.580372517149983,72.29488318111493,92.66863918535296,84.10828590161047,81.6967799429168
8.285379574368154,3.9087951489257438,71.632852817774,84.10592824581133,83.40822142211438,89.85251617755182
4.8866868094467595,3.5577801155862545,67.83565974398118,86.97257424870465,81.08525670892946,84.30526861230516
6.0807499724554726,4.982987477274557,72.14874018626911,87.22323314303567,84.06684231258016,87.22990396555997
6.80629243966182,5.567133739196697,68.67593559398112,86.02554154097054,74.11565780969886,90.67715012495462
6.85637671251769,5.14705797959856,69.99605547043494,85.08369535603423,80.37783511129099,89.03704634314688
6.259921434224907,5.396442917225235,79.33257003343297,86.79512124640016,77.96161041524586,85.54930207481652
7.547419918816998,3.8188844202874854,77.73421304859367,77.296812527297,82.91909872981306,88.72321067788235
5.518855484740887,3.2203703999323405,65.06201006274753,87.58262236820043,78.01235641398378,83.03331933359853
6.629144617974448,5.851200286759938,75.28271560582003,85.8037692917183,76.63679126910858,92.9559893648237
6.944354758054279,4.209588145042078,75.19470346155964,84.68808033030956,81.35863344466104,87.94044912786387
7.417326600870498,4.274250285190457,65.78833621398744,91.9499590263026,83.06846275267529,92.8386347937447
7.653937853706667,5.695374727664152,75.23013269002332,83.24021113987024,75.19143950628131,86.75183275774464
5.450429489794557,5.000607008460594,78.68207320838025,84.11015683499191,78.28851407610287,86.76276884289564
4.959062995117253,4.910298994873447,65.91178493002681,91.77297056705515,73.20195276842756,85.87250888943997
8.33321218627821,6.448502110410976,66.89598645913154,82.73740382448047,65.859888810786,91.94184354726438
7.19877681437551,3.9208335926578712,76.1847750408488,83.63963109460308,79.62234412021002,86.07510471788464
5.901816156132136,5.3350561152731135,72.60317749196311,84.92951864502129,81.70541731689862,91.08500309993616
8.661382370627027,4.551311812407376,73.94708612114971,88.09035034281456,79.9365407263423,87.28492612862362
6.93880956115143,4.741733050976931,72.93482823872237,86.06496802353061,68.65723523945272,81.388935790401
8.215156620876591,5.875621583771279,73.17534042045509,81.26359888911277,76.81066790660998,86.58983794919008
6.881022177692131,4.9570521806606616,64.9329337841068,83.697060597993,67.28642642373948,84.33729960685747
9.272897509858385,4.984466471144669,76.32712499178295,83.45646581372092,85.58547564903634,88.82544007762465
8.906409010931846,5.465256603578822,76.91403196365331,85.15289265528627,73.06112163119775,84.29549137800439
6.501243021825112,4.1715425434114035,70.19892442847346,86.76269970761545,85.00255840824546,92.12610787264408
7.965885141145226,3.7447112993948943,71.09131064089345,86.73825841884151,83.42393518278914,88.36301931669381
7.574451139502177,3.5596717253810697,63.95068398773253,79.71676238704512,74.00698920206608,88.04289481939267
8.442357869038819,2.7302790695615986,73.7684228288856,88.80461116019474,72.8227967485345,91.12680090981407
5.642091847303875,6.35058641694629,74.04587572022788,86.2082203071892,80.38688810357031,92.2664556560807
7.623261751998127,3.507112470850485,71.0014831184033,89.8305025523005,74.29394741036633,88.6256346184523
8.070109384219505,4.3008717387728055,76.69689612737841,86.82143464733015,79.12267167500686,85.84655889166763
4.689512616292262,4.250868030099971,69.69642929129628,88.92423346475445,76.13757928688472,82.13631242038512
5.38008978480107,4.776666028028191,74.01010844428927,86.89294499664041,69.51609208622526,86.16161589896984
4.352921386687879,5.234163491285367,66.40561117427784,89.7079224198488,67.22461310246526,86.41631468740255
6.47671179866653,5.27442613952377,71.18694967580366,87.0712020352569,79.75608966732244,89.0961125760715
7.661050706955154,3.9752303052879556,70.46309956206639,85.08667121138271,75.7360554937138,87.4229565397893
8.602828462515234,4.34959045759223,72.38147802579651,92.67179110543003,75.77924193373792,91.24535199659029
6.88891373650373,4.75432195543947,69.52627074159987,88.24491879129566,82.1489055793783,86.43196189629845
8.75433865468555,4.276177986434807,70.66893154077599,87.23598214721413,84.58455561082546,88.48894768264412
5.14387825014213,5.946611018417993,75.26502642291922,81.31582586707734,77.21002192105476,93.08075353982849
4.7559410727738145,4.941877456474426,69.20353166125655,81.27741562411668,76.8629465947597,89.96475329163339
6.7333427613240575,5.161390007444836,63.58842991645434,86.33668954285393,81.1507294688808,88.47786109575232
7.260878538727169,5.096593141800671,79.69800274018601,85.86566783285838,71.67962859453216,86.47280556483985
6.760766302287088,5.556126471736793,77.93097957771434,83.4348077919734,79.73808057921325,86.35704383215459
4.319069479952148,4.662919402833336,65.09713906349303,85.8511446387586,81.41461845629298,85.5527309640778
6.693055952584654,3.3328512468397378,74.61059746517694,90.48360616973952,82.0691740629299,86.69827459660327
5.234636599394176,4.859719156577378,68.88572110135355,87.62528791856096,68.72256121723743,91.49596360335397
7.603607058596046,3.913778795587354,72.56473863358909,81.74877276879124,74.71708812397439,87.87901339621861
7.239917895316218,4.024244986425219,72.71227581926476,85.04317175314259,74.12085741060031,83.70583964328945
5.672144256407174,5.027727616879584,70.17484255848166,82.8241072612718,79.10942346748698,95.2422263843212
6.183359699195968,5.614454764290272,67.5379248051853,84.15936026749262,81.0517973568167,89.8838712072371
5.528943773733258,4.519144419062456,67.98540294888195,84.07642986998515,86.2332230779745,83.49430941810128
6.724785083272193,4.777949711339067,66.90227880569003,83.87153413566719,76.07567605012282,87.06515896920895
7.9461707846014855,6.031993450171714,67.30725340049386,81.38356680968514,76.06238025862301,89.11027961646515
5.617128744397347,4.716677861539711,70.97754420776309,84.9915050191418,84.4633272962816,95.0069907452003
7.404855818621413,6.841514802762355,67.86435205226839,83.60605556208861,80.11254238650454,84.59998390444218
6.163690857953071,5.00895868106839,74.57384991542057,76.02576419199275,85.06502270705866,92.31135066161701
5.848552601285187,2.915313516759764,78.43878154561244,91.96951047840533,80.07251281535017,93.87809977979768
6.67156356805453,5.178007458994079,68.51574444142379,88.88406289349335,72.69870524456232,86.3739790712241
5.557709213096751,4.8430425463945,72.44914160256981,84.19583768024002,71.80104539063318,87.67319961021714
6.135620833583381,5.660777478674471,73.69848852945408,85.46022095916992,70.68728752979946,84.86565578471705
5.362546528893382,5.1058632161429625,73.56561090041251,81.6507060885838,81.97646435726821,87.94719377800287
9.157670159499666,4.375389614414604,71.66458528599722,90.82631320899478,84.66184379774373,88.56461709493115
6.842316262366074,3.398131587339571,74.86487560812667,91.47132382327396,88.03174692107054,91.14070499290477
5.960329390408897,4.311879068442577,73.61479497286714,85.90141993038888,82.89983719484852,92.73367884277566
7.056775892881066,3.73453159121163,65.35922037282897,88.67529806139311,84.53047674542842,85.93204456089991
6.665206340371004,3.9775288951757495,75.4719491090685,85.96091769258857,75.64191670346621,81.42089726236382
6.534836480560132,5.0297205639785485,75.55899601888036,81.12247859559703,72.70227933460633,88.62139431667791
7.53700004005211,6.002914053916266,67.63622669994281,84.08216521931631,82.93540459532952,89.78608886088398
7.709009252056766,4.855204376840683,71.48210161014849,85.82216949367027,80.73017183642094,89.62284544443466
6.1633986228673665,3.423705244168334,74.57997916549313,83.94544730002099,79.14796630913855,87.49130898421654
6.1090181112263835,4.900142401398127,70.29529366601906,84.7003095122079,80.57559455122825,89.16158276875656
6.469937963418027,5.576968337981086,76.45029462927685,85.10752141597084,80.24824596053685,94.30714579090332
4.037694602317298,3.951195386112556,82.64658797417293,85.14118880683053,85.14746598525316,90.11241642516129
4.981770725361737,4.379384549994374,67.52726704335208,85.56722716959194,85.20442648256648,87.31853682748859
8.44024912093343,4.513219375256277,64.67098590486188,82.00606378753088,81.37552379693577,86.84926807674482
8.77396125620154,3.793591518225984,72.7583292589034,83.10554832279061,82.91359465007093,88.0715462765924
6.501156752532346,5.083452390459473,74.76350002460549,81.2893303497601,81.22171901736635,94.75593785877336
7.491868355666919,4.391146666252997,70.1918414055451,88.52900975899584,76.24803436662344,88.02178737475307
7.1735001854522435,4.877579199516325,78.27565118394097,78.66192978611096,82.458479842057,88.62676092527339
10.494656970146284,3.7012570399781097,64.8746921613284,89.09148909861416,71.48807514881776,86.91543978753568
8.143489893721492,4.106287529708931,74.62600939055173,89.83631807124111,83.974846916709,92.76623842253527
6.64649889022308,5.150143222044994,68.39186806035731,84.43302212165561,72.50793300719322,95.9513978425553
5.653351471279489,4.16445016311741,79.55301394979502,77.06996131895265,80.05759676265313,90.36726828289613
4.872264415690913,6.054267466110065,80.86407369520697,84.24380620170467,74.28971481202659,89.00625974400607
7.044156363040668,4.140327432946858,67.62004837863992,85.19461068387578,81.42228381367957,88.83609648274467
5.8923791056588355,4.702216253176697,68.66212574763881,82.16608569622748,78.42698134776766,79.87806488149275
5.093295548482791,5.3393317486857805,75.42602185750304,83.75130113981363,70.466744613367,91.45705819785383
6.024112538908968,3.2234708403602714,69.44177288101032,90.29662463636274,80.74556811819424,89.19641573918463
5.502142395662726,2.915272069217302,71.08202615392526,87.52776691936558,75.65260403815317,90.28486558744468
8.824569962087077,3.1269093168869144,71.42186441860356,82.44139483399009,83.09384827614818,86.0675898818903
7.85796770833934,5.636325693084464,62.08556885025125,80.28768265729462,78.60676101254548,87.27750954778476
6.790432830420059,4.003327668696798,71.23357881874766,84.35354458364874,80.61664702547898,87.17920773493826
8.57593296666803,6.802379357101428,67.98930668449196,84.7169383060786,73.71639832942242,92.48000504107024
6.892841969177142,3.99217716120835,68.93301045248108,86.98783739956262,75.59440561972045,87.29858860456855
5.7664589584060835,4.666096172877333,78.22943361665031,83.6869865197835,76.26094295588446,96.40584319180626
8.627748892723588,5.887898957311088,65.26876690745956,87.03679864115796,82.96918264923703,90.29419095035564
7.44669205242159,6.30548359934321,75.20338489639029,91.59249292819274,87.154623147808,83.97997415801579
5.555304614808252,6.355353218972758,69.96097793440731,88.00960327182165,74.49362406611132,88.22437871496776
6.57159358629967,5.587529607533828,69.95715119121999,85.24611677654153,84.09192553775416,86.28880204802127
5.749258095938291,5.421656273230316,75.09378510104821,84.81391849262947,67.53464516959892,80.58078486166592
5.140640322842796,5.033274254281065,72.93224621393067,84.25864597062441,72.50963405442931,94.61804247842102
7.9114130570379695,5.200524968549974,74.03894238665374,89.17805091984687,73.71022987344745,91.30162740621402
9.091299968564156,4.00393285530432,75.94728637055773,83.39259697295584,71.70220568385231,90.67286707622746
5.12171891141703,3.7636210049199237,69.70971976072005,85.54471266879995,70.52369921208333,89.31199354310891
7.475563084028685,4.496962988330143,68.36126367436279,85.56383328601947,80.70629445190276,83.58653499583798
6.019228917053807,4.346833839727564,66.09127747252256,83.7942905830031,77.5082547415879,86.91061658364488
6.215449539482364,4.092094755605452,67.33802945610101,81.00811024677088,80.53496752778605,91.81458886670084
6.089127290913357,5.126748702711044,85.45565324148188,86.43351841157654,82.12141069921971,84.81048588980474
5.763211076384221,5.359774687713459,77.27446198753657,85.20478729006278,79.95464666517991,79.332453529872
6.858225953533792,4.579566197662663,64.81484304220149,87.00076950219703,81.9545921983669,87.85970777121058
5.8028598603067545,5.829777072949736,64.95220180763086,83.69247901939467,78.24538534016442,88.17549705009812
7.124548190935807,3.4724797972798456,73.61295709624875,89.30662815620175,72.5463337196407,89.20158464073442
6.739714268661036,4.3257064866482535,73.92687102741424,82.5943239001221,83.99485232218605,91.39551898100379
6.513262343760308,3.8548599114574755,73.93464240952335,90.87852890885726,75.59552812281625,91.05914150525547
5.710923605550082,2.8201170446342463,70.07621219094224,79.80756316854956,73.82845887631163,89.65744827940252
6.107874403318,4.425587382741571,70.69781955198607,86.79126420658206,77.69261883339756,93.12346613592082
7.706469470990907,4.390427242455045,72.87382171596491,86.9213781840852,73.94466431158777,83.07981181099073
7.401100625149256,5.862104768917918,71.71228643020798,82.85421738258918,76.4711050518539,90.56695271356635
5.626933706241738,5.067730516099299,60.64735821081183,86.75806060115525,80.35467499997367,91.0181919443467
6.919198766515071,3.578231858103716,70.19696177323907,89.49445974323251,80.37654287015525,84.11361954150311
7.701664548046146,6.16868330970077,67.2132491155505,78.306179714067,74.02106666122928,83.13937874787516
4.796713662654353,5.598930325972818,72.14101481076085,87.00878338397061,76.1127025979614,85.94001413204028
7.452032230855922,5.023887933121754,85.62924321249636,77.42153337494376,84.07909832432824,86.25229666269342
6.004851489264984,4.2961643110351515,73.06391199427665,82.30987262872574,81.13164060044309,91.487652014959
7.484718402311791,3.636504686948868,69.79505750637249,90.61333236768303,89.18283170067755,86.42620650034296
5.88408901214898,4.165013901536052,75.72464720949081,83.53829749314544,84.61865368608179,85.53151048235955
4.634141479202578,5.479873757733768,73.61690185860422,81.6435841138913,84.43589464965568,86.43695517423014
4.846949074540205,6.196127675341148,73.31645355416883,84.76659926724902,71.52187039267541,92.83893963637058
6.857701935993658,5.88891917544497,74.21288284743522,92.01730028212337,82.49568779333045,88.74826048519472
7.111667002065778,4.060035520392353,81.17140911118179,79.53861680894072,78.32915531134574,88.03677120617942
5.714820049874709,3.49234431003989,65.8717355104356,82.0358082827541,75.78999280195492,88.29297965480612
7.5663109505328485,4.626797622220083,73.57343396869499,90.19178138617481,79.4568782367159,93.48062323700813
4.806175925277248,2.9084045709934334,66.85337057608861,91.34464749932076,83.42057882651856,85.928064611568
6.72070424162322,4.790850942766303,73.96646070244279,85.0690200822711,81.15424111412148,93.5673806764784
5.346780560285052,4.3671576723311984,66.89030474486674,81.43503135191474,74.11978361315549,89.47883630600957
6.017796670637409,4.080567148318582,69.2966392946956,92.10669920578931,82.38654045932236,88.10644828669122
6.856878405579697,3.064767239459884,69.88356841165805,90.50221565359743,75.34830353541258,97.95333184235685
5.767503961659257,4.962240095912745,75.9839202528546,87.57263036083916,79.70508390671786,84.79413388774519
6.338533346924209,4.02056924430428,75.70858133092358,82.80031248340026,77.05291465586662,87.39136268960208
8.007551371057328,3.4470748478607405,65.32055659305735,85.24310610931829,77.4837821161483,84.1400044150932
6.107729756572222,1.9149640080465153,71.56368373279928,84.88684774065655,82.5078391727066,92.22410929098383
7.80283053447817,4.475236585454427,67.89401669720397,86.45872417476986,73.29501202893891,94.94999905451121
5.444351774410858,6.09502643700277,65.2591764287584,90.04320460202028,88.52049487881236,94.87871429119717
7.435765013498339,5.995133293093083,70.25831815796302,88.2141345316397,69.31246104659806,93.22861038664021
8.529882344789481,4.088613369072355,69.81928261541206,81.95239655364878,75.55189481540022,87.96880426915493
3.834026599847253,3.9580091456743975,82.9482391344585,89.80478864006253,80.48808063870287,87.34860838328757
5.843725693435427,4.921896830467522,73.37820716173134,86.40202284804211,81.58000224882008,82.51667184177197
7.492486552616648,3.601453104730538,64.68743599637966,87.59861054674853,78.08757382508429,96.23273208017264
6.556345536748409,4.77161270983752,68.58908477997947,90.09293074969153,78.30730741469213,90.43521888914934
7.24537504804557,5.189472250546221,76.20263981806112,81.84294320155664,80.69380543517084,86.87975945198292
6.075217775941015,5.604239901495877,81.32452530977564,85.28535814813932,77.42154566496582,93.61381048925179
6.90390774496748,4.409861331168043,63.6872801012578,83.69934543565051,85.70522441546801,85.100771287988
6.613187317529505,4.316693624840731,62.27636295133258,80.38284983883055,82.88068048258117,90.2045015266239
8.201338473991768,3.709815671919095,80.28063284178455,86.50947192833576,83.05140419012874,88.06127220312392
7.105305011961455,3.755807681364126,73.17014805138034,93.43698096507016,73.67260071081087,91.06310541755711
7.205123194490242,4.296168997288626,67.13219488699343,79.51175121758159,78.19511903553091,88.46477790501136
6.305747640653039,4.83062895613456,73.86621961338768,85.2967020446417,77.06762366152441,83.33156680288847
6.2148725311130075,5.322226163609924,58.64841085271898,87.44973739223929,73.47143298398372,88.97963257887915
6.280930174616454,3.7771389443876897,71.31620243166637,85.79385024529978,80.43683733812341,92.58079732493884
7.273342570853956,5.84341971206357,72.87354162964681,85.03799023194964,75.85800663532294,88.59189929834025
6.294818623015685,4.2559887590616885,75.73649666978159,81.24250763697337,81.9425595322362,91.56792594987962
7.147729828275695,4.480769435086407,66.43329942899581,86.14491757740853,73.1420230292389,84.831540903006
9.290480958374527,3.827509488766959,71.71129837473612,82.97835527354904,87.36710712549328,88.60283506490156
7.845349644118031,2.3181837657543527,66.85796179491398,78.39225054406863,74.02870344118048,86.38931131617227
6.40877176139859,5.295640856724945,72.52584202723672,89.22269510564395,79.71844191972222,91.46382910838743
8.241456706596734,5.16315950738319,67.00233765265749,88.46683462349455,82.63848248297914,88.81651878036939
6.310309552374138,4.2468051985936075,69.34111597203093,85.56531512592346,75.68973380597942,91.25327260244546
4.354250557786575,4.560291645502384,66.5200861050069,86.13303900225826,82.94759008150804,92.72452857678411
5.590296426899115,4.96434529593369,74.42545396075356,88.8378176406898,72.33116365121788,91.25898872794914
4.555049694768973,3.0937087288021115,75.420565359952,86.11788690168987,86.00580026583106,89.71053820688648
6.378183819150429,4.023852590388334,70.1738212642044,88.29285617523621,78.67216125132536,85.0066146435078
6.822102055027462,5.214838211659645,71.48354237580813,84.44805695720369,75.5583018193587,88.68969139053247
8.811724774730338,3.3711395191476754,64.34676120975898,89.59834796343664,77.07417296062007,86.72756551254142
7.192312848516995,4.764202138949966,69.86155208956743,86.42651432298459,82.72548827390287,87.42696336019436
6.537079365429363,3.2790763758389354,71.05901783819962,86.0209662195388,75.61927801156276,87.31422364222408
7.795286697420186,4.919786984190174,83.87980683694387,81.3358045161215,74.77827578394383,85.0742753733057
4.146637629190538,4.467922665932265,65.96255827628401,86.31825873376548,77.47016335232293,81.45784722020424
7.082737469730279,3.0463813656850416,78.3280507460117,82.73774426401776,72.59749322487316,86.22787072118726
7.72503823266436,5.548265419011454,76.08492211263588,83.35749527510882,87.88477393050326,89.4155039721194
5.0256965050641895,3.8388675808817556,72.64705474155265,82.79079798938842,75.71138758480491,83.71174493191829
8.172504851848315,3.770772806687057,79.74137832413663,81.98804821792248,82.84124560952006,88.75802427494502
7.206195688993297,4.680512277507849,73.08610626851294,92.19926848965429,79.66829742660363,95.73099316995058
6.301654503319038,5.533773614485844,73.16796413920605,89.6602849983629,73.57887634254196,92.48530925443329
7.559338239327541,3.5857603629194426,71.04502086551578,91.54517600686164,78.56963098301507,94.78110358374596
9.524831429365275,4.555511864863174,77.17313063560941,81.4867359374222,82.59841417448482,90.14717314465109
7.018239506070194,4.885934850297516,76.56305232229224,85.62801199971486,77.63986719105984,93.01978634504985
7.097864703560403,5.12379504653683,68.29674902001818,81.2607755993469,84.68487602384023,86.02133049726919
6.248766920551707,4.658797399749503,64.96761346592591,83.1737763929694,83.8097285031875,86.31594101201865
5.78018675664225,4.16967494482501,70.32569294050084,82.46199365306697,83.28646575875747,78.56518123729136
7.796402979853094,3.7551688014161524,67.4598148908913,89.366668820613,76.25575046140771,93.0887382539565
5.772699408909359,4.5775294947417375,70.99508204184629,84.13206503007437,73.0928035163144,94.39919872533358
6.8858794846632705,3.5350748892129538,77.23970304648387,88.81881386782086,75.47070321264974,86.6532441922151
6.2268110638818595,1.8707845648548531,69.10495205558341,87.33318684668326,79.60082879740027,87.76037868633023
7.37477579089567,4.892903823741901,71.09444776970444,92.77164400673533,81.383512239015,85.91071017934344
7.200394526344338,5.313541356977575,71.5785091270803,80.66577848595288,67.52498583572171,90.11581814046673
8.04504793310948,2.3733608080123454,75.37246823458537,89.42954636731776,78.55862267178007,92.862250417622
6.187980321374304,3.5912423657610564,60.51493119687389,89.06861078528233,79.40625504914823,82.25174369664015
6.476150077647954,5.057238834904678,68.38783858512657,82.2851877183135,77.18452429279068,90.21492256337633
5.6254835410612305,6.351745922740529,72.31416172294146,88.62282667671411,85.18549657898097,87.67631444463916
6.266848087908666,4.518714336907867,77.06037899084893,86.47566388168394,80.75107837867944,89.11955925027675
7.252760591653822,3.844797352893779,68.9388682519702,84.6720759681491,85.28197873121258,90.39827780619488
7.708386339974422,4.335393203005644,62.292547010999,82.76340644168961,77.4986013462138,88.00365097654057
5.693401610986849,5.737388777233367,74.27461494063745,83.09884975536261,83.3811352117853,88.31672864239862
7.843527104126792,3.918632238787918,68.25026053363698,91.95939870651497,86.93883861209034,87.90866188004784
8.426765430565942,3.780727194014772,65.58960003636626,85.40218502066395,85.28963659129056,92.29016994661664
7.296121883868441,4.065530830036171,68.30314212937652,87.90281600490067,73.03007787351345,90.24941185247174
9.05215497506968,3.6420042525671588,70.41427828325192,82.86912197866384,77.30625200453385,89.51615908962823
5.871452961075712,4.610403284395316,68.39722561021658,82.90447057209076,76.83966000220603,83.99747863195856
5.306414356026299,5.962210612622605,60.71328292592447,88.86235138959982,81.09519812888927,87.29925495011133
4.665535701314866,4.790771345804426,75.60591774505824,81.0813561230351,82.10040313057411,92.02507589325495
8.59525317378702,4.2728818480863415,77.41940019813786,84.07131594270314,74.32164736246874,88.83947732055852
7.585238787624869,4.23736985797601,74.42730555842962,85.50888771543114,78.94597642097638,91.14026643747981
6.733298394907454,3.0931282721730087,65.83910878196087,85.75639232588817,68.2983706060037,95.23609366121225
7.1359623515837844,5.294798799432443,70.33284063705192,84.8269014879483,85.95391952958963,92.54284245607262
5.449413143241948,4.429946522688478,71.2686976868986,86.66662329950697,75.98689137254885,89.04468584948906
9.734902375540191,4.337568077768437,74.17421306989716,87.617138418617,78.88490609320692,86.80934007027581
6.955065418370273,7.373796811060375,74.50803434584678,87.75084014546987,77.02078645866088,79.25186649459317
6.931273753525871,4.768877617529117,67.77596576586322,82.24542781226296,84.44474063256841,88.07697578685045
7.6709199486784305,3.823388054914334,71.69357867078509,84.49070368662785,64.12871714887336,87.49375376547766
7.377211078084056,4.116278163415011,73.49494594215315,89.2232411580062,78.51528725413786,90.1443549192629
7.0686608291349575,5.53360113827708,78.28794714630448,88.2628710002364,78.06032433676174,88.13055066019366
5.851430653465625,4.601943369483988,74.68163139115867,81.0068497552606,76.28645442328241,87.51457528008386
7.365762028563195,3.2055498195143697,75.08747209940249,86.52473568112705,87.40375538274172,82.11622395712328
9.058429395770041,5.327306041117684,71.70236781406093,79.06967920200061,74.07461975983556,85.22211903214476
8.414504055385972,3.8986703230149056,78.07020389697682,85.5501916865932,82.53616050390187,90.46360885096206
8.711823951967276,6.185967998595791,73.26686142060558,91.47285445358713,80.41688922240102,95.04885823519098
6.186541188282578,5.472043259143184,67.16677803116686,82.36674330473924,85.03374818793112,88.3391560801412
5.612474215689703,4.0974102939071235,78.0361758566009,82.73016625442695,75.19733566763472,89.91290097222426
6.649055695880422,5.652914725561602,74.64993570818733,87.84489530103316,74.86185861446883,92.22416918072538
6.866869894746434,4.561069959474663,69.17338869858328,80.46303515132914,84.18995652813473,85.69969243605908
8.113029822165139,5.267496307609997,68.99843375648364,83.37518390436789,80.76913867248356,90.05721196015614
4.769042444342217,4.936259535565028,72.72356261667565,87.30861164026162,70.72081953194852,85.96018660657101
8.635460383352736,3.7382790105082138,73.5232870172844,83.37028528739391,75.84954442623732,91.89985042241675
6.610390521705212,3.9208051509142843,72.24700287502979,84.64489604092489,80.57055153462511,89.26019127742141
6.287742716063096,5.426964735823045,72.79428163252584,87.78139427300812,82.8725975298876,89.80427171173133
5.585474749687799,4.198702201104113,79.45979539796662,86.748947467317,75.13592366871592,85.80438518955123
4.814171993761077,4.136716383082203,76.44340713072745,86.25381886814529,63.73729445193359,91.3160197305599
7.787804700754297,3.6403896785855823,72.21505083807212,84.31480870633588,81.26843824725886,96.41343780855476
6.887981560626084,4.881239159034115,75.81829078768392,86.58419556886066,72.37636448128572,84.97072672691564
5.252046920310735,6.356272427318831,66.3438852630678,85.00405542368078,68.3115721295757,87.44289167170416
5.245905473523661,3.539220377171154,73.21004983974468,86.86497795176251,64.15513778258088,89.55694765442195
6.397058360851846,4.521797511005483,79.98467047871893,83.80981751962247,82.75130238700848,91.60970298438453
8.80282583034727,5.770998499873887,70.2533797021166,84.81577928198547,79.25594899706532,86.62967874442897
6.488490378363674,4.428322747878856,67.23135714262838,82.23213506383357,77.44915245836751,78.21778792647186
4.996228456258272,4.90713461662476,68.16997333475331,85.28797564798005,85.68402425111007,93.72900112840689
6.5051083230968665,3.5438458246678084,66.06976142075654,82.8047972363877,81.85035588341766,91.51387264246134
6.472731716302795,4.885476387486884,67.53314284098703,81.83505135948162,86.84313021788176,82.25109413719935
3.563736028470114,4.331570161495906,69.52156112676786,86.22771567313725,71.49704909194831,86.45199547041564
6.734846160178625,5.387156996111877,64.55327830794252,86.08076728274452,78.42379181783478,94.5022749892511
6.522878563749586,5.568647446408276,71.3749680029581,87.90519595183544,70.35476178776513,94.0568467482941
7.635447637776101,6.830607277816752,75.63093043417591,84.0203981773597,77.43015010753712,92.1729680839121
9.018747313934414,5.021669855892219,66.94277033529478,86.70576910987762,77.33205914578994,88.04838399434851
8.151878035457308,4.79321668492395,78.59256283348049,87.16255223127573,81.79572955004166,89.00705344960629
6.477333571334203,4.674945871419602,73.75180202493245,86.8232761850611,78.83237579382367,88.21557452103333
5.472168909509995,4.1821503364703805,76.24678681099547,82.75790821503315,81.77937640522757,92.8744871980947
9.888031763899832,4.804635459115522,68.14239414150974,85.8779631432678,82.18754467900835,85.4593830959681
6.871062120817386,4.234138730874873,75.40172108991975,86.56524894737493,89.59013625465401,85.71854127692845
6.816715150295535,4.651614878642653,66.05871727810249,85.42297109410542,76.99198705804076,92.43801597129325
6.771049895467996,5.685837782047164,75.57318800401524,78.72327149321254,73.80078422660146,88.53586261460723
7.037701712921426,3.594111691248323,72.12482883100894,85.91356679671514,79.85502643811368,93.80032921517909
6.6267675056912685,5.525890705016141,73.95560585592696,92.48009932607118,74.50837186158833,86.21540483417198
6.111605591743716,5.685403560605879,65.65714589300072,84.24787433997766,86.15799991902632,88.49732006674635
6.143769270511529,4.393738325708029,67.0036647570723,83.07015328686298,77.15558800137931,85.28707195607737
6.7606960757408014,2.5903305908922647,74.16669544761625,86.59471539107648,75.71556052384264,88.72724192126721
6.147890274639482,3.952960211615011,66.74792957972383,86.39961027349304,76.19628982212929,83.22937633310444
5.944585060787403,5.6672950919049985,73.52339020207579,89.21675252933254,82.26392885970536,86.89575634246664
6.927716273230276,4.4794187439310065,64.73773852899082,81.37482190109156,77.79549038551941,83.38586069976597
6.494027339094973,3.6006279909345804,75.3712362208,87.74041680823998,75.32749921733505,91.26751596280766
8.604791586299227,4.045702570894604,65.38388808911115,87.2893505960047,87.09329477988,91.35138055711072
3.6188362299283856,5.256558023854097,73.95103970086171,84.94513108179027,74.23353381262507,82.29802789720793
8.109808222306954,4.992060211381242,74.3030284815008,86.48379941734942,78.78138697756826,93.63537725835212
8.295302230997155,4.284961110747275,67.95549527153804,88.69426394111476,81.92676137321217,97.94043596775346
4.31193172111022,4.1698580293667815,74.09372752200669,88.19140921609105,70.28019093687293,88.87022363092447
6.388774887103581,4.14741766586056,72.55012286400107,81.74233820136408,81.04932855717021,86.32787723716882
6.35427096080505,3.6698308339513477,68.71355909027486,88.02450619761755,73.2189508550497,99.15002318671128
5.110985966338614,5.953838120522498,66.4589375164342,85.19299646389595,82.7961921822534,83.81981655628071
5.866619974890949,4.209911577709794,61.87939667997162,85.63319711364966,73.69047983921321,88.77439392741567
5.467308985441005,5.595442668742947,72.97832022703852,85.63423037120543,82.13312206242918,89.36460240873812
8.902724532108348,5.869184446730206,63.78894669746213,84.91922243584557,84.23974863810302,93.67704619567394
7.922814071776953,5.398479808333164,71.75765215731828,89.21346399074261,82.9933262807273,90.03103420796911
8.32586611399299,4.111541718553757,70.0354485628052,85.13210252848253,79.88171490601431,86.85505458558274
7.666006476851882,4.863357081302949,74.55988532210334,81.81745238917387,77.42036519105852,85.18061782956457
5.445137874539325,4.478223954248175,69.85018160244864,84.14070446089687,75.66026016069229,87.4352592650893
6.170575680464271,3.6866683253428847,69.71865062553395,85.97182309379353,86.10227692316722,84.97436876450297
7.387249473473501,4.791923353549443,74.81297938058381,89.33348730975057,75.03257437714501,88.87695368320333
5.333446629329665,3.4388641879561774,72.90827853960376,87.32990299183628,73.31096302479301,86.6124741345162
7.655598116206866,5.568911449615407,72.81754859447733,82.67828710800947,81.99338156866743,83.17206016482793
6.511609522210238,4.0818444324314465,73.55248443108093,93.35260773337245,74.53970230374887,93.34403941698714
6.350215030940483,4.681043690285556,63.92925380860589,86.24728099512954,73.75467616292275,86.85861166331256
7.653151961844189,4.754959084391528,74.93258566393752,89.48125036159685,71.23761826293419,84.00789382159135
7.333115973783247,4.266985523666331,74.23985021126529,84.91451381255287,76.13715981875136,88.0774412023961
6.366840601017104,5.028024421327747,66.4199209828328,87.10674958305745,78.17815337812787,88.95297479408033
8.191195764037097,4.072586709039728,70.12841372636383,88.0862992144589,79.83976781106956,82.23807311535758
5.502724006880123,5.28416756771152,71.11132501938737,89.29822307761363,83.45166184592736,89.92709636836533
7.539122728333116,3.2886182877779264,70.65441543487168,88.78357857721032,81.28717941069554,84.82551699584603
7.511721509562061,4.613741621591771,72.90252783952896,88.19103040023353,77.62655168027878,95.03080659400592
6.428544272823212,6.245036099152456,78.17056055278968,84.39172246017885,77.58920205046343,90.63865389468393
7.1913596266905415,3.5997018078549825,76.49248029282957,83.5704126657406,81.20180309146743,87.22037003659553
5.298663708337636,3.8900295265276337,65.00134787152925,86.46434403303743,85.0901078309357,85.94287924982581
7.908832423048281,4.9625170646930234,74.28593595346904,88.38600983149142,79.24420241736432,88.31161948201459
6.578117436268413,4.661623603745638,77.67887993376996,84.68729375751487,76.20743264352691,90.96732574385817
6.172732375377152,4.815567089346203,73.15668089930817,88.80855029028604,73.53638339446371,88.60567172423477
8.058811071004268,4.940268417132897,76.53670604089264,90.04837358555578,71.22945315149765,87.89651241359363
5.954787571348689,5.071249321705593,80.95889813936367,82.46777305896507,81.99797532742197,88.91597007602621
5.109846444363728,5.498729857760601,76.21380582131351,82.72185374785191,81.54769047056173,86.46572195442327
4.932044991771315,4.868836791235661,72.49668125908029,84.95079981150293,81.54455397804396,87.43013807068077
7.527211941614768,4.282868110843312,76.31642467560681,86.38436053820543,77.94383682360451,80.98256797605148
5.26348477700446,5.1053163310824585,71.99546159886508,83.72138555594545,85.77536720404792,92.30278705415377
8.905753018381237,6.209893741405694,71.41473460776778,89.72704857237487,76.13099567761742,89.80555178719052
4.301684710539533,4.380629628255684,69.61321166857408,86.75701395685905,83.47187310975674,85.83821337707631
8.835747641948046,3.622923625796423,78.80438412239411,85.52623055437037,78.40241123555333,95.72531943101438
7.0532209606431415,5.496372602358275,67.37154240347839,80.80508952362072,75.49741110013537,89.02196097745183
6.683944265755529,4.391656952441761,78.65536507845495,81.18938938743199,81.62190456732057,84.86626878369178
6.14609709582926,2.5445974085873675,73.69934779395378,86.29922960090178,80.68914420528836,91.8699284594407
7.278963337222485,5.2626795094353795,64.58333036095068,78.57569399630452,80.42056107226132,90.17277840108427
6.754838357090182,4.01820463264147,73.06471660635881,88.64043971086103,79.01451995248661,90.15994594629161
8.123962258419825,4.418520045926256,61.2198727632722,84.89390769800858,78.40674528324416,87.12470426278912
6.9370731783944475,4.798782297512113,74.30243848078896,95.77789750270315,90.78069716363923,90.36683417797873
6.980362113754253,4.671449711801159,75.54911111834716,92.78533200197155,84.63970889050047,87.73149432618196
6.363665345343373,5.138506635425135,68.45669141287014,84.81936297840795,82.28641716442611,90.75698337108962
6.731665251534719,4.108062266487141,71.89302894058679,85.0597215918998,79.17017570683727,81.65170552016063
7.169362122670471,4.961795218358475,80.67995568200138,88.5858608448065,83.736501723043,87.094668186977
4.74779792881205,4.266407990174475,68.8724158195427,90.85015235173773,81.2417733595964,95.07197386189033
5.182177493473144,5.164929432798752,66.21724358212832,80.15830701620476,78.73364423914758,85.86185041501889
7.691916912827258,5.053830735611748,78.41198433182048,79.68359851086501,77.05182194114383,86.4657982992752
7.00503852575353,3.658105168159864,80.72041851454782,83.40948862222598,78.18732157792029,87.0425430477351
6.579219996376785,5.477383904557529,71.31773922486967,87.26476026615637,62.43082874702191,84.20521729721202
6.8221207196784714,4.0176328993973565,76.15502256996011,86.98999548962432,79.67406428041797,80.52936112795547
7.217098046434005,5.22725201845303,77.73908439454823,88.82326865594833,76.10877199143717,87.84683032546263
6.1522883836287665,4.830558582061206,67.73607568381576,81.56096790923102,86.7226169912427,89.20267986910213
5.866034329517225,6.15436530911561,68.97053199023424,77.9883396384996,78.69865476113993,88.505731246407
7.035014306117217,4.298880615865333,77.20819766314273,88.14564542496687,72.53628656037169,88.16394932079282
5.625952666861961,4.185614883493622,79.38806853780085,82.74977192651126,78.3456112139466,88.85925122214644
7.289903306857366,4.48252235470104,74.0018281288369,78.94083883395636,73.26478246618122,92.48451344473783
4.7568996749145915,4.227138195449152,67.07689110319014,85.86420398707003,81.01437782013357,87.9953491120619
8.034986764790773,5.219947711747845,80.83789333615732,87.93816220229978,80.08383155813137,86.57589446477711
7.367116978895652,3.045320452407071,68.75133969050256,85.00941717721192,83.48498211865216,87.65983570591408
7.10723568117665,3.551685822768281,69.69133865037703,83.93488516421604,74.56650286235771,90.84358301110008
7.979229180734617,3.538977370578726,72.94322160555018,84.8900408571331,78.77344129076354,93.92449945061003
8.798569333355092,5.355276832776218,78.75997001943091,84.2141351603175,71.63838884332415,86.37586816507404
8.017244078021756,6.039552035323733,75.39908468745067,81.08624924179148,82.17762338781604,89.06605501200687
4.590950922402026,4.405995703316275,73.29135440173717,83.11302183363063,81.24624302024462,89.95192253516305
5.2645076399171575,4.34806044912899,73.52378494456691,87.06809569604421,81.1286056072406,85.02746137510336
6.050217706765185,4.5630469468018635,71.50887040948864,86.42937133240481,78.60825705992039,88.7755435186878
6.831309260253001,5.5456904723473714,73.97906966968883,85.93779137909382,80.71534174302283,83.27700672783425
7.421190824562947,3.6653821792284833,59.15811162706734,82.21552485806919,86.78212945237384,82.15451387616423
5.929107424215841,4.714532084461307,69.87628419646497,84.81918988116587,77.14601928908573,90.05696170920136
7.024120117372494,5.377677866804187,72.45834528760055,78.43339185138286,79.30709043692143,87.27966345707611
5.893540481176013,4.95098475294586,65.77513239862637,85.97112532443326,73.0607558741748,89.44843750819851
6.066178636409662,4.670623454938869,73.15435192549549,89.97234466500342,74.1718690958485,88.63378858506911
5.112006683782133,5.400941483310427,70.31853813926661,80.68277717746527,79.09884779477586,85.08731981994396
5.692120104666914,2.0670909363006866,79.72628335191435,83.52503144538319,84.23006108817972,88.53255908273196
5.177978473260399,5.110087787577817,78.85049468103131,86.45314169187242,77.29296779631697,84.13752517144503
5.6289520964272,3.9113318851853185,69.06413326823281,89.40909643016795,77.39682570050816,93.84659772460519
8.064370155929407,2.8524303928291888,70.57597898447986,83.96568122783953,76.52488525302769,83.68290972401813
5.660721333401668,4.960082339572483,70.94505168507972,83.18479894634913,75.87274097869394,87.97559449741625
9.958858477804869,5.736292690646662,69.13203451443381,79.09944594426854,80.10435442411499,84.84359512422519
7.3919814810570665,4.376296336835077,72.23611992333501,85.73100201378594,70.96398600958891,90.81055834143494
7.021803348433848,5.357587092482645,67.66024606933956,91.93464332845998,85.1327918410003,87.47370392625844
5.769970663782543,5.951050432189781,65.87304639229987,86.28754707828696,75.20634627953974,86.78093313740152
7.640371855290789,5.683423008225643,74.28901387472129,85.32870726661213,82.28170777573452,91.85684571669076
6.109234608514671,5.9759680764342535,74.32174200426469,86.43066339445436,72.12300715329123,88.80889318920694
6.946411777574434,5.167914741964703,67.43928435363203,85.36450558736448,82.0110846657857,90.61158444996308
9.872101445922553,4.567890275011433,75.59770606766048,82.79835400876759,82.02691749985394,85.06909403488538
6.68472812033042,3.0582307692925483,68.2684269000064,88.03449573016866,80.55943056723007,83.50217730746823
8.17912799154281,4.278543760683046,72.5151931425823,86.12243687395762,73.52841453882105,89.0966694595485
5.956188289848935,3.7410780642154275,75.23765126053979,85.45636240618771,79.87269576695019,87.5202684846695
6.758013811403646,6.453848445748033,71.13865968942217,82.27882871270961,72.56641345785461,91.01780828807959
8.924960762762613,4.341702768810897,73.48275637827744,89.57122538219123,77.31090739900945,88.40433872514856
6.047639530654679,4.610884326106037,68.82113770933965,87.52704878506596,83.85000681487216,89.45877875516814
8.974938269596315,4.996336838436421,70.35696039954513,83.63065332042464,82.66317982806078,82.6934846392174
7.64930232254657,4.539242201735209,70.31187473177437,88.60583953178221,78.6774330069562,95.68721667657275
6.125039868926879,6.025545936387678,67.71642393660684,83.80777331716735,73.6284864627935,88.09230465538148
7.558889286866625,3.939615574438993,70.45148401704424,82.89758882396468,81.89249733208838,91.28107179025504
7.967065339552075,4.675146709713519,63.866632165454014,82.96895002406309,78.69884431225992,85.60646082018738
7.546171954660635,3.8317764728717565,68.9424620137179,79.73258063011811,66.76639044902484,89.83963663820417
4.915730336131452,3.311979739901365,69.93259763182557,86.90893561733826,82.59141211421424,83.87947437495845
5.927435389010157,3.949407818185243,70.07033718802218,79.54033638931729,78.47641254726456,90.37265100156078
6.502977637338194,4.466666882656429,70.14081225982027,81.46897973994956,84.73250136471366,87.38289588777242
6.710679885079944,4.113627997934466,71.00353184067137,78.7581183709487,73.01412035390169,88.8080048645616
7.544806517060813,3.8768211181135297,73.60131928681311,85.12457698306915,62.3988105527004,91.28250391148137
7.013241201119905,3.2343142826953493,75.4976819558361,84.91897452713002,80.02332767756045,84.13960084848496
5.197586769547878,4.425204984634175,68.18112691112832,84.35457211780364,80.08697475107806,86.16738059673266
7.256237421207156,3.145751663372098,65.5246358941321,82.06375137705416,69.97757469920708,90.39209984002103
7.532702894340588,5.184050367320642,66.2981868212331,81.64885198900276,73.6096523160803,96.46341945582297
7.471748537517247,4.574195777641053,68.96142597826434,86.88598356334904,92.65161049297149,88.18909536175252
8.096936870665546,3.1882036504815625,69.61077767448076,83.63823381853284,77.04138586781559,90.88720363631856
7.800706585458684,4.2217118306551225,67.6040188822522,86.41234662891567,82.3278907795187,88.30420556152363
7.351016095074124,3.823059234968475,65.0786400116005,82.56720420440249,75.28163488042124,95.8863087005983
6.715801146249623,4.7872570593772625,69.11062002812389,85.97940077686746,67.9394552158489,82.23527983222856
4.80684687978081,5.70640540142083,72.17084777654706,89.57048971941141,77.73168294134088,89.05009786527663
7.315541862959103,2.81234477731883,74.15614143601071,87.2757305612569,77.24541674254085,82.68548707582038
7.049225224595733,4.603523471232675,68.62436934508005,84.08027578170727,76.5606209827913,79.42568518901415
7.125894604634448,4.355880483990024,69.31761045371151,86.22303670513897,78.0153317389174,89.80060959653592
5.267901709015629,5.10420606880542,66.85184811753291,84.62987144150333,79.94776818539275,89.2161418457456
5.502732151510085,4.69187696541392,71.14909198220107,85.42521659102313,77.83440354860558,87.64610333035385
8.063783423999483,3.823227601435063,67.22754255588409,84.35804463312479,72.15356854346844,88.30708186685291
6.752533815372014,4.212851457900044,74.05101350355775,84.87412734116675,81.07954243696588,100.16370790606365
7.617800836847149,3.78357672887686,62.72784083871626,86.07869872983737,68.65820404785563,87.7447519892837
6.8339820513565535,5.468406424738738,69.57377757222818,82.22125216133776,68.14317696785058,90.58746013662528
6.835707367394894,4.519180483804748,72.74531522812036,82.14918775363208,82.36982052297799,86.29735016742865
7.925940567171197,6.211071617177707,72.18240567834802,80.95666382774013,81.18580338789032,89.79236052765023
6.180746326139151,4.445405267566842,84.22656158710637,80.27913246558813,78.30728363812241,87.81853540229422
6.91534493232918,3.8624339097805835,72.97904011792595,81.50469538489448,71.48321262574913,87.1810816139
6.245269653553949,3.1376570466484557,66.48053793515835,85.91028002177322,74.9896542025622,95.4299245691412
6.278604527081221,2.8771742913696494,70.84177161397244,82.54307995042598,77.25999158679882,93.05558436378206
6.428993451837632,3.074277651295059,62.77401759936103,87.04356628553951,70.46094076027202,89.20596259537716
7.066560525960456,4.740413985910335,70.91312120337554,85.51108399600821,74.8309538440815,80.17441583700733
6.225501654003827,4.957852520906941,67.30133092639636,79.10078651699823,81.92688472470107,87.3642658739655
8.306907350688224,3.07692836817108,75.69387332268877,87.49592186950942,85.87925735787499,98.7012019882988
5.726471237336595,5.305534482668504,68.66220668194143,87.99455566589347,76.46088276144138,87.84655183343308
6.575754027006369,4.0652450534849045,70.7395236041828,82.21963944052848,82.4580906070121,92.78190501659854
6.27232273007099,4.632113710786994,68.24932236125886,86.74461293726398,68.83829364000391,94.03518688722463
8.536373461224478,5.950998565429882,79.64648648889599,82.65920564029057,81.9632013296794,89.51016648866711
7.03586573181389,5.307155384278978,69.75803472263402,85.71254520559468,74.49986308488984,85.58525996208783
8.038213447362361,4.258322416884751,80.09627380870016,81.35360509774412,80.16746264521065,79.68934437240331
5.017327552355633,3.6979269971262414,75.20792845816767,79.66205935188935,77.33646266697748,91.23140387185313
7.120460319043111,2.5633661388036257,73.61392029120985,84.17498499323851,85.33411144989755,85.68540278955288
7.8675569547481246,3.852762012681822,73.0699191071241,85.00406737192053,74.14037819346642,89.35175667198446
6.898740787130508,4.309982785055075,73.190227031438,84.12742498043328,81.80079211756534,84.07566474351935
8.07857645007842,3.6115384255639347,62.04717161914107,81.61110221368781,77.17451193718767,87.71862110026025
6.1792538598795534,4.381868729616926,69.96135970807637,84.12032300118037,77.7926420621507,88.8247605031339
8.491216928222695,4.569166694662892,75.35675826168475,86.26174320825835,77.66234514488802,89.69379624986391
9.5586777483431,4.2976296163727294,71.06529351932429,85.25634230360788,74.28706716708002,84.57515790679606
6.364593727472409,3.9149976772588864,64.55508873534284,85.98400329791748,78.52809527387596,93.128570510417
6.265396974319073,4.651789204770055,71.04845863722814,83.25563135854647,78.28049406717871,86.49148929649171
8.544061372541242,4.897746584612468,79.47970647802636,89.14949732709172,79.83032526687431,82.504462996323
8.695486574876854,3.5186408303014387,77.28508023456665,81.63624532302471,79.03097624303359,88.29661334613519
6.172567967416078,5.769839141771643,71.00238075504305,86.96019295067751,82.6697722030224,88.8271886433979
6.295775819484971,4.411270680944164,75.86695652987882,89.18205149747189,83.30989394184158,89.29418090273552
6.4618584693673915,4.516964660650363,69.54076630223335,86.93890589679647,73.24182105867821,93.7398898936348
5.186659386758867,5.137392980930901,63.12141638323175,84.75192247339255,83.03073975301292,87.82513930407733
5.697617664218962,4.709894518137151,66.86256325697813,83.70944945067848,72.54968422173974,88.25740738983555
5.5950310798975185,5.35782297052192,78.80186608883935,88.71548048334803,81.59806502950244,84.61821778943755
5.878642921875046,4.758411748681642,69.98483320721934,80.84648023916264,81.76066780198462,91.73604796068523
6.758378135135862,3.948806362823606,70.13175689899991,82.29560236678515,68.85228385252123,89.38194353708899
7.081057679043825,4.8253531726854915,69.86077665788056,84.1278151504265,79.07419415729998,87.1458974090116
8.660600591376891,3.470646413411404,80.43985562995043,89.3604920240384,76.21066982186238,81.65270363417778
5.601975151113451,4.597703735198871,79.1046027937379,86.61525643533088,74.73029718452958,94.04432512170382
7.981186878171901,4.470093008419985,81.95014512055104,82.30225357276723,85.48934688656492,84.15758413151259
6.543213386929389,4.312694828454714,70.53658299007975,84.40701534276832,75.26623638274916,86.5122713653321
6.74064354841708,4.384316239704963,72.71899754598606,83.43416593889187,74.48747766149793,90.02587469098121
7.609783390599924,2.806335859052125,64.0201157627802,83.1286752248527,78.98604419402596,84.27273566411826
5.452733574125242,4.006147583033135,78.38928524536772,88.5324465873817,82.09650770612191,83.17401382046337
7.258891695420861,4.583560411027003,65.6946581539139,81.01042198635679,77.87759221134834,80.84139394400754
6.999742649855667,4.64387075279766,72.34052270606061,90.54809873835,84.54848978291318,91.36768872575085
7.390941516809779,3.5750923731666377,66.03294786736234,88.05033500859079,81.30797587601685,86.68281089451261
7.147002372689381,5.639137056778231,68.47343923165425,88.89075734593185,67.4911222693697,99.53089934215133
9.746360167893073,3.720442636606949,67.28114033096143,83.91859356151917,75.89971848611425,85.02088625716577
6.0347120188984205,5.3725114804740635,68.38219874875607,84.92018969894686,75.73460529330633,85.29063121331299
6.162803653997819,4.884474925684517,68.7122110248849,80.81391419352093,81.04474086249004,86.60804600994402
6.052231368290283,3.9183954211405774,68.66830978435962,83.72108029738624,65.21343301249203,89.59959822401241
6.133427457007694,6.097779803348561,75.30000277654547,86.9796955124581,91.59994951446038,86.96024764649435
6.035135447232179,3.425726851419168,65.9966585932999,89.54740179770047,81.30823308396046,90.9656291918093
8.226819837329062,5.327238756249002,72.35859884966656,81.85709818623216,79.35927169998021,85.07922295704198
8.504605097587826,5.40052408623868,77.14620393106668,84.23038100164716,84.62599535373764,83.58811064168475
6.115104447500628,3.8964418118310196,68.8366574503357,84.91584249525593,90.55263566934438,82.0466054641863
5.801173312274925,5.753218770057896,67.85398932441151,80.93347455298405,83.04080788740085,80.47277557863238
7.365698667663684,4.274958136860943,70.19348179913479,87.29231757362689,83.43894679200525,86.78314462794229
6.137332346862834,4.759824266351871,76.96268100013141,83.08323093842365,79.26651912476835,87.58637284414507
7.559518181306613,4.7342896548940985,72.23171662857611,84.77475087623353,77.87821865782855,86.36368299831223
7.04350762502156,4.379122132676507,68.75017138588352,83.953762009882,76.173443235575,93.3006014495925
4.981107062003321,5.229727445843804,73.62260792570258,82.87411678169704,74.38682884225582,93.2437117755501
8.657006241596074,5.214139848496992,66.00899768078517,85.37745604646223,75.09622809153255,87.46122894645535
8.955053207714625,2.9263212240856373,74.57052565012614,84.71004934858233,71.71216458185079,82.06249188118974
6.064653571418736,5.6739062185903375,73.26131507696849,84.21005477670828,78.21305560150637,86.60319110019631
6.334758128076819,3.003757210767893,69.82251933853335,83.06892281062291,70.00819535614542,86.48066084250688
7.143038468869886,5.429291583907491,67.2747881674533,86.42247894650546,79.57367427313292,86.26860063957119
7.2013481479844295,5.514034623144825,67.0439315730394,90.69157525917532,78.41471389898405,86.1184400555765
7.590253127207396,3.5181302128063217,73.86712321446036,85.84763914508521,79.3493700217721,86.28218728581821
9.212245446519619,4.130267140840874,77.1991064119475,88.58757828771562,75.93712899289804,87.2697960211783
6.5876633270071405,3.504865798362658,68.24092281426178,80.95128983950893,94.29198788792056,86.34849793438244
5.8420433065538555,4.306571072740138,73.50025617704712,85.90483660574007,85.53659109091959,89.4707932819147
5.144816926382568,4.222769144232833,61.28227031071007,81.8884213792926,72.25283324956791,90.03336424884799
5.9228839520696965,5.201694479042406,68.49383489284544,80.67384023189793,79.78762724587718,85.3306131774248
6.760247632551443,5.679277871507647,71.15091712221967,83.03401149613109,75.49916867101965,93.40294170622603
8.953469436221345,5.7561154297109605,66.9335195984872,89.21407787012343,73.42615339379219,85.07376948318974
6.178866441156594,3.994048776079528,66.80476940100993,88.44005065174287,71.76563243726793,82.71413772888326
7.068545541966678,4.311700313629925,68.09465812894935,86.17761511057408,80.8043051228722,90.1088788640507
6.7802925247126975,2.9849056270011447,72.70252509596659,80.49535820835223,75.12496080114516,85.67558990266694
8.226071928137701,3.77471694015343,70.4008207116494,84.7719019155586,83.53591272252854,89.88877844180234
9.832318911048345,5.368366469787712,60.556490080040135,86.36544002848557,83.66828929410524,79.80642617592804
6.162957472495615,5.954024541193409,61.12063926735168,85.96171593465152,85.60696336457839,93.85208698348735
6.212672668978133,3.38908601530807,68.38704714628555,79.49986053286162,74.25282749302207,91.18748560974949
8.052993052482886,3.9667821667623953,73.49689561305705,82.55098288633641,81.02436461452925,83.1482367680969
7.618269787551574,4.476234818736966,58.11197675491887,85.19495115472411,81.82551650487572,83.22852464176874
9.01604879088324,4.752145042937646,68.90129515447217,87.11613091045501,76.18169130696977,94.88738384516085
7.500713822391156,3.771356832070518,68.77401028871637,78.37239097248018,74.66396301729633,85.97169435705756
6.368849491055529,4.881654940017681,77.96402133540055,84.88120327846445,86.80855539545746,85.61351605968929
7.508785796830771,4.073544587636175,69.45189530377826,85.85775606361265,79.76022896623347,80.31560725164766
8.130444296699489,4.486992956209549,73.13834712675646,88.11875836325189,81.84343552862985,87.40212063927426
7.7845786174368365,4.991655823203329,71.97803427241982,87.6171442695598,74.40741233967756,87.85743742510772
7.408728837328757,4.505780042829844,61.07328089692543,87.26422822018819,72.3816492207368,91.3473244580471
8.080009627506984,4.107252698526088,74.98739463983233,82.84019037855381,75.69580615009023,83.52340981571744
8.203154708534807,4.401351176466752,72.33390322619017,79.29439316120542,77.96749092431101,83.07493886870975
8.458590789245033,4.420473336715198,73.73968947043802,84.14223117740352,73.17247796523152,90.36856174867297
7.578451865107571,4.166990073106085,90.14594099089436,88.6052218406674,78.54979147588304,92.42490126354014
6.599458303619775,4.2670835435996075,61.29625789040677,89.85905448807819,69.98862354085064,82.88673630086383
6.976056423719987,5.9387824534542455,79.57854391885331,87.67375712735291,72.88775814540365,92.70160211930904
8.247810759810028,5.004827503147115,69.92025190687829,86.77389063296556,82.02164736621205,88.83890481350124
5.819677194815316,4.234067713773756,72.67917874113444,86.6148468748351,81.67933165341725,92.73967975457619
7.2424079706474815,5.127258964059662,71.08154122255404,83.6204200103655,76.60142849652698,88.44018466238482
6.327993425207167,4.199562459219591,69.26366559968939,84.98380706062842,73.40940202370753,79.36757170529458
6.83449378752178,5.555812173827977,68.56480194445396,90.74102248264427,73.36024188721734,88.13772068543066
8.334142235128759,4.832677972978285,72.88164193075045,82.383814381466,76.6963319456993,92.62253212908371
7.029318881623884,4.403428070396194,64.01756625597594,90.56729213027153,81.88704430739098,85.39313972939026
6.855723857787378,4.90294523322925,74.90278000410447,84.36950990562542,83.33405302585605,87.26452961504243
5.168172630824097,3.0862114631383504,69.30226685655077,89.64138274910425,76.06768814904196,88.04830603686138
7.695504279232665,3.4859092779811753,65.87566717260628,80.89819196960788,72.7171886274776,77.97179864448663
7.57458101736929,3.4254674942408503,69.13993828162009,87.27489344372688,79.9660025531183,94.88398602911866
9.395905667966552,4.628648785287336,77.33431624094035,83.04233556496762,74.39997164980817,85.36490998438046
6.430666118056399,6.059263499536582,68.73039158232213,80.8711449858426,75.95691154180786,90.57122110014936
7.062980393196726,6.508170131573369,73.02057736740618,86.09930893571503,85.35890806122889,88.37920579625163
7.099260420452906,5.0742459912966815,67.79140987656572,88.63030972350711,82.81828868568542,93.35319050852964
8.692943935716169,4.950760027450011,74.93802487963337,82.69618739650082,79.4056689924824,90.20240765298391
6.685645361135657,2.8790480392625346,74.59043714619298,80.60314892653312,72.1132130943251,87.8307801953724
7.134825830924407,4.0115935802393805,80.17332239982277,85.10609675412815,79.67812249410035,85.39399415767866
7.529475811659847,3.790994623282585,70.45729306160376,85.12020694791303,84.01955218301637,91.65204759511391
7.02393094778763,3.9412371615739956,74.50954306283795,87.1546228081744,76.68426830459576,81.76826717536792
6.264279662539366,4.348670563273689,71.77072418978693,88.43870262836637,85.49068185893225,91.0897945550208
7.032907991477969,4.075118480072585,77.52018455294247,85.20987141992802,85.19300097654285,84.63353441924697
8.088358099831726,2.718630170661791,67.8496045394781,91.33761060734165,87.08503744393171,93.33344954923957
5.568181640706728,5.1731192305057805,74.87602550181094,86.11755118251294,80.1567399453099,89.29680830785198
6.959563608976251,3.534531276834174,70.36545297863992,84.29143518077792,81.59569766901066,91.0832579410454
5.959855022072992,4.715322177700035,70.9918967498792,80.24298445087095,85.81235517048856,89.00335861115147
8.234055954709811,6.366674402774976,71.74041192535219,84.55948953498827,80.88170907905177,82.21620474797831
4.97217571425947,3.672553867572219,72.51075390284805,84.32356177468436,76.0437060502699,85.51530209543725
6.129293783274094,2.222741229528303,70.7421005930146,88.4729753481007,76.31243153370791,91.18784054916212
7.252654250077425,4.2425962003079,72.33062327921853,86.87994759701394,79.81663026424606,89.31662652423142
8.678628835081208,5.490863671498714,78.87496667629848,81.62601881077563,72.01813674807428,93.06966264963098
6.721099686712415,6.262512708798535,76.03015849095304,85.95121403651532,77.86937953164261,90.19211588323753
6.133760567968162,3.393405364992825,75.4719420439851,87.54889974953298,84.19239030297429,85.12320300440017
9.057388483328708,4.947029300912869,69.11341027508541,90.28970035004107,67.42460535905707,85.75456269043366
5.062383319500507,4.081220588897952,67.03164402450405,88.240012695725,86.42585871915202,89.08079434493598
4.161432852055901,4.404646481126278,75.88544267954121,87.83470929379673,84.32410851538611,80.1380369557996
7.328017340063998,6.8799090123153315,75.505024604143,85.59227518276853,76.25520045926457,94.89173497680505
6.197534930776866,3.147326704444362,78.3688192436047,86.64259841735505,81.37129322214622,90.33446292459696
5.574520619443144,4.728365695345116,68.40089299534769,89.39841568225971,78.61605340722225,93.24002800908083
7.650027736759224,4.92092385458889,70.19816645427034,81.13511232806513,84.87295087903728,82.85176541900607
7.092560856525439,5.477207692445412,63.430476019877915,84.28179415290575,83.61168402812669,93.30489109331445
6.123105643115926,4.588184838123806,69.4161386909078,82.92778000398003,71.45963931176665,96.95654597080267
5.263634721594927,4.777245485553692,76.08353845078135,86.61328997992361,81.5950383086673,83.81275008510393
7.846948793936173,4.147516289320388,69.06082217970464,89.33671096208252,77.55129794641942,91.55418664114394
7.580241413550393,4.742214247120597,74.37430301696395,83.48968228249257,79.0224461096423,88.704106795343
6.68098896346474,4.191126952052331,70.3855850912105,77.7510260240978,74.88632330505393,82.9855947614815
9.0159643952572,5.0594147008704455,72.85547373546349,84.0808936159217,87.51549905251625,90.52367069585192
5.515898280408617,4.167350697560729,65.7910813288848,88.3231159424557,83.90431528150313,91.7843318578982
4.969369794890313,4.839390354511968,71.70900535824272,87.12041568943962,74.82716706373786,86.47583175512527
5.969710316142507,4.47366346768352,56.94254733967652,86.77019599299385,71.7934859047578,93.01389112494432
6.745296780373402,5.5134452256949515,70.40289844082247,84.50402143400167,76.63306958201296,82.53297539487997
7.09200733918723,4.453745648770362,63.47372843016733,81.30710164409669,80.81596349506566,83.16940225813632
6.510516730572404,2.9042707786138067,77.08877367942472,87.0489418291983,79.82504980412573,89.20541036367838
7.222466475817156,5.635729350642593,75.03155529326965,82.7302982078892,84.99097740631804,88.79392552849741
5.298152690971467,3.684840929223643,73.54002071343719,92.38910954681747,82.62859058312235,86.04867809283081
8.532517524887911,3.9116102952160623,78.60082989036502,87.22562306673446,83.54480203133981,91.69549941309599
6.701418585928917,3.9639048353608572,66.74520070004078,83.54192543182737,80.26696254311322,90.66430896259901
8.140754997905752,5.736994283853735,79.68734334999468,83.4435672083564,71.51457647592395,91.87511456245586
7.211270415653245,2.577893207419174,75.77451950844984,85.10257853883653,77.60193749115079,88.24439518919661
7.348103862984541,7.323973680293994,70.16453462134906,84.6335938495304,84.00645767353419,90.92954699151987
7.483720736278644,5.450451128159447,76.75097670647813,88.97386808169585,78.3372330645243,87.05109387878902
7.3372502720207775,4.700915022716243,65.98979114042416,85.99653174318095,81.16576087998111,96.29912915332041
7.571267311841052,4.450595399445342,67.34233202466716,83.05877843549271,76.97438359224472,85.69358065054865
8.394983036158917,4.756998667371891,68.37876932844944,91.4494101924985,73.34795957243658,96.48960048899576
7.035825403641764,4.969010185541404,68.76090700129272,85.55778666086472,77.97094527336483,88.82908540423081
7.650804509106215,5.080694027355051,66.22852331475079,87.86028696310048,80.17614195946653,83.61060970859566
6.692317166855328,5.000044019403104,77.17079872205755,83.45367517617677,75.25599263074663,93.76189359680782
8.528140658539368,4.580622613129724,70.0574988782248,86.56197000878248,77.39787265123098,89.16583513706135
5.988329237528876,4.322395421723407,72.99202384811302,86.39555197165824,73.80873746587149,91.84915916400688
8.961128519492979,4.3638540447118395,68.56231344121433,79.35312226529231,84.30814907957688,93.2282668986076
6.751810459226788,4.324582547682587,62.56110415736711,91.84888035347406,77.09827563630103,89.95043555033659
5.0830698774583425,5.520393087180358,72.59627532027882,89.53006227495216,86.00905328014353,86.50870887419259
6.953725297892947,5.034201050052776,62.12117611798507,84.12897498833284,86.39661403775862,92.31013949737623
5.9827380110301425,1.853650228802148,70.97055657878975,81.87273683054127,78.18666557991911,88.702795377582
7.808772258786469,5.090310698876785,64.7320878136025,86.51219716417137,73.45691146400851,91.23767392885115
6.016851224837131,4.675262575246897,80.83892479630788,85.67743263812608,67.96192082355998,80.7311968769716
6.264579880142264,4.483162119198692,75.67454106643866,86.53814063540234,71.09261092756336,90.35383235293645
4.532551122865362,4.150333392220003,71.8076181981031,86.0130476678211,71.59344239301683,86.3372324469634
6.2572324169011075,5.511701447987412,77.3657920527424,87.01997116577897,85.63019510005367,94.81724565756056
3.8913448080452517,5.352773815910572,67.23768330816446,90.03137823805379,79.19070539485742,91.00542318718965
4.899316611817132,3.8044100989587517,73.90870101761644,87.21793025641168,80.58698307286913,89.5874736596424
7.712497587373156,4.866347058412082,72.25909008184982,82.0411024034882,67.27585285443085,90.49934697539582
7.742960190380998,3.6255089389128425,72.56729639040161,89.76020112867985,72.49037121099197,85.00576884435614
7.310549074141957,3.2583436516899624,77.40729680051248,90.64996660316253,83.12410685987606,94.7060497549538
5.639628628244944,3.9359544978690315,74.81596209334305,95.48658155043867,80.06254797315118,96.06807054814254
6.742746372629624,5.276154125144483,72.6858735815601,81.8048190936333,77.84925307870346,90.15377998902841
6.795676953091318,5.357812540838478,63.35654030610418,86.17722244208089,81.48069602886062,94.58449320372246
5.409962372968948,4.961776878087564,66.69177778265858,78.73728414979524,86.94256881129265,86.59415166491162
8.60407796212058,5.152586208163197,70.71099711874052,87.17007730041348,77.47268343596103,85.75067980496758
7.852834748690805,4.964560458403462,71.74818739652792,83.64575904586633,78.95378599355615,88.85142157029702
6.534842991404403,3.922666564299343,65.87502212156517,91.55502654343985,79.58224428552965,90.30928184196122
6.832263006793437,4.888730290206547,82.87604804277642,82.92123209594054,90.79975913989736,87.24224927940045
7.050059369537063,5.220368572704914,78.57869146521715,79.99461427850477,67.89328305146296,90.68974230436339
4.349918157890851,5.178862196832217,74.19016793788391,83.89195602975194,82.08443737542291,89.83364108367164
6.503387140975284,5.570022034327179,71.64577693416197,79.07843913210516,78.01450853132877,85.0062649314231
5.981618902402642,5.1374734624809575,70.28139694447447,87.8035182544234,81.49053580353932,90.61953416457138
5.598055988126101,4.816303386787425,66.73079139189326,78.79173425197978,75.2473999746269,91.89505449732962
6.462679648536854,5.463135214484785,71.67190648889054,85.49106425978611,78.35027834262189,89.33443647508444
8.957223832219427,4.476130866675846,72.5372121926852,78.75100217646018,82.22819395527402,92.96479798206826
7.569011433520411,3.706312813895054,65.3395492376882,84.37504702548276,94.47584202532359,84.19560596406129
6.114585212260644,4.3532397324506125,72.90404680277551,90.65881009857452,82.72098456595056,90.43141656188786
7.48709933762739,3.8295876196741956,70.5547565656412,86.55407325259455,74.2748654500444,84.36996138633194
