timestamp,camera_id,detected_id,object_position_x,object_position_y,object_position_z,event,roi,confidence
2025-11-24T08:12:55.970754Z,CAM01,590267,1.14,0.85,1.6,ZoneEnter:Queue,"[169,287,60,69]",0.97
2025-11-24T08:12:55.970754Z,CAM01,590267,0.69,0.93,1.72,ZoneEnter:Desk:R1,"[168,177,30,45]",0.97
2025-11-24T08:18:14.575497Z,CAM02,590267,3.36,1.19,1.48,ZoneExit:FrontDesk,"[173,204,38,32]",0.99
2025-11-24T08:32:56.864075Z,CAM01,606322,1.53,1.0,1.48,ZoneEnter:Queue,"[100,235,34,53]",0.96
2025-11-24T08:32:56.864075Z,CAM01,606322,1.07,0.81,1.73,ZoneEnter:Desk:R2,"[115,217,66,67]",0.94
2025-11-24T08:39:44.258557Z,CAM02,606322,3.15,1.12,1.67,ZoneExit:FrontDesk,"[211,223,34,62]",0.95
2025-11-24T09:34:59.892906Z,CAM01,401847,1.84,0.89,1.54,ZoneEnter:Queue,"[144,194,49,48]",0.96
2025-11-24T09:34:59.892906Z,CAM01,401847,0.96,0.68,1.71,ZoneEnter:Desk:R1,"[210,216,46,40]",0.88
2025-11-24T09:37:17.399227Z,CAM01,789280,0.85,0.87,1.67,ZoneEnter:Desk:R2,"[214,183,55,54]",0.93
2025-11-24T09:37:17.399227Z,CAM01,789280,2.15,0.85,1.54,ZoneEnter:Queue,"[86,311,60,67]",0.95
2025-11-24T09:40:07.777844Z,CAM02,789280,3.51,0.94,1.75,ZoneExit:FrontDesk,"[169,251,36,32]",0.94
2025-11-24T09:40:12.226989Z,CAM02,401847,3.6,0.97,1.87,ZoneExit:FrontDesk,"[146,300,39,42]",0.97
2025-11-24T09:48:27.864687Z,CAM01,348254,1.74,0.81,1.8,ZoneEnter:Queue,"[90,202,55,69]",0.98
2025-11-24T09:48:27.864687Z,CAM01,348254,0.77,1.04,1.83,ZoneEnter:Desk:R2,"[193,230,65,56]",0.9
2025-11-24T09:48:41.809759Z,CAM01,369269,1.53,0.93,1.36,ZoneEnter:Queue,"[91,205,49,69]",0.9
2025-11-24T09:48:41.809759Z,CAM01,369269,0.75,0.85,1.65,ZoneEnter:Desk:R1,"[137,169,30,34]",0.99
2025-11-24T09:52:08.355751Z,CAM01,439387,2.18,0.87,1.68,ZoneEnter:Queue,"[109,210,51,59]",0.98
2025-11-24T09:53:05.484074Z,CAM01,169575,1.56,0.88,1.8,ZoneEnter:Queue,"[212,242,33,53]",0.93
2025-11-24T09:54:16.795384Z,CAM01,439387,0.67,1.0,1.48,ZoneEnter:Desk:R2,"[175,223,37,56]",0.95
2025-11-24T09:54:16.795384Z,CAM02,348254,3.38,1.27,1.84,ZoneExit:FrontDesk,"[206,274,53,41]",0.99
2025-11-24T09:56:06.347423Z,CAM01,169575,0.45,0.88,1.73,ZoneEnter:Desk:R1,"[99,221,63,38]",0.88
2025-11-24T09:56:06.347423Z,CAM02,369269,3.2,0.94,1.72,ZoneExit:FrontDesk,"[89,173,43,56]",0.94
2025-11-24T09:57:46.629702Z,CAM02,439387,3.08,1.23,1.83,ZoneExit:FrontDesk,"[189,254,53,68]",0.98
2025-11-24T09:58:54.280199Z,CAM02,169575,3.27,1.21,1.77,ZoneExit:FrontDesk,"[103,197,49,44]",0.96
2025-11-24T10:07:20.894006Z,CAM01,534965,1.48,0.64,1.77,ZoneEnter:Queue,"[80,160,63,56]",0.92
2025-11-24T10:07:20.894006Z,CAM01,534965,0.86,0.96,1.72,ZoneEnter:Desk:R2,"[152,180,62,57]",0.9
2025-11-24T10:11:33.042083Z,CAM02,534965,2.57,0.94,1.71,ZoneExit:FrontDesk,"[140,251,46,37]",0.96
2025-11-24T10:35:51.258454Z,CAM01,392574,1.44,0.92,1.55,ZoneEnter:Queue,"[202,306,67,40]",0.92
2025-11-24T10:35:51.258454Z,CAM01,392574,0.58,0.88,1.7,ZoneEnter:Desk:R1,"[113,126,44,58]",0.95
2025-11-24T10:40:12.742243Z,CAM02,392574,3.58,0.96,1.69,ZoneExit:FrontDesk,"[168,156,48,61]",0.97
2025-11-24T10:52:23.497525Z,CAM01,671601,1.6,0.89,1.64,ZoneEnter:Queue,"[166,146,42,57]",0.99
2025-11-24T10:52:23.497525Z,CAM01,671601,0.59,0.81,1.68,ZoneEnter:Desk:R2,"[145,143,65,33]",0.99
2025-11-24T10:54:09.534551Z,CAM01,185535,1.78,0.98,1.72,ZoneEnter:Queue,"[178,126,34,62]",0.99
2025-11-24T10:54:09.534551Z,CAM01,185535,0.66,0.85,1.6,ZoneEnter:Desk:R1,"[173,145,42,61]",0.88
2025-11-24T10:56:40.691662Z,CAM02,185535,3.36,1.0,1.47,ZoneExit:FrontDesk,"[186,285,44,59]",0.91
2025-11-24T10:57:19.333172Z,CAM01,459558,1.59,0.99,1.69,ZoneEnter:Queue,"[199,128,40,59]",0.93
2025-11-24T10:57:19.333172Z,CAM01,459558,0.73,0.82,1.63,ZoneEnter:Desk:R1,"[198,255,67,44]",0.93
2025-11-24T10:58:04.700269Z,CAM02,671601,2.77,1.07,1.83,ZoneExit:FrontDesk,"[148,141,32,35]",0.96
2025-11-24T11:01:01.095529Z,CAM02,459558,3.86,0.94,1.68,ZoneExit:FrontDesk,"[186,249,61,60]",0.94
2025-11-24T11:02:04.674343Z,CAM01,861166,1.53,0.87,1.67,ZoneEnter:Queue,"[97,130,54,68]",0.94
2025-11-24T11:02:04.674343Z,CAM01,861166,1.04,1.07,1.67,ZoneEnter:Desk:R2,"[210,133,46,65]",0.91
2025-11-24T11:02:04.707675Z,CAM01,523068,1.93,0.6,1.73,ZoneEnter:Queue,"[166,216,37,44]",0.95
2025-11-24T11:02:04.707675Z,CAM01,523068,0.83,0.89,1.78,ZoneEnter:Desk:R1,"[88,253,52,30]",0.97
2025-11-24T11:06:16.018367Z,CAM01,661720,1.6,0.69,1.7,ZoneEnter:Queue,"[159,231,31,35]",0.87
2025-11-24T11:06:55.783471Z,CAM01,661720,0.65,1.03,1.73,ZoneEnter:Desk:R1,"[86,135,45,31]",0.95
2025-11-24T11:06:55.783471Z,CAM02,523068,2.87,1.09,1.62,ZoneExit:FrontDesk,"[97,216,33,50]",0.97
2025-11-24T11:07:00.742075Z,CAM01,590574,1.75,0.91,1.64,ZoneEnter:Queue,"[137,230,54,59]",0.92
2025-11-24T11:07:54.580551Z,CAM02,861166,3.15,0.98,1.73,ZoneExit:FrontDesk,"[201,275,39,34]",0.96
2025-11-24T11:07:54.580551Z,CAM01,590574,0.74,0.81,1.76,ZoneEnter:Desk:R2,"[138,198,69,44]",0.97
2025-11-24T11:08:17.963696Z,CAM01,866068,1.91,0.94,1.7,ZoneEnter:Queue,"[169,303,48,41]",0.96
2025-11-24T11:10:30.041740Z,CAM01,432858,1.84,0.85,1.71,ZoneEnter:Queue,"[152,141,54,69]",0.98
2025-11-24T11:10:54.877682Z,CAM01,440775,1.46,0.9,1.56,ZoneEnter:Queue,"[93,255,48,63]",0.96
2025-11-24T11:12:11.992505Z,CAM01,251998,1.88,1.03,1.68,ZoneEnter:Queue,"[95,226,54,62]",0.9
2025-11-24T11:12:42.639131Z,CAM02,661720,3.26,1.29,1.55,ZoneExit:FrontDesk,"[117,318,39,52]",0.92
2025-11-24T11:12:42.639131Z,CAM01,866068,0.57,0.8,1.5,ZoneEnter:Desk:R1,"[145,280,42,56]",0.96
2025-11-24T11:13:06.682935Z,CAM02,590574,3.3,1.12,1.69,ZoneExit:FrontDesk,"[134,205,50,57]",0.98
2025-11-24T11:13:06.682935Z,CAM01,432858,0.7,1.06,1.65,ZoneEnter:Desk:R2,"[195,173,33,39]",0.93
2025-11-24T11:13:50.997280Z,CAM01,839645,1.92,0.53,1.53,ZoneEnter:Queue,"[135,123,39,63]",0.91
2025-11-24T11:15:47.936474Z,CAM02,432858,3.25,0.97,1.61,ZoneExit:FrontDesk,"[98,234,37,49]",0.94
2025-11-24T11:15:47.936474Z,CAM01,440775,0.68,0.92,1.74,ZoneEnter:Desk:R2,"[184,169,66,45]",0.99
2025-11-24T11:15:50.861452Z,CAM01,889345,1.79,0.84,1.47,ZoneEnter:Queue,"[129,164,69,55]",0.96
2025-11-24T11:16:09.745678Z,CAM01,251998,0.7,0.89,1.45,ZoneEnter:Desk:R1,"[179,159,33,46]",0.94
2025-11-24T11:16:09.745678Z,CAM02,866068,2.95,1.09,1.65,ZoneExit:FrontDesk,"[140,308,54,37]",0.94
2025-11-24T11:17:28.105304Z,CAM01,876190,1.91,0.84,1.72,ZoneEnter:Queue,"[214,125,34,44]",0.94
2025-11-24T11:19:11.224186Z,CAM01,443406,1.57,0.85,1.52,ZoneEnter:Queue,"[105,202,33,45]",0.91
2025-11-24T11:19:31.268763Z,CAM02,251998,3.16,0.99,1.65,ZoneExit:FrontDesk,"[103,299,36,69]",0.94
2025-11-24T11:19:31.268763Z,CAM01,839645,1.12,0.95,1.78,ZoneEnter:Desk:R1,"[183,278,39,41]",0.95
2025-11-24T11:21:17.171039Z,CAM02,440775,3.65,1.09,1.68,ZoneExit:FrontDesk,"[174,160,64,33]",0.99
2025-11-24T11:21:17.171039Z,CAM01,889345,0.91,0.88,1.57,ZoneEnter:Desk:R2,"[180,172,49,41]",0.97
2025-11-24T11:23:04.785609Z,CAM01,710269,1.62,0.9,1.63,ZoneEnter:Queue,"[182,152,66,39]",0.94
2025-11-24T11:24:48.491182Z,CAM01,654621,1.49,0.83,1.55,ZoneEnter:Queue,"[216,262,58,69]",0.95
2025-11-24T11:26:55.371475Z,CAM02,839645,3.04,1.04,1.65,ZoneExit:FrontDesk,"[146,201,50,64]",0.92
2025-11-24T11:26:55.371475Z,CAM01,876190,0.79,0.96,1.74,ZoneEnter:Desk:R1,"[218,267,47,69]",0.99
2025-11-24T11:28:15.375669Z,CAM02,889345,2.99,1.25,1.5,ZoneExit:FrontDesk,"[99,280,49,35]",0.97
2025-11-24T11:28:15.375669Z,CAM01,443406,0.76,0.88,1.71,ZoneEnter:Desk:R2,"[187,196,66,39]",0.99
2025-11-24T11:29:51.264029Z,CAM01,710269,0.84,0.83,1.74,ZoneEnter:Desk:R1,"[101,190,38,58]",0.94
2025-11-24T11:29:51.264029Z,CAM02,876190,3.06,1.01,1.64,ZoneExit:FrontDesk,"[152,194,39,68]",0.97
2025-11-24T11:32:17.957492Z,CAM01,580662,2.0,0.92,1.7,ZoneEnter:Queue,"[160,274,54,69]",0.94
2025-11-24T11:33:29.699580Z,CAM01,654621,0.9,0.81,1.73,ZoneEnter:Desk:R2,"[120,270,57,69]",0.93
2025-11-24T11:33:29.699580Z,CAM02,443406,2.98,1.26,1.6,ZoneExit:FrontDesk,"[93,192,61,45]",0.98
2025-11-24T11:35:59.990510Z,CAM02,710269,3.04,1.15,1.63,ZoneExit:FrontDesk,"[188,227,62,54]",0.99
2025-11-24T11:35:59.990510Z,CAM01,580662,0.86,0.95,1.48,ZoneEnter:Desk:R1,"[174,163,39,53]",0.93
2025-11-24T11:36:28.687802Z,CAM01,552617,1.65,0.81,1.65,ZoneEnter:Queue,"[211,216,38,56]",0.96
2025-11-24T11:37:26.735061Z,CAM02,654621,3.74,1.17,1.75,ZoneExit:FrontDesk,"[161,304,51,61]",0.91
2025-11-24T11:37:26.735061Z,CAM01,552617,0.83,0.92,1.84,ZoneEnter:Desk:R2,"[203,142,39,37]",0.91
2025-11-24T11:39:25.926412Z,CAM02,552617,4.16,1.04,1.65,ZoneExit:FrontDesk,"[108,158,40,46]",0.92
2025-11-24T11:39:53.172243Z,CAM01,589152,2.12,0.84,1.7,ZoneEnter:Queue,"[158,243,63,53]",0.99
2025-11-24T11:39:53.172243Z,CAM01,589152,1.07,0.96,1.61,ZoneEnter:Desk:R2,"[147,314,33,44]",0.94
2025-11-24T11:40:23.851051Z,CAM01,298198,1.89,0.59,1.92,ZoneEnter:Queue,"[88,175,31,61]",0.95
2025-11-24T11:41:51.379774Z,CAM01,154374,1.64,0.76,1.68,ZoneEnter:Queue,"[129,313,67,65]",0.96
2025-11-24T11:42:20.175794Z,CAM02,580662,3.22,0.87,1.65,ZoneExit:FrontDesk,"[87,148,37,53]",0.95
2025-11-24T11:42:20.175794Z,CAM01,298198,0.92,0.83,1.65,ZoneEnter:Desk:R1,"[189,134,37,69]",0.93
2025-11-24T11:42:45.206997Z,CAM01,667686,1.92,0.96,1.7,ZoneEnter:Queue,"[137,189,60,60]",0.98
2025-11-24T11:42:58.159693Z,CAM02,589152,3.22,1.25,1.72,ZoneExit:FrontDesk,"[86,180,32,55]",0.99
2025-11-24T11:42:58.159693Z,CAM01,154374,0.85,0.79,1.87,ZoneEnter:Desk:R2,"[207,251,42,33]",0.91
2025-11-24T11:43:55.447101Z,CAM01,897721,1.88,0.77,1.62,ZoneEnter:Queue,"[189,318,56,66]",0.89
2025-11-24T11:45:00.536927Z,CAM01,667686,0.59,1.05,1.75,ZoneEnter:Desk:R1,"[102,212,43,50]",0.97
2025-11-24T11:45:00.536927Z,CAM02,298198,3.3,1.24,1.64,ZoneExit:FrontDesk,"[142,314,60,39]",0.93
2025-11-24T11:48:12.917360Z,CAM02,154374,3.45,1.05,1.66,ZoneExit:FrontDesk,"[168,135,66,30]",0.99
2025-11-24T11:48:12.917360Z,CAM01,897721,0.87,1.03,1.58,ZoneEnter:Desk:R2,"[154,175,34,39]",0.96
2025-11-24T11:50:09.129556Z,CAM01,964213,1.69,0.96,1.65,ZoneEnter:Queue,"[112,132,34,42]",0.97
2025-11-24T11:50:24.537833Z,CAM02,667686,3.35,1.06,1.65,ZoneExit:FrontDesk,"[170,267,47,53]",0.96
2025-11-24T11:50:24.537833Z,CAM01,964213,0.85,0.8,1.57,ZoneEnter:Desk:R1,"[125,197,38,62]",0.91
2025-11-24T11:50:24.591450Z,CAM01,598370,1.48,0.79,1.5,ZoneEnter:Queue,"[137,285,31,33]",0.95
2025-11-24T11:51:57.151620Z,CAM01,294933,1.53,0.87,1.52,ZoneEnter:Queue,"[81,244,34,63]",0.93
2025-11-24T11:52:00.833067Z,CAM01,398547,1.32,0.58,1.74,ZoneEnter:Queue,"[183,250,46,66]",0.97
2025-11-24T11:52:12.081198Z,CAM01,206865,1.59,0.87,1.75,ZoneEnter:Queue,"[164,138,41,36]",0.95
2025-11-24T11:52:22.849475Z,CAM01,556953,1.83,1.1,1.55,ZoneEnter:Queue,"[84,223,67,42]",0.99
2025-11-24T11:54:10.152036Z,CAM02,964213,3.86,1.01,1.7,ZoneExit:FrontDesk,"[134,198,44,62]",0.93
2025-11-24T11:54:10.152036Z,CAM01,598370,0.72,1.04,1.77,ZoneEnter:Desk:R1,"[193,193,57,31]",0.96
2025-11-24T11:54:27.221300Z,CAM01,152954,1.67,0.95,1.73,ZoneEnter:Queue,"[104,267,34,37]",0.93
2025-11-24T11:55:45.331555Z,CAM02,897721,3.01,1.01,1.66,ZoneExit:FrontDesk,"[156,179,45,31]",0.95
2025-11-24T11:55:45.331555Z,CAM01,294933,0.75,0.8,1.56,ZoneEnter:Desk:R2,"[88,293,51,62]",0.97
2025-11-24T11:56:20.313990Z,CAM01,398547,0.97,0.88,1.67,ZoneEnter:Desk:R1,"[131,262,62,34]",0.94
2025-11-24T11:56:20.313990Z,CAM02,598370,2.93,1.1,1.66,ZoneExit:FrontDesk,"[196,310,60,56]",0.91
2025-11-24T11:56:30.170641Z,CAM01,782735,1.38,0.75,1.7,ZoneEnter:Queue,"[125,303,47,67]",0.96
2025-11-24T11:56:36.933054Z,CAM01,533958,2.16,0.84,1.66,ZoneEnter:Queue,"[175,241,38,68]",0.96
2025-11-24T11:56:42.868800Z,CAM01,947009,1.41,0.78,1.66,ZoneEnter:Queue,"[163,129,45,44]",0.92
2025-11-24T11:57:00.684082Z,CAM01,725183,1.59,0.72,1.54,ZoneEnter:Queue,"[106,172,39,35]",0.96
2025-11-24T11:59:33.100772Z,CAM01,509230,2.01,0.86,1.53,ZoneEnter:Queue,"[150,143,69,63]",0.94
2025-11-24T11:59:37.245852Z,CAM01,206865,0.81,0.83,1.63,ZoneEnter:Desk:R2,"[105,253,52,39]",0.95
2025-11-24T11:59:37.245852Z,CAM02,294933,3.01,1.0,1.52,ZoneExit:FrontDesk,"[87,199,37,52]",0.99
2025-11-24T12:00:20.237316Z,CAM01,369512,1.69,0.98,1.49,ZoneEnter:Queue,"[82,236,40,34]",0.97
2025-11-24T12:00:27.782646Z,CAM02,398547,2.73,0.82,1.61,ZoneExit:FrontDesk,"[148,219,49,53]",0.99
2025-11-24T12:00:27.782646Z,CAM01,556953,0.9,1.11,1.63,ZoneEnter:Desk:R1,"[187,234,38,62]",0.97
2025-11-24T12:01:01.852929Z,CAM01,555255,1.95,0.97,1.66,ZoneEnter:Queue,"[95,284,64,38]",0.96
2025-11-24T12:03:18.809454Z,CAM01,152954,0.88,0.89,1.71,ZoneEnter:Desk:R2,"[87,298,54,68]",0.93
2025-11-24T12:03:18.809454Z,CAM02,206865,3.08,1.23,1.69,ZoneExit:FrontDesk,"[188,224,44,50]",0.93
2025-11-24T12:05:48.889759Z,CAM01,578774,1.72,0.83,1.71,ZoneEnter:Queue,"[218,257,57,52]",0.99
2025-11-24T12:08:11.797067Z,CAM02,152954,3.5,0.93,1.49,ZoneExit:FrontDesk,"[156,158,38,55]",0.99
2025-11-24T12:08:11.797067Z,CAM01,782735,0.88,0.85,1.58,ZoneEnter:Desk:R2,"[207,251,55,36]",0.92
2025-11-24T12:08:40.918399Z,CAM01,155563,1.86,0.76,1.72,ZoneEnter:Queue,"[102,142,50,32]",0.94
2025-11-24T12:08:48.592905Z,CAM01,877406,1.71,1.03,1.62,ZoneEnter:Queue,"[214,286,38,63]",0.93
2025-11-24T12:08:57.200983Z,CAM01,533958,1.08,0.92,1.53,ZoneEnter:Desk:R1,"[149,187,31,47]",0.95
2025-11-24T12:08:57.200983Z,CAM02,556953,3.23,0.91,1.71,ZoneExit:FrontDesk,"[187,140,41,34]",0.97
2025-11-24T12:09:43.956882Z,CAM01,620544,1.42,0.94,1.53,ZoneEnter:Queue,"[91,314,41,47]",0.9
2025-11-24T12:12:05.499988Z,CAM01,920791,2.23,0.76,1.68,ZoneEnter:Queue,"[167,249,63,61]",0.97
2025-11-24T12:12:26.956692Z,CAM01,234415,1.69,0.7,1.67,ZoneEnter:Queue,"[138,316,60,68]",0.94
2025-11-24T12:12:42.514960Z,CAM01,984935,1.54,0.8,1.7,ZoneEnter:Queue,"[114,141,45,32]",0.93
2025-11-24T12:13:34.815843Z,CAM01,947009,0.82,0.91,1.62,ZoneEnter:Desk:R2,"[200,249,57,37]",0.95
2025-11-24T12:13:34.815843Z,CAM02,782735,2.96,1.05,1.69,ZoneExit:FrontDesk,"[169,123,43,43]",0.99
2025-11-24T12:14:29.901806Z,CAM02,533958,2.97,1.01,1.57,ZoneExit:FrontDesk,"[114,314,67,63]",0.91
2025-11-24T12:14:29.901806Z,CAM01,725183,0.76,0.96,1.51,ZoneEnter:Desk:R1,"[87,150,32,49]",0.99
2025-11-24T12:15:34.047857Z,CAM01,183504,1.49,0.73,1.61,ZoneEnter:Queue,"[216,319,34,47]",0.93
2025-11-24T12:15:34.694518Z,CAM02,947009,3.06,1.01,1.67,ZoneExit:FrontDesk,"[149,156,53,62]",0.95
2025-11-24T12:15:34.694518Z,CAM01,509230,0.72,0.98,1.85,ZoneEnter:Desk:R2,"[204,144,48,67]",0.95
2025-11-24T12:15:54.744164Z,CAM01,391626,2.01,0.82,1.68,ZoneEnter:Queue,"[165,270,59,51]",0.94
2025-11-24T12:18:10.211788Z,CAM01,108101,1.86,0.95,1.68,ZoneEnter:Queue,"[133,271,62,58]",0.95
2025-11-24T12:18:13.568788Z,CAM01,427556,1.62,0.84,1.62,ZoneEnter:Queue,"[152,256,32,54]",0.93
2025-11-24T12:18:58.805405Z,CAM01,369512,0.78,0.95,1.77,ZoneEnter:Desk:R1,"[174,258,36,68]",0.93
2025-11-24T12:18:58.805405Z,CAM02,725183,3.76,1.33,1.74,ZoneExit:FrontDesk,"[206,295,66,51]",0.94
2025-11-24T12:19:07.893423Z,CAM02,509230,3.25,1.06,1.6,ZoneExit:FrontDesk,"[203,290,31,56]",0.97
2025-11-24T12:19:07.893423Z,CAM01,555255,0.66,0.8,1.61,ZoneEnter:Desk:R2,"[175,252,65,36]",0.97
2025-11-24T12:19:28.057193Z,CAM01,633422,1.45,0.84,1.57,ZoneEnter:Queue,"[92,240,52,33]",0.99
2025-11-24T12:20:26.125703Z,CAM01,217001,1.61,0.75,1.71,ZoneEnter:Queue,"[177,133,56,56]",0.94
2025-11-24T12:22:40.605072Z,CAM02,555255,3.43,1.1,1.63,ZoneExit:FrontDesk,"[217,158,37,48]",0.91
2025-11-24T12:22:40.605072Z,CAM01,578774,0.44,0.82,1.87,ZoneEnter:Desk:R2,"[114,124,63,39]",0.93
2025-11-24T12:23:03.693258Z,CAM01,994837,1.54,0.76,1.64,ZoneEnter:Queue,"[165,236,53,55]",0.97
2025-11-24T12:23:09.738164Z,CAM01,155563,0.66,0.9,1.52,ZoneEnter:Desk:R1,"[95,304,55,50]",0.93
2025-11-24T12:23:09.738164Z,CAM02,369512,3.14,1.04,1.54,ZoneExit:FrontDesk,"[95,120,39,50]",0.92
2025-11-24T12:24:26.848749Z,CAM01,481493,1.65,0.77,1.59,ZoneEnter:Queue,"[153,273,51,44]",0.96
2025-11-24T12:26:12.313543Z,CAM01,298679,1.79,0.99,1.55,ZoneEnter:Queue,"[187,184,69,40]",0.94
2025-11-24T12:27:13.119406Z,CAM01,877406,0.81,1.04,1.55,ZoneEnter:Desk:R2,"[219,257,39,46]",0.96
2025-11-24T12:27:13.119406Z,CAM02,578774,3.0,1.16,1.5,ZoneExit:FrontDesk,"[196,291,37,36]",0.93
2025-11-24T12:27:24.965976Z,CAM01,376705,1.49,0.87,1.62,ZoneEnter:Queue,"[113,152,35,57]",0.96
2025-11-24T12:27:26.197732Z,CAM02,155563,3.13,1.12,1.41,ZoneExit:FrontDesk,"[188,205,32,59]",0.94
2025-11-24T12:27:26.197732Z,CAM01,620544,0.82,0.94,1.78,ZoneEnter:Desk:R1,"[92,281,44,36]",0.94
2025-11-24T12:30:31.263028Z,CAM01,908620,1.38,0.92,1.54,ZoneEnter:Queue,"[159,265,31,45]",0.98
2025-11-24T12:30:33.479017Z,CAM01,842023,1.53,0.79,1.64,ZoneEnter:Queue,"[141,259,58,68]",0.98
2025-11-24T12:31:14.394691Z,CAM02,877406,2.99,0.85,1.57,ZoneExit:FrontDesk,"[119,164,69,36]",0.94
2025-11-24T12:31:14.394691Z,CAM01,920791,1.06,0.78,1.54,ZoneEnter:Desk:R2,"[118,311,68,58]",0.92
2025-11-24T12:32:35.598810Z,CAM01,945401,1.43,0.75,1.67,ZoneEnter:Queue,"[130,228,40,32]",0.95
2025-11-24T12:33:59.963927Z,CAM02,920791,2.56,0.81,1.66,ZoneExit:FrontDesk,"[98,278,69,38]",0.9
2025-11-24T12:33:59.963927Z,CAM01,234415,1.09,0.95,1.76,ZoneEnter:Desk:R2,"[130,185,34,41]",0.95
2025-11-24T12:34:37.577448Z,CAM01,670119,1.96,0.87,1.73,ZoneEnter:Queue,"[112,233,46,43]",0.95
2025-11-24T12:36:37.045054Z,CAM01,418224,1.41,0.8,1.74,ZoneEnter:Queue,"[99,204,36,34]",0.99
2025-11-24T12:36:37.637762Z,CAM01,805570,1.57,0.81,1.52,ZoneEnter:Queue,"[164,307,61,61]",0.97
2025-11-24T12:37:56.488062Z,CAM01,984935,0.82,1.0,1.6,ZoneEnter:Desk:R2,"[206,203,46,30]",0.93
2025-11-24T12:37:56.488062Z,CAM02,234415,3.0,1.21,1.51,ZoneExit:FrontDesk,"[218,318,57,50]",0.94
2025-11-24T12:38:43.953410Z,CAM01,183504,0.69,0.93,1.62,ZoneEnter:Desk:R1,"[187,308,56,58]",0.98
2025-11-24T12:38:43.953410Z,CAM02,620544,3.57,1.23,1.57,ZoneExit:FrontDesk,"[153,247,67,38]",0.9
2025-11-24T12:41:50.862399Z,CAM01,989950,1.71,0.79,1.64,ZoneEnter:Queue,"[214,193,42,44]",0.97
2025-11-24T12:41:53.713113Z,CAM01,137477,2.0,0.82,1.59,ZoneEnter:Queue,"[162,206,68,49]",0.97
2025-11-24T12:42:08.734246Z,CAM01,391626,0.74,0.86,1.65,ZoneEnter:Desk:R2,"[107,224,38,41]",0.91
2025-11-24T12:42:08.734246Z,CAM02,984935,3.34,1.21,1.7,ZoneExit:FrontDesk,"[142,191,60,37]",0.96
2025-11-24T12:42:27.896939Z,CAM01,108101,0.74,1.02,1.47,ZoneEnter:Desk:R1,"[85,136,67,67]",0.93
2025-11-24T12:42:27.896939Z,CAM02,183504,2.84,1.07,1.54,ZoneExit:FrontDesk,"[198,215,41,30]",0.93
2025-11-24T12:46:32.597276Z,CAM01,907013,1.59,0.9,1.72,ZoneEnter:Queue,"[158,192,63,61]",0.95
2025-11-24T12:47:17.840908Z,CAM01,614588,1.21,0.82,1.91,ZoneEnter:Queue,"[169,129,59,38]",0.93
2025-11-24T12:47:18.372024Z,CAM02,391626,3.18,1.03,1.63,ZoneExit:FrontDesk,"[196,215,37,45]",0.93
2025-11-24T12:47:18.372024Z,CAM01,427556,0.68,0.99,1.57,ZoneEnter:Desk:R2,"[131,302,59,30]",0.95
2025-11-24T12:47:52.735181Z,CAM02,108101,2.73,1.01,1.72,ZoneExit:FrontDesk,"[215,161,66,59]",0.99
2025-11-24T12:47:52.735181Z,CAM01,633422,0.92,0.87,1.77,ZoneEnter:Desk:R1,"[177,183,39,35]",0.99
2025-11-24T12:49:49.798615Z,CAM01,833439,1.53,0.74,1.55,ZoneEnter:Queue,"[94,304,58,48]",0.93
2025-11-24T12:50:19.425010Z,CAM01,217001,0.98,0.92,1.67,ZoneEnter:Desk:R2,"[90,141,67,59]",0.91
2025-11-24T12:50:19.425010Z,CAM02,427556,3.18,1.13,1.64,ZoneExit:FrontDesk,"[154,179,57,46]",0.95
2025-11-24T12:50:36.428360Z,CAM01,528544,1.56,0.85,1.62,ZoneEnter:Queue,"[164,261,67,45]",0.95
2025-11-24T12:51:50.346703Z,CAM01,994837,0.97,0.81,1.72,ZoneEnter:Desk:R1,"[219,285,36,47]",0.99
2025-11-24T12:51:50.346703Z,CAM02,633422,3.44,0.8,1.52,ZoneExit:FrontDesk,"[133,149,50,60]",0.96
2025-11-24T12:54:56.484786Z,CAM01,481493,0.61,0.9,1.75,ZoneEnter:Desk:R1,"[167,222,69,40]",0.94
2025-11-24T12:54:56.484786Z,CAM02,994837,3.2,1.16,1.65,ZoneExit:FrontDesk,"[107,252,52,42]",0.92
2025-11-24T12:55:15.844816Z,CAM01,244294,1.63,0.83,1.65,ZoneEnter:Queue,"[136,244,32,35]",0.97
2025-11-24T12:56:50.835691Z,CAM02,217001,2.42,1.1,1.43,ZoneExit:FrontDesk,"[146,172,37,53]",0.98
2025-11-24T12:56:50.835691Z,CAM01,298679,0.61,0.76,1.59,ZoneEnter:Desk:R2,"[129,222,32,45]",0.93
2025-11-24T12:57:30.453193Z,CAM01,376705,1.03,0.86,1.59,ZoneEnter:Desk:R1,"[175,288,34,60]",0.94
2025-11-24T12:57:30.453193Z,CAM02,481493,3.49,1.02,1.6,ZoneExit:FrontDesk,"[184,234,33,52]",0.91
2025-11-24T12:58:59.120019Z,CAM01,653406,1.48,0.75,1.71,ZoneEnter:Queue,"[153,217,33,45]",0.94
2025-11-24T12:59:10.590818Z,CAM01,501397,1.94,0.97,1.63,ZoneEnter:Queue,"[82,288,50,43]",0.94
2025-11-24T12:59:42.517715Z,CAM01,908620,0.69,0.91,1.74,ZoneEnter:Desk:R2,"[190,123,43,51]",0.93
2025-11-24T12:59:42.517715Z,CAM02,298679,2.74,0.95,1.71,ZoneExit:FrontDesk,"[120,296,55,67]",0.96
2025-11-24T13:01:20.670543Z,CAM01,433741,1.68,0.77,1.66,ZoneEnter:Queue,"[110,163,37,57]",0.96
2025-11-24T13:03:20.145035Z,CAM01,809340,1.46,0.8,1.65,ZoneEnter:Queue,"[131,211,45,40]",0.95
2025-11-24T13:03:20.288401Z,CAM01,842023,0.66,0.91,1.69,ZoneEnter:Desk:R2,"[120,252,52,35]",0.94
2025-11-24T13:03:20.288401Z,CAM02,908620,3.72,0.86,1.79,ZoneExit:FrontDesk,"[85,285,68,33]",0.99
2025-11-24T13:05:41.050649Z,CAM02,376705,3.35,0.94,1.74,ZoneExit:FrontDesk,"[186,243,51,43]",0.91
2025-11-24T13:05:41.050649Z,CAM01,945401,0.87,0.9,1.59,ZoneEnter:Desk:R1,"[185,306,30,50]",0.99
2025-11-24T13:06:44.704890Z,CAM02,842023,3.06,0.99,1.67,ZoneExit:FrontDesk,"[210,277,63,46]",0.93
2025-11-24T13:06:44.704890Z,CAM01,670119,0.62,0.99,1.6,ZoneEnter:Desk:R2,"[192,268,57,62]",0.92
2025-11-24T13:08:37.558756Z,CAM01,686712,1.28,0.73,1.7,ZoneEnter:Queue,"[213,319,42,32]",0.98
2025-11-24T13:09:44.421007Z,CAM01,418224,0.76,0.9,1.69,ZoneEnter:Desk:R1,"[112,296,67,33]",0.91
2025-11-24T13:09:44.421007Z,CAM02,945401,3.23,0.94,1.49,ZoneExit:FrontDesk,"[120,263,37,66]",0.88
2025-11-24T13:10:21.820841Z,CAM01,805570,0.76,0.83,1.52,ZoneEnter:Desk:R2,"[184,180,46,46]",0.96
2025-11-24T13:10:21.820841Z,CAM02,670119,3.06,1.03,1.66,ZoneExit:FrontDesk,"[202,309,41,51]",0.94
2025-11-24T13:13:19.730563Z,CAM02,418224,3.34,1.36,1.51,ZoneExit:FrontDesk,"[131,315,67,34]",0.98
2025-11-24T13:13:19.730563Z,CAM01,989950,0.56,0.86,1.59,ZoneEnter:Desk:R1,"[129,312,53,42]",0.96
2025-11-24T13:15:16.763718Z,CAM02,805570,3.1,1.29,1.55,ZoneExit:FrontDesk,"[193,258,41,43]",0.95
2025-11-24T13:15:16.763718Z,CAM01,137477,0.6,1.06,1.57,ZoneEnter:Desk:R2,"[107,260,37,59]",0.96
2025-11-24T13:16:02.192672Z,CAM01,856400,1.54,0.87,1.81,ZoneEnter:Queue,"[218,295,58,55]",0.98
2025-11-24T13:17:27.737670Z,CAM02,989950,3.13,1.01,1.47,ZoneExit:FrontDesk,"[181,135,36,46]",0.95
2025-11-24T13:17:27.737670Z,CAM01,907013,0.71,0.77,1.55,ZoneEnter:Desk:R1,"[178,298,30,60]",0.96
2025-11-24T13:17:53.911539Z,CAM01,192496,1.33,1.01,1.52,ZoneEnter:Queue,"[166,283,48,30]",0.97
2025-11-24T13:17:57.707406Z,CAM01,207699,1.4,0.7,1.66,ZoneEnter:Queue,"[181,243,34,34]",0.93
2025-11-24T13:20:36.286256Z,CAM01,988312,1.62,0.66,1.63,ZoneEnter:Queue,"[97,175,46,56]",0.97
2025-11-24T13:21:11.220092Z,CAM02,137477,3.47,1.2,1.82,ZoneExit:FrontDesk,"[112,187,48,32]",0.99
2025-11-24T13:21:11.220092Z,CAM01,614588,0.71,0.91,1.7,ZoneEnter:Desk:R2,"[140,140,68,36]",0.98
2025-11-24T13:21:37.209136Z,CAM01,644369,1.22,0.92,1.7,ZoneEnter:Queue,"[180,276,53,43]",0.96
2025-11-24T13:26:42.991299Z,CAM01,336152,2.19,0.91,1.43,ZoneEnter:Queue,"[111,124,59,56]",0.91
2025-11-24T13:26:57.917868Z,CAM01,833439,0.72,0.9,1.65,ZoneEnter:Desk:R1,"[161,293,57,47]",0.98
2025-11-24T13:26:57.917868Z,CAM02,907013,3.14,1.07,1.64,ZoneExit:FrontDesk,"[185,280,49,55]",0.99
2025-11-24T13:27:02.233307Z,CAM01,564308,1.62,1.05,1.73,ZoneEnter:Queue,"[191,230,59,65]",0.99
2025-11-24T13:28:38.959431Z,CAM01,751294,1.21,0.88,1.66,ZoneEnter:Queue,"[104,301,32,69]",0.99
2025-11-24T13:29:25.489181Z,CAM01,812077,2.15,0.8,1.55,ZoneEnter:Queue,"[121,236,56,36]",0.94
2025-11-24T13:29:27.983873Z,CAM01,528544,1.11,0.65,1.85,ZoneEnter:Desk:R2,"[154,150,52,35]",0.91
2025-11-24T13:29:27.983873Z,CAM02,614588,3.06,0.81,1.72,ZoneExit:FrontDesk,"[96,241,55,31]",0.96
2025-11-24T13:29:31.894508Z,CAM01,554111,1.58,0.67,1.7,ZoneEnter:Queue,"[88,185,50,52]",0.89
2025-11-24T13:29:47.096129Z,CAM01,593151,1.53,0.98,1.56,ZoneEnter:Queue,"[218,167,40,69]",0.94
2025-11-24T13:30:32.574132Z,CAM01,244294,0.86,0.85,1.66,ZoneEnter:Desk:R1,"[148,181,48,53]",0.95
2025-11-24T13:30:32.574132Z,CAM02,833439,3.22,1.11,1.56,ZoneExit:FrontDesk,"[140,312,52,65]",0.99
2025-11-24T13:32:05.418358Z,CAM01,167481,2.04,1.1,1.62,ZoneEnter:Queue,"[156,273,34,52]",0.98
2025-11-24T13:32:05.866553Z,CAM01,276223,1.97,0.87,1.62,ZoneEnter:Queue,"[105,182,45,62]",0.97
2025-11-24T13:32:12.561070Z,CAM01,552237,1.98,0.73,1.6,ZoneEnter:Queue,"[132,272,40,35]",0.94
2025-11-24T13:34:04.149848Z,CAM01,750603,1.54,0.75,1.7,ZoneEnter:Queue,"[126,122,55,64]",0.9
2025-11-24T13:34:20.907235Z,CAM02,244294,3.29,1.07,1.49,ZoneExit:FrontDesk,"[96,185,47,62]",0.91
2025-11-24T13:34:20.907235Z,CAM01,653406,0.96,0.86,1.67,ZoneEnter:Desk:R1,"[116,272,60,38]",0.93
2025-11-24T13:37:36.706929Z,CAM01,501397,0.69,0.95,1.68,ZoneEnter:Desk:R2,"[85,214,34,61]",0.96
2025-11-24T13:37:36.706929Z,CAM02,528544,3.01,0.93,1.76,ZoneExit:FrontDesk,"[139,290,60,65]",0.96
2025-11-24T13:38:35.646840Z,CAM01,741623,1.85,0.88,1.65,ZoneEnter:Queue,"[214,248,55,62]",0.97
2025-11-24T13:38:48.588159Z,CAM01,197357,1.65,0.62,1.66,ZoneEnter:Queue,"[114,267,43,34]",0.96
2025-11-24T13:40:06.726145Z,CAM01,433741,0.6,0.95,1.78,ZoneEnter:Desk:R1,"[213,189,48,61]",0.96
2025-11-24T13:40:06.726145Z,CAM02,653406,3.66,0.81,1.7,ZoneExit:FrontDesk,"[219,131,54,42]",0.92
2025-11-24T13:41:07.515366Z,CAM01,254692,1.57,0.89,1.53,ZoneEnter:Queue,"[219,275,42,31]",0.93
2025-11-24T13:42:04.701033Z,CAM01,541794,1.68,1.05,1.68,ZoneEnter:Queue,"[190,286,58,41]",0.95
2025-11-24T13:42:31.963376Z,CAM01,495827,1.9,0.92,1.82,ZoneEnter:Queue,"[194,232,60,51]",0.9
2025-11-24T13:44:24.522673Z,CAM02,501397,2.77,1.08,1.61,ZoneExit:FrontDesk,"[211,123,65,54]",0.97
2025-11-24T13:44:24.522673Z,CAM01,809340,0.61,0.92,1.67,ZoneEnter:Desk:R2,"[186,161,31,46]",0.94
2025-11-24T13:44:27.579287Z,CAM01,686712,1.12,0.98,1.79,ZoneEnter:Desk:R1,"[183,297,52,57]",0.96
2025-11-24T13:44:27.579287Z,CAM02,433741,3.16,1.1,1.84,ZoneExit:FrontDesk,"[122,302,45,46]",0.93
2025-11-24T13:45:22.770917Z,CAM01,316016,1.4,0.66,1.61,ZoneEnter:Queue,"[112,203,39,59]",0.92
2025-11-24T13:45:42.803751Z,CAM01,830422,1.92,0.83,1.77,ZoneEnter:Queue,"[176,312,63,51]",0.86
2025-11-24T13:46:47.407273Z,CAM02,686712,3.2,0.98,1.84,ZoneExit:FrontDesk,"[154,193,46,45]",0.89
2025-11-24T13:46:47.407273Z,CAM01,856400,0.72,0.92,1.66,ZoneEnter:Desk:R1,"[170,238,62,65]",0.97
2025-11-24T13:47:33.391054Z,CAM01,791376,1.85,0.79,1.82,ZoneEnter:Queue,"[120,232,51,66]",0.99
2025-11-24T13:47:38.360053Z,CAM01,127634,1.76,0.87,1.72,ZoneEnter:Queue,"[122,247,47,58]",0.97
2025-11-24T13:48:18.668638Z,CAM01,964678,1.9,0.97,1.56,ZoneEnter:Queue,"[179,168,36,30]",0.97
2025-11-24T13:49:37.086951Z,CAM02,809340,3.13,1.2,1.74,ZoneExit:FrontDesk,"[181,245,65,36]",0.95
2025-11-24T13:49:37.086951Z,CAM01,192496,0.7,0.98,1.71,ZoneEnter:Desk:R2,"[130,179,68,46]",0.95
2025-11-24T13:50:18.667119Z,CAM01,536049,1.8,0.93,1.96,ZoneEnter:Queue,"[195,182,68,31]",0.96
2025-11-24T13:50:35.166816Z,CAM01,133095,1.6,0.83,1.52,ZoneEnter:Queue,"[132,201,30,59]",0.95
2025-11-24T13:50:41.942220Z,CAM02,856400,3.02,1.04,1.58,ZoneExit:FrontDesk,"[177,319,58,61]",0.97
2025-11-24T13:50:41.942220Z,CAM01,207699,0.73,0.91,1.87,ZoneEnter:Desk:R1,"[126,211,47,60]",0.98
2025-11-24T13:50:52.965492Z,CAM01,272965,1.79,0.72,1.75,ZoneEnter:Queue,"[166,179,43,68]",0.96
2025-11-24T13:52:40.654634Z,CAM01,361062,1.8,1.04,1.59,ZoneEnter:Queue,"[201,226,48,61]",0.91
2025-11-24T13:52:50.209136Z,CAM01,787419,1.42,0.91,1.71,ZoneEnter:Queue,"[160,244,37,52]",0.94
2025-11-24T13:53:32.837692Z,CAM01,161845,1.58,0.67,1.38,ZoneEnter:Queue,"[180,183,65,47]",0.94
2025-11-24T13:53:54.030012Z,CAM02,207699,3.69,0.97,1.7,ZoneExit:FrontDesk,"[166,302,45,62]",0.95
2025-11-24T13:53:54.030012Z,CAM01,988312,0.91,0.93,1.58,ZoneEnter:Desk:R1,"[153,131,51,66]",0.91
2025-11-24T13:55:11.004202Z,CAM01,644369,0.9,0.84,1.83,ZoneEnter:Desk:R2,"[136,222,57,57]",0.99
2025-11-24T13:55:11.004202Z,CAM02,192496,3.0,0.79,1.56,ZoneExit:FrontDesk,"[195,210,43,47]",0.92
2025-11-24T13:56:54.417073Z,CAM02,988312,3.26,1.06,1.61,ZoneExit:FrontDesk,"[91,225,55,41]",0.9
2025-11-24T13:56:54.417073Z,CAM01,336152,0.54,1.04,1.69,ZoneEnter:Desk:R1,"[167,315,48,38]",0.99
2025-11-24T13:57:36.603392Z,CAM01,340412,1.74,0.99,1.68,ZoneEnter:Queue,"[144,313,48,55]",0.99
2025-11-24T13:57:44.298276Z,CAM01,174843,1.82,0.7,1.56,ZoneEnter:Queue,"[184,315,32,49]",0.99
2025-11-24T13:58:29.206432Z,CAM02,336152,3.02,1.09,1.56,ZoneExit:FrontDesk,"[112,227,31,65]",0.93
2025-11-24T13:58:29.206432Z,CAM01,564308,0.91,0.99,1.7,ZoneEnter:Desk:R1,"[140,261,43,48]",0.96
2025-11-24T13:58:45.918314Z,CAM02,644369,2.65,1.06,1.63,ZoneExit:FrontDesk,"[102,173,38,64]",0.94
2025-11-24T13:58:45.918314Z,CAM01,751294,0.84,0.92,1.64,ZoneEnter:Desk:R2,"[101,215,60,65]",0.99
2025-11-24T13:59:43.711079Z,CAM01,152691,1.92,0.94,1.8,ZoneEnter:Queue,"[194,272,41,33]",0.86
2025-11-24T14:00:02.224604Z,CAM01,451778,1.76,0.77,1.77,ZoneEnter:Queue,"[214,162,40,64]",0.99
2025-11-24T14:00:27.780870Z,CAM01,778046,1.83,0.89,1.8,ZoneEnter:Queue,"[104,313,33,39]",0.93
2025-11-24T14:00:39.240563Z,CAM01,766638,1.66,0.96,1.64,ZoneEnter:Queue,"[93,208,31,50]",0.96
2025-11-24T14:00:58.769794Z,CAM01,221193,1.64,0.82,1.62,ZoneEnter:Queue,"[216,246,67,51]",0.99
2025-11-24T14:02:07.233756Z,CAM02,564308,2.98,0.9,1.69,ZoneExit:FrontDesk,"[105,154,44,34]",0.92
2025-11-24T14:02:07.233756Z,CAM01,812077,0.81,0.79,1.55,ZoneEnter:Desk:R1,"[188,156,37,38]",0.93
2025-11-24T14:03:34.177363Z,CAM02,751294,3.66,1.49,1.82,ZoneExit:FrontDesk,"[127,247,64,45]",0.97
2025-11-24T14:03:34.177363Z,CAM01,554111,0.68,0.98,1.6,ZoneEnter:Desk:R2,"[212,189,66,68]",0.94
2025-11-24T14:09:05.076609Z,CAM01,593151,0.78,0.85,1.56,ZoneEnter:Desk:R2,"[93,148,39,39]",0.95
2025-11-24T14:09:05.076609Z,CAM02,554111,3.12,0.78,1.74,ZoneExit:FrontDesk,"[136,180,41,39]",0.89
2025-11-24T14:09:06.084752Z,CAM01,862492,1.58,0.84,1.75,ZoneEnter:Queue,"[181,284,40,55]",0.94
2025-11-24T14:09:28.595646Z,CAM01,167481,0.82,0.72,1.73,ZoneEnter:Desk:R1,"[196,182,51,46]",0.94
2025-11-24T14:09:28.595646Z,CAM02,812077,3.14,1.26,1.58,ZoneExit:FrontDesk,"[147,263,36,38]",0.94
2025-11-24T14:14:39.885676Z,CAM01,733801,1.94,0.79,1.82,ZoneEnter:Queue,"[194,270,57,49]",0.99
2025-11-24T14:15:06.267282Z,CAM02,593151,3.17,0.97,1.76,ZoneExit:FrontDesk,"[157,241,48,59]",0.99
2025-11-24T14:15:06.267282Z,CAM01,276223,0.88,0.9,1.93,ZoneEnter:Desk:R2,"[80,201,36,59]",0.98
2025-11-24T14:15:27.881986Z,CAM02,167481,2.78,0.96,1.64,ZoneExit:FrontDesk,"[117,260,42,46]",0.97
2025-11-24T14:15:27.881986Z,CAM01,552237,1.07,0.76,1.61,ZoneEnter:Desk:R1,"[179,214,57,44]",0.93
2025-11-24T14:19:47.784231Z,CAM02,552237,3.11,0.84,1.68,ZoneExit:FrontDesk,"[166,246,39,39]",0.95
2025-11-24T14:19:47.784231Z,CAM01,750603,0.79,0.89,1.72,ZoneEnter:Desk:R1,"[84,283,42,60]",0.94
2025-11-24T14:20:34.995112Z,CAM01,429895,1.7,0.61,1.76,ZoneEnter:Queue,"[204,188,32,64]",0.93
2025-11-24T14:20:44.943881Z,CAM01,741623,0.59,0.84,1.54,ZoneEnter:Desk:R2,"[147,228,47,39]",0.97
2025-11-24T14:20:44.943881Z,CAM02,276223,3.47,0.91,1.56,ZoneExit:FrontDesk,"[145,313,54,62]",0.88
2025-11-24T14:22:09.622361Z,CAM01,707145,1.41,0.76,1.79,ZoneEnter:Queue,"[130,248,63,67]",0.91
2025-11-24T14:24:32.474800Z,CAM02,750603,2.95,1.26,1.73,ZoneExit:FrontDesk,"[213,240,65,50]",0.95
2025-11-24T14:24:32.474800Z,CAM01,197357,0.78,1.03,1.56,ZoneEnter:Desk:R1,"[110,123,42,37]",0.94
2025-11-24T14:25:37.634407Z,CAM02,741623,3.3,0.92,1.56,ZoneExit:FrontDesk,"[180,309,60,69]",0.94
2025-11-24T14:25:37.634407Z,CAM01,254692,0.6,0.92,1.58,ZoneEnter:Desk:R2,"[85,151,40,41]",0.91
2025-11-24T14:26:42.272526Z,CAM01,594595,1.67,0.75,1.46,ZoneEnter:Queue,"[124,209,47,48]",0.94
2025-11-24T14:27:28.047155Z,CAM01,541794,1.01,0.88,1.85,ZoneEnter:Desk:R2,"[191,281,49,38]",0.96
2025-11-24T14:27:28.047155Z,CAM02,254692,3.14,0.9,1.74,ZoneExit:FrontDesk,"[91,256,54,44]",0.97
2025-11-24T14:29:59.172023Z,CAM01,495827,0.73,0.87,1.78,ZoneEnter:Desk:R1,"[163,316,38,66]",0.99
2025-11-24T14:29:59.172023Z,CAM02,197357,2.94,1.3,1.66,ZoneExit:FrontDesk,"[194,126,67,54]",0.93
2025-11-24T14:32:47.109740Z,CAM02,495827,3.5,0.93,1.7,ZoneExit:FrontDesk,"[211,188,51,39]",0.93
2025-11-24T14:32:47.109740Z,CAM01,316016,0.83,0.97,1.73,ZoneEnter:Desk:R1,"[187,253,48,65]",0.95
2025-11-24T14:33:52.115010Z,CAM01,877210,1.81,0.77,1.61,ZoneEnter:Queue,"[217,254,55,35]",0.99
2025-11-24T14:34:14.562573Z,CAM02,541794,3.49,0.96,1.68,ZoneExit:FrontDesk,"[97,174,61,46]",0.93
2025-11-24T14:34:14.562573Z,CAM01,830422,0.99,0.99,1.74,ZoneEnter:Desk:R2,"[182,239,33,40]",0.96
2025-11-24T14:35:17.470449Z,CAM01,630697,1.75,0.93,1.56,ZoneEnter:Queue,"[198,316,57,32]",0.93
2025-11-24T14:36:28.253735Z,CAM01,411443,2.0,0.89,1.63,ZoneEnter:Queue,"[88,243,35,31]",0.95
2025-11-24T14:36:58.058046Z,CAM01,686457,1.82,0.84,1.59,ZoneEnter:Queue,"[180,204,47,44]",0.98
2025-11-24T14:37:40.631642Z,CAM02,316016,2.88,1.11,1.71,ZoneExit:FrontDesk,"[211,219,66,69]",0.95
2025-11-24T14:37:40.631642Z,CAM01,791376,0.86,0.92,1.62,ZoneEnter:Desk:R1,"[85,287,37,38]",0.91
2025-11-24T14:39:24.525942Z,CAM01,127634,0.81,0.89,1.5,ZoneEnter:Desk:R2,"[86,138,52,59]",0.92
2025-11-24T14:39:24.525942Z,CAM02,830422,3.19,0.87,1.77,ZoneExit:FrontDesk,"[202,264,65,69]",0.94
2025-11-24T14:39:42.713189Z,CAM01,460677,1.86,0.72,1.73,ZoneEnter:Queue,"[116,204,52,37]",0.93
2025-11-24T14:42:20.214558Z,CAM01,534595,1.28,0.98,1.73,ZoneEnter:Queue,"[98,181,69,59]",0.91
2025-11-24T14:42:26.896387Z,CAM02,791376,3.37,0.88,1.72,ZoneExit:FrontDesk,"[154,125,36,37]",0.94
2025-11-24T14:42:26.896387Z,CAM01,964678,0.76,1.04,1.61,ZoneEnter:Desk:R1,"[148,205,61,46]",0.92
2025-11-24T14:42:46.166240Z,CAM01,335545,2.17,0.54,1.67,ZoneEnter:Queue,"[206,225,61,40]",0.96
2025-11-24T14:45:18.018361Z,CAM01,536049,0.64,0.76,1.64,ZoneEnter:Desk:R1,"[166,307,61,59]",0.98
2025-11-24T14:45:18.018361Z,CAM02,964678,3.57,1.31,1.65,ZoneExit:FrontDesk,"[218,253,30,33]",0.95
2025-11-24T14:46:26.313086Z,CAM01,649742,1.79,0.81,1.75,ZoneEnter:Queue,"[122,178,54,53]",0.9
2025-11-24T14:46:39.867539Z,CAM01,328335,1.6,0.74,1.71,ZoneEnter:Queue,"[111,174,55,45]",0.98
2025-11-24T14:46:53.358710Z,CAM02,127634,3.82,1.03,1.55,ZoneExit:FrontDesk,"[149,156,48,52]",0.94
2025-11-24T14:46:53.358710Z,CAM01,133095,0.58,1.1,1.66,ZoneEnter:Desk:R2,"[154,286,41,53]",0.98
2025-11-24T14:47:16.228992Z,CAM01,117324,0.94,0.77,1.59,ZoneEnter:Queue,"[179,147,66,63]",0.97
2025-11-24T14:48:54.189446Z,CAM01,620894,1.95,0.87,1.36,ZoneEnter:Queue,"[124,272,46,34]",0.96
2025-11-24T14:49:01.059355Z,CAM01,272965,1.06,0.8,1.53,ZoneEnter:Desk:R2,"[215,137,37,43]",0.92
2025-11-24T14:49:01.059355Z,CAM02,133095,3.44,1.09,1.76,ZoneExit:FrontDesk,"[146,217,54,40]",0.94
2025-11-24T14:49:04.773488Z,CAM01,540693,1.76,0.86,1.77,ZoneEnter:Queue,"[122,266,34,36]",0.99
2025-11-24T14:49:06.069328Z,CAM02,536049,3.57,0.99,1.64,ZoneExit:FrontDesk,"[165,218,45,50]",0.91
2025-11-24T14:49:06.069328Z,CAM01,361062,0.75,0.92,1.8,ZoneEnter:Desk:R1,"[125,202,60,67]",0.97
2025-11-24T14:49:26.462959Z,CAM01,745566,1.37,0.94,1.75,ZoneEnter:Queue,"[90,197,56,68]",0.97
2025-11-24T14:52:16.201094Z,CAM01,787419,0.62,0.95,1.65,ZoneEnter:Desk:R1,"[148,125,35,69]",0.91
2025-11-24T14:52:16.201094Z,CAM02,361062,2.91,0.73,1.66,ZoneExit:FrontDesk,"[81,294,58,58]",0.95
2025-11-24T14:53:09.725075Z,CAM01,974440,1.24,0.82,1.57,ZoneEnter:Queue,"[152,158,69,45]",0.95
2025-11-24T14:56:12.715511Z,CAM01,161845,0.65,0.83,1.56,ZoneEnter:Desk:R1,"[175,140,60,54]",0.94
2025-11-24T14:56:12.715511Z,CAM02,787419,3.35,1.08,1.67,ZoneExit:FrontDesk,"[97,229,52,69]",0.88
2025-11-24T14:57:22.393119Z,CAM01,340412,0.87,0.96,1.74,ZoneEnter:Desk:R2,"[81,170,69,54]",0.97
2025-11-24T14:57:22.393119Z,CAM02,272965,3.14,1.19,1.48,ZoneExit:FrontDesk,"[93,309,57,32]",0.96
2025-11-24T14:58:06.958036Z,CAM01,249075,1.93,0.78,1.68,ZoneEnter:Queue,"[166,202,49,59]",0.99
2025-11-24T14:59:09.207854Z,CAM01,174843,0.81,0.82,1.67,ZoneEnter:Desk:R1,"[202,234,37,45]",0.96
2025-11-24T14:59:09.207854Z,CAM02,161845,2.87,0.88,1.56,ZoneExit:FrontDesk,"[208,156,59,51]",0.95
2025-11-24T15:00:27.737214Z,CAM01,998838,0.65,0.86,1.39,ZoneEnter:Queue,"[170,238,30,55]",0.95
2025-11-24T15:02:43.748230Z,CAM02,340412,3.22,1.25,1.65,ZoneExit:FrontDesk,"[97,303,67,38]",0.97
2025-11-24T15:02:43.748230Z,CAM01,152691,0.76,0.88,1.47,ZoneEnter:Desk:R2,"[207,246,44,65]",0.95
2025-11-24T15:03:00.291815Z,CAM02,174843,2.92,0.9,1.66,ZoneExit:FrontDesk,"[122,121,38,66]",0.88
2025-11-24T15:03:00.291815Z,CAM01,451778,0.79,0.93,1.66,ZoneEnter:Desk:R1,"[140,236,64,37]",0.96
2025-11-24T15:06:00.661634Z,CAM01,778046,0.49,0.98,1.69,ZoneEnter:Desk:R1,"[133,136,49,49]",0.95
2025-11-24T15:06:00.661634Z,CAM02,451778,3.45,0.99,1.72,ZoneExit:FrontDesk,"[82,212,54,62]",0.93
2025-11-24T15:07:08.389229Z,CAM01,437191,1.84,0.83,1.59,ZoneEnter:Queue,"[211,254,36,31]",0.96
2025-11-24T15:07:39.900329Z,CAM01,766638,0.92,0.86,1.7,ZoneEnter:Desk:R2,"[189,263,35,65]",0.89
2025-11-24T15:07:39.900329Z,CAM02,152691,3.57,0.97,1.54,ZoneExit:FrontDesk,"[176,316,65,47]",0.95
2025-11-24T15:08:02.100073Z,CAM01,856096,1.8,0.94,1.73,ZoneEnter:Queue,"[108,224,50,47]",0.95
2025-11-24T15:10:35.981189Z,CAM01,221193,0.97,0.91,1.67,ZoneEnter:Desk:R2,"[88,139,65,69]",0.99
2025-11-24T15:10:35.981189Z,CAM02,766638,3.25,1.05,1.74,ZoneExit:FrontDesk,"[84,215,51,36]",0.97
2025-11-24T15:10:53.994060Z,CAM01,821992,1.72,0.96,1.46,ZoneEnter:Queue,"[102,201,59,61]",0.95
2025-11-24T15:11:12.424638Z,CAM02,778046,3.09,1.19,1.68,ZoneExit:FrontDesk,"[83,260,30,48]",0.94
2025-11-24T15:11:12.424638Z,CAM01,862492,0.74,0.98,1.63,ZoneEnter:Desk:R1,"[198,217,48,38]",0.96
2025-11-24T15:11:58.042820Z,CAM01,227012,1.68,0.76,1.66,ZoneEnter:Queue,"[110,188,60,51]",0.98
2025-11-24T15:14:15.170886Z,CAM02,221193,3.26,1.13,1.46,ZoneExit:FrontDesk,"[206,225,53,53]",0.93
2025-11-24T15:14:15.170886Z,CAM01,733801,1.05,0.97,1.65,ZoneEnter:Desk:R2,"[117,244,69,31]",0.91
2025-11-24T15:15:47.356660Z,CAM02,862492,3.32,0.98,1.71,ZoneExit:FrontDesk,"[96,240,33,45]",0.96
2025-11-24T15:15:47.356660Z,CAM01,429895,0.67,0.95,1.53,ZoneEnter:Desk:R1,"[184,197,57,50]",0.9
2025-11-24T15:16:40.936606Z,CAM02,733801,3.36,1.05,1.62,ZoneExit:FrontDesk,"[183,305,54,48]",0.97
2025-11-24T15:16:40.936606Z,CAM01,707145,0.82,1.0,1.46,ZoneEnter:Desk:R2,"[133,249,44,59]",0.93
2025-11-24T15:19:47.631547Z,CAM02,707145,3.45,1.12,1.7,ZoneExit:FrontDesk,"[141,256,40,32]",0.98
2025-11-24T15:19:47.631547Z,CAM01,594595,0.91,0.86,1.58,ZoneEnter:Desk:R2,"[88,120,64,43]",0.94
2025-11-24T15:20:46.016646Z,CAM01,877210,0.96,0.86,1.46,ZoneEnter:Desk:R1,"[156,265,50,35]",0.97
2025-11-24T15:20:46.016646Z,CAM02,429895,2.89,1.19,1.69,ZoneExit:FrontDesk,"[119,202,56,61]",0.98
2025-11-24T15:22:38.864679Z,CAM01,630697,0.73,0.93,1.57,ZoneEnter:Desk:R2,"[132,291,38,55]",0.95
2025-11-24T15:22:38.864679Z,CAM02,594595,3.06,1.37,1.72,ZoneExit:FrontDesk,"[152,313,40,66]",0.89
2025-11-24T15:25:51.156835Z,CAM01,261194,1.64,0.71,1.51,ZoneEnter:Queue,"[217,193,44,34]",0.95
2025-11-24T15:26:43.451455Z,CAM01,411443,0.69,0.92,1.49,ZoneEnter:Desk:R1,"[165,210,62,37]",0.97
2025-11-24T15:26:43.451455Z,CAM02,877210,3.19,1.13,1.81,ZoneExit:FrontDesk,"[109,169,67,42]",0.97
2025-11-24T15:29:11.286941Z,CAM02,630697,3.39,1.01,1.66,ZoneExit:FrontDesk,"[115,284,61,46]",0.96
2025-11-24T15:29:11.286941Z,CAM01,686457,0.89,0.83,1.69,ZoneEnter:Desk:R2,"[109,152,41,56]",0.96
2025-11-24T15:33:35.356443Z,CAM01,301443,1.49,0.95,1.73,ZoneEnter:Queue,"[128,289,60,66]",0.97
2025-11-24T15:34:32.690459Z,CAM02,411443,3.34,0.98,1.62,ZoneExit:FrontDesk,"[170,281,59,44]",0.97
2025-11-24T15:34:32.690459Z,CAM01,460677,0.62,0.82,1.75,ZoneEnter:Desk:R1,"[193,309,59,65]",0.93
2025-11-24T15:35:02.079272Z,CAM02,686457,3.12,1.27,1.58,ZoneExit:FrontDesk,"[202,275,61,49]",0.92
2025-11-24T15:35:02.079272Z,CAM01,534595,0.7,0.95,1.41,ZoneEnter:Desk:R2,"[95,126,64,57]",0.96
2025-11-24T15:36:02.568294Z,CAM01,793787,2.07,0.83,1.61,ZoneEnter:Queue,"[171,149,32,44]",0.96
2025-11-24T15:37:31.036864Z,CAM02,460677,2.92,0.97,1.73,ZoneExit:FrontDesk,"[174,177,55,37]",0.95
2025-11-24T15:37:31.036864Z,CAM01,335545,0.77,0.94,1.63,ZoneEnter:Desk:R1,"[135,217,43,45]",0.99
2025-11-24T15:39:53.563972Z,CAM01,704898,1.63,0.71,1.61,ZoneEnter:Queue,"[116,166,68,37]",0.95
2025-11-24T15:40:07.279665Z,CAM01,316318,1.51,0.82,1.52,ZoneEnter:Queue,"[193,157,55,47]",0.97
2025-11-24T15:40:47.232055Z,CAM02,534595,3.08,1.03,1.54,ZoneExit:FrontDesk,"[153,169,43,60]",0.96
2025-11-24T15:40:47.232055Z,CAM01,649742,0.82,0.83,1.47,ZoneEnter:Desk:R2,"[91,298,51,38]",0.94
2025-11-24T15:41:26.727581Z,CAM01,328335,1.15,0.8,1.54,ZoneEnter:Desk:R1,"[209,160,65,68]",0.93
2025-11-24T15:41:26.727581Z,CAM02,335545,3.36,0.88,1.65,ZoneExit:FrontDesk,"[98,303,58,57]",0.89
2025-11-24T15:45:30.393954Z,CAM02,328335,3.46,0.79,1.65,ZoneExit:FrontDesk,"[128,126,46,47]",0.95
2025-11-24T15:45:30.393954Z,CAM01,117324,0.81,0.96,1.68,ZoneEnter:Desk:R1,"[204,207,37,38]",0.94
2025-11-24T15:45:37.277235Z,CAM01,398814,1.98,0.68,1.7,ZoneEnter:Queue,"[167,244,48,46]",0.96
2025-11-24T15:46:14.257912Z,CAM02,649742,3.48,1.12,1.73,ZoneExit:FrontDesk,"[97,304,44,57]",0.97
2025-11-24T15:46:14.257912Z,CAM01,620894,0.72,0.75,1.84,ZoneEnter:Desk:R2,"[174,196,67,52]",0.9
2025-11-24T15:51:46.813513Z,CAM01,540693,0.73,0.95,1.63,ZoneEnter:Desk:R1,"[148,166,61,49]",0.94
2025-11-24T15:51:46.813513Z,CAM02,117324,3.26,0.85,1.64,ZoneExit:FrontDesk,"[119,139,54,52]",0.94
2025-11-24T15:52:18.182024Z,CAM01,647285,1.8,0.87,1.96,ZoneEnter:Queue,"[148,176,37,69]",0.89
2025-11-24T15:52:57.631759Z,CAM01,745566,0.76,0.91,1.77,ZoneEnter:Desk:R2,"[166,127,49,51]",0.99
2025-11-24T15:52:57.631759Z,CAM02,620894,3.42,1.23,1.56,ZoneExit:FrontDesk,"[173,196,35,31]",0.98
2025-11-24T15:54:27.334786Z,CAM01,232574,1.46,1.13,1.71,ZoneEnter:Queue,"[145,277,62,39]",0.96
2025-11-24T15:55:15.870274Z,CAM01,974440,1.01,0.79,1.73,ZoneEnter:Desk:R1,"[128,288,37,48]",0.94
2025-11-24T15:55:15.870274Z,CAM02,540693,3.14,1.4,1.64,ZoneExit:FrontDesk,"[141,234,45,65]",0.96
2025-11-24T15:56:50.718743Z,CAM01,604919,1.44,0.67,1.76,ZoneEnter:Queue,"[206,239,47,31]",0.92
2025-11-24T15:56:55.402020Z,CAM02,745566,2.65,1.12,1.76,ZoneExit:FrontDesk,"[183,189,42,63]",0.97
2025-11-24T15:56:55.402020Z,CAM01,249075,1.06,0.73,1.54,ZoneEnter:Desk:R2,"[90,282,58,67]",0.93
2025-11-24T15:58:04.043312Z,CAM01,998838,0.58,0.88,1.73,ZoneEnter:Desk:R1,"[91,200,61,67]",0.97
2025-11-24T15:58:04.043312Z,CAM02,974440,3.09,1.27,1.66,ZoneExit:FrontDesk,"[101,221,30,31]",0.97
2025-11-24T16:02:14.949847Z,CAM02,998838,2.79,0.98,1.76,ZoneExit:FrontDesk,"[126,271,66,59]",0.93
2025-11-24T16:02:14.949847Z,CAM01,437191,0.54,1.07,1.76,ZoneEnter:Desk:R1,"[116,248,63,61]",0.89
2025-11-24T16:02:54.672128Z,CAM02,249075,3.09,0.92,1.72,ZoneExit:FrontDesk,"[109,133,59,48]",0.96
2025-11-24T16:02:54.672128Z,CAM01,856096,1.03,0.79,1.55,ZoneEnter:Desk:R2,"[181,318,38,66]",0.97
2025-11-24T16:04:25.021575Z,CAM01,572063,1.66,0.83,1.57,ZoneEnter:Queue,"[145,234,58,61]",0.95
2025-11-24T16:07:35.323339Z,CAM01,421443,1.35,0.84,1.59,ZoneEnter:Queue,"[80,126,68,30]",0.91
2025-11-24T16:09:09.052708Z,CAM01,698464,1.41,1.06,1.74,ZoneEnter:Queue,"[177,227,68,34]",0.92
2025-11-24T16:09:13.757591Z,CAM02,437191,3.17,1.17,1.64,ZoneExit:FrontDesk,"[100,260,44,56]",0.97
2025-11-24T16:09:13.757591Z,CAM01,821992,0.91,0.83,1.59,ZoneEnter:Desk:R1,"[159,246,53,61]",0.93
2025-11-24T16:09:56.678662Z,CAM01,227012,1.04,1.05,1.57,ZoneEnter:Desk:R2,"[84,132,52,64]",0.96
2025-11-24T16:09:56.678662Z,CAM02,856096,2.93,1.27,1.72,ZoneExit:FrontDesk,"[159,236,57,52]",0.96
2025-11-24T16:12:33.024390Z,CAM02,821992,3.96,0.9,1.66,ZoneExit:FrontDesk,"[194,218,49,44]",0.98
2025-11-24T16:12:33.024390Z,CAM01,261194,0.85,0.77,1.7,ZoneEnter:Desk:R1,"[174,216,47,62]",0.92
2025-11-24T16:16:10.997266Z,CAM01,239908,2.03,0.89,1.58,ZoneEnter:Queue,"[178,173,36,59]",0.93
2025-11-24T16:16:20.075574Z,CAM01,513432,1.29,0.88,1.55,ZoneEnter:Queue,"[122,264,38,68]",0.97
2025-11-24T16:17:29.054535Z,CAM02,227012,3.15,1.05,1.7,ZoneExit:FrontDesk,"[156,252,38,32]",0.95
2025-11-24T16:17:29.054535Z,CAM01,301443,0.44,1.02,1.55,ZoneEnter:Desk:R2,"[100,195,48,68]",0.95
2025-11-24T16:19:40.837532Z,CAM02,261194,2.83,1.28,1.45,ZoneExit:FrontDesk,"[128,252,53,43]",0.93
2025-11-24T16:19:40.837532Z,CAM01,793787,0.87,0.87,1.61,ZoneEnter:Desk:R1,"[219,247,32,34]",0.96
2025-11-24T16:23:16.497385Z,CAM02,301443,3.37,1.05,1.81,ZoneExit:FrontDesk,"[181,189,45,36]",0.92
2025-11-24T16:23:16.497385Z,CAM01,704898,0.86,0.9,1.76,ZoneEnter:Desk:R2,"[204,251,42,52]",0.96
2025-11-24T16:27:18.917344Z,CAM01,316318,0.88,1.07,1.66,ZoneEnter:Desk:R1,"[168,248,41,68]",0.95
2025-11-24T16:27:18.917344Z,CAM02,793787,3.46,1.05,1.53,ZoneExit:FrontDesk,"[189,207,49,49]",0.97
2025-11-24T16:28:38.665603Z,CAM02,704898,3.29,1.04,1.57,ZoneExit:FrontDesk,"[114,318,34,60]",0.99
2025-11-24T16:28:38.665603Z,CAM01,398814,0.46,0.85,1.59,ZoneEnter:Desk:R2,"[157,179,36,43]",0.96
2025-11-24T16:30:23.643797Z,CAM02,316318,3.58,1.38,1.68,ZoneExit:FrontDesk,"[107,255,63,64]",0.95
2025-11-24T16:30:23.643797Z,CAM01,647285,0.74,0.93,1.67,ZoneEnter:Desk:R1,"[108,250,61,66]",0.93
2025-11-24T16:34:07.615192Z,CAM02,398814,3.23,1.07,1.69,ZoneExit:FrontDesk,"[160,255,49,58]",0.9
2025-11-24T16:34:07.615192Z,CAM01,232574,0.66,0.84,1.55,ZoneEnter:Desk:R2,"[123,227,51,49]",0.93
2025-11-24T16:34:36.864548Z,CAM02,647285,3.32,1.22,1.77,ZoneExit:FrontDesk,"[215,141,32,63]",0.99
2025-11-24T16:34:36.864548Z,CAM01,604919,0.75,0.77,1.57,ZoneEnter:Desk:R1,"[102,313,65,34]",0.96
2025-11-24T16:36:49.705977Z,CAM01,191882,1.84,0.81,1.78,ZoneEnter:Queue,"[81,254,46,35]",0.89
2025-11-24T16:38:43.009433Z,CAM01,552040,1.47,0.81,1.69,ZoneEnter:Queue,"[200,149,30,43]",0.91
2025-11-24T16:40:25.584778Z,CAM02,604919,3.35,1.3,1.68,ZoneExit:FrontDesk,"[146,288,33,62]",0.97
2025-11-24T16:40:25.584778Z,CAM01,572063,0.6,0.89,1.78,ZoneEnter:Desk:R1,"[111,257,52,68]",0.92
2025-11-24T16:40:32.949770Z,CAM01,776910,1.83,0.77,1.79,ZoneEnter:Queue,"[137,140,31,59]",0.98
2025-11-24T16:42:01.655978Z,CAM01,421443,0.9,0.81,1.74,ZoneEnter:Desk:R2,"[80,132,67,30]",0.98
2025-11-24T16:42:01.655978Z,CAM02,232574,3.61,1.33,1.62,ZoneExit:FrontDesk,"[176,276,47,64]",0.93
2025-11-24T16:43:57.847979Z,CAM01,698464,0.49,0.9,1.68,ZoneEnter:Desk:R1,"[165,295,45,47]",0.98
2025-11-24T16:43:57.847979Z,CAM02,572063,2.91,0.96,1.76,ZoneExit:FrontDesk,"[115,123,66,31]",0.97
2025-11-24T16:44:43.042340Z,CAM02,421443,3.21,0.91,1.67,ZoneExit:FrontDesk,"[107,285,34,60]",0.97
2025-11-24T16:44:43.042340Z,CAM01,239908,0.58,0.71,1.67,ZoneEnter:Desk:R2,"[92,295,59,54]",0.94
2025-11-24T16:48:08.749315Z,CAM02,239908,2.92,0.99,1.59,ZoneExit:FrontDesk,"[176,165,55,58]",0.98
2025-11-24T16:48:08.749315Z,CAM01,513432,0.72,0.91,1.87,ZoneEnter:Desk:R2,"[169,259,37,44]",0.91
2025-11-24T16:50:32.304434Z,CAM01,191882,0.94,0.9,1.75,ZoneEnter:Desk:R1,"[213,198,53,64]",0.96
2025-11-24T16:50:32.304434Z,CAM02,698464,3.58,1.29,1.69,ZoneExit:FrontDesk,"[180,177,69,68]",0.93
2025-11-24T16:52:40.447168Z,CAM01,372950,1.42,0.8,1.65,ZoneEnter:Queue,"[140,204,67,66]",0.99
2025-11-24T16:53:47.100373Z,CAM02,513432,3.17,1.11,1.6,ZoneExit:FrontDesk,"[123,215,39,37]",0.94
2025-11-24T16:53:47.100373Z,CAM01,552040,0.67,0.99,1.78,ZoneEnter:Desk:R2,"[123,274,33,60]",0.89
2025-11-24T16:54:44.836587Z,CAM02,191882,3.26,0.85,1.68,ZoneExit:FrontDesk,"[189,184,53,41]",0.99
2025-11-24T16:54:44.836587Z,CAM01,776910,0.71,0.95,1.79,ZoneEnter:Desk:R1,"[87,198,30,61]",0.94
2025-11-24T16:56:13.633123Z,CAM02,552040,3.34,1.19,1.58,ZoneExit:FrontDesk,"[185,257,35,62]",0.99
2025-11-24T16:56:13.633123Z,CAM01,372950,0.88,0.7,1.66,ZoneEnter:Desk:R2,"[106,298,32,62]",0.93
2025-11-24T16:58:09.546723Z,CAM01,834053,1.79,0.96,1.76,ZoneEnter:Queue,"[194,155,67,57]",0.96
2025-11-24T16:59:34.825584Z,CAM02,372950,3.64,1.07,1.59,ZoneExit:FrontDesk,"[196,127,67,32]",0.97
2025-11-24T16:59:34.825584Z,CAM01,834053,1.04,1.12,1.89,ZoneEnter:Desk:R2,"[217,155,49,49]",0.97
2025-11-24T17:03:37.503554Z,CAM02,776910,3.26,1.25,1.74,ZoneExit:FrontDesk,"[170,254,39,68]",0.9
2025-11-24T17:04:37.079855Z,CAM02,834053,3.86,1.11,1.43,ZoneExit:FrontDesk,"[215,288,31,68]",0.88
2025-11-24T17:07:48.487521Z,CAM01,473777,0.62,0.87,1.75,ZoneEnter:Desk:R1,"[134,138,48,35]",0.9
2025-11-24T17:07:48.487521Z,CAM01,473777,1.59,0.99,1.73,ZoneEnter:Queue,"[154,232,50,32]",0.95
2025-11-24T17:08:29.700753Z,CAM01,605906,1.51,0.92,1.75,ZoneEnter:Queue,"[172,272,64,63]",0.93
2025-11-24T17:08:29.700753Z,CAM01,605906,0.67,0.77,1.47,ZoneEnter:Desk:R2,"[170,202,66,54]",0.95
2025-11-24T17:09:10.152132Z,CAM01,480162,1.57,0.71,1.81,ZoneEnter:Queue,"[114,124,68,30]",0.98
2025-11-24T17:09:42.364188Z,CAM01,784194,1.74,1.0,1.77,ZoneEnter:Queue,"[192,243,44,46]",0.96
2025-11-24T17:11:38.289985Z,CAM02,473777,3.1,1.16,1.67,ZoneExit:FrontDesk,"[132,260,37,37]",0.95
2025-11-24T17:11:38.289985Z,CAM01,480162,0.82,0.85,1.6,ZoneEnter:Desk:R1,"[214,231,30,33]",0.97
2025-11-24T17:12:05.909075Z,CAM02,605906,3.1,0.99,1.72,ZoneExit:FrontDesk,"[89,199,53,47]",0.93
2025-11-24T17:12:05.909075Z,CAM01,784194,0.75,0.95,1.68,ZoneEnter:Desk:R2,"[201,244,56,54]",0.94
2025-11-24T17:13:03.479383Z,CAM01,565640,1.81,0.76,1.7,ZoneEnter:Queue,"[137,136,46,36]",0.99
2025-11-24T17:15:24.725250Z,CAM02,784194,3.65,1.47,1.73,ZoneExit:FrontDesk,"[136,212,48,60]",0.95
2025-11-24T17:15:24.725250Z,CAM01,565640,1.08,0.88,1.68,ZoneEnter:Desk:R2,"[193,264,35,46]",0.95
2025-11-24T17:18:51.722156Z,CAM02,565640,3.34,1.09,1.72,ZoneExit:FrontDesk,"[173,224,53,42]",0.96
2025-11-24T17:20:16.743411Z,CAM02,480162,3.14,1.26,1.61,ZoneExit:FrontDesk,"[182,257,54,33]",0.91
2025-11-24T17:24:18.762817Z,CAM01,145590,0.84,0.69,1.68,ZoneEnter:Desk:R2,"[148,250,68,41]",0.99
2025-11-24T17:24:18.762817Z,CAM01,145590,1.87,0.81,1.68,ZoneEnter:Queue,"[188,207,45,41]",0.94
2025-11-24T17:25:39.751898Z,CAM01,961362,1.69,0.74,1.68,ZoneEnter:Queue,"[190,297,45,46]",0.99
2025-11-24T17:25:39.751898Z,CAM01,961362,1.1,0.93,1.72,ZoneEnter:Desk:R1,"[83,131,42,49]",0.97
2025-11-24T17:26:25.134682Z,CAM01,960315,1.6,0.63,1.56,ZoneEnter:Queue,"[123,177,69,55]",0.91
2025-11-24T17:27:03.230110Z,CAM01,170439,1.82,0.88,1.48,ZoneEnter:Queue,"[166,206,67,45]",0.92
2025-11-24T17:28:22.620940Z,CAM02,145590,3.02,1.2,1.58,ZoneExit:FrontDesk,"[159,163,63,31]",0.99
2025-11-24T17:28:22.620940Z,CAM01,960315,0.74,1.06,1.72,ZoneEnter:Desk:R2,"[145,130,36,47]",0.96
2025-11-24T17:31:20.493016Z,CAM01,349656,1.95,0.82,1.71,ZoneEnter:Queue,"[205,180,47,69]",0.95
2025-11-24T17:32:01.834506Z,CAM02,961362,3.59,0.95,1.83,ZoneExit:FrontDesk,"[187,301,41,55]",0.93
2025-11-24T17:32:01.834506Z,CAM01,170439,0.85,0.84,1.64,ZoneEnter:Desk:R1,"[101,300,62,60]",0.93
2025-11-24T17:37:35.589856Z,CAM01,349656,0.98,1.06,1.64,ZoneEnter:Desk:R2,"[198,133,32,41]",0.97
2025-11-24T17:37:35.589856Z,CAM02,960315,3.42,1.4,1.8,ZoneExit:FrontDesk,"[188,301,59,31]",0.99
2025-11-24T17:38:22.254192Z,CAM02,170439,2.97,1.17,1.78,ZoneExit:FrontDesk,"[180,166,51,58]",0.97
2025-11-24T17:40:37.079466Z,CAM01,713817,1.51,0.81,1.7,ZoneEnter:Queue,"[143,190,65,53]",0.97
2025-11-24T17:40:37.079466Z,CAM01,713817,0.61,0.8,1.6,ZoneEnter:Desk:R1,"[198,319,52,35]",0.94
2025-11-24T17:43:57.443790Z,CAM02,713817,3.52,1.03,1.32,ZoneExit:FrontDesk,"[113,230,51,42]",0.99
2025-11-24T17:44:33.502948Z,CAM02,349656,3.14,0.95,1.61,ZoneExit:FrontDesk,"[132,208,39,49]",0.94
2025-11-24T17:46:35.118395Z,CAM01,703581,1.59,1.0,1.64,ZoneEnter:Queue,"[153,290,65,60]",0.93
2025-11-24T17:46:35.118395Z,CAM01,703581,0.76,0.89,1.53,ZoneEnter:Desk:R1,"[154,289,36,45]",0.92
2025-11-24T17:50:22.829542Z,CAM02,703581,3.26,1.31,1.6,ZoneExit:FrontDesk,"[174,213,62,48]",0.94
2025-11-24T17:50:54.471867Z,CAM01,928798,1.12,0.88,1.6,ZoneEnter:Desk:R2,"[212,189,37,48]",0.92
2025-11-24T17:50:54.471867Z,CAM01,928798,1.62,0.99,1.7,ZoneEnter:Queue,"[171,206,30,38]",0.97
2025-11-24T17:54:17.115893Z,CAM01,510681,0.74,0.97,1.74,ZoneEnter:Desk:R1,"[89,285,43,49]",0.91
2025-11-24T17:54:17.115893Z,CAM01,510681,1.81,0.86,1.71,ZoneEnter:Queue,"[186,304,51,59]",0.97
2025-11-24T17:57:23.726852Z,CAM02,928798,3.45,1.14,1.56,ZoneExit:FrontDesk,"[200,149,56,61]",0.93
2025-11-24T17:59:01.766560Z,CAM02,510681,3.45,1.04,1.77,ZoneExit:FrontDesk,"[104,234,57,66]",0.95
2025-11-24T18:01:59.064608Z,CAM01,790567,1.79,0.8,1.57,ZoneEnter:Queue,"[154,234,63,63]",0.93
2025-11-24T18:01:59.064608Z,CAM01,790567,0.83,0.8,1.45,ZoneEnter:Desk:R2,"[193,189,49,65]",0.96
2025-11-24T18:02:38.076253Z,CAM01,186812,1.55,0.82,1.64,ZoneEnter:Queue,"[186,166,61,50]",0.95
2025-11-24T18:02:38.076253Z,CAM01,186812,0.83,0.85,1.55,ZoneEnter:Desk:R1,"[208,168,59,35]",0.97
2025-11-24T18:07:03.845047Z,CAM02,790567,2.78,0.98,1.56,ZoneExit:FrontDesk,"[131,209,51,33]",0.98
2025-11-24T18:07:26.793491Z,CAM01,903825,1.58,0.82,1.73,ZoneEnter:Queue,"[186,220,55,48]",0.94
2025-11-24T18:07:26.793491Z,CAM01,903825,0.94,0.77,1.66,ZoneEnter:Desk:R2,"[117,184,51,61]",0.94
2025-11-24T18:08:17.948541Z,CAM01,484686,1.75,0.93,1.68,ZoneEnter:Queue,"[138,120,40,34]",0.97
2025-11-24T18:10:22.295111Z,CAM01,484686,0.85,0.56,1.76,ZoneEnter:Desk:R1,"[82,174,45,55]",0.95
2025-11-24T18:10:22.295111Z,CAM02,186812,3.16,0.99,1.5,ZoneExit:FrontDesk,"[151,128,68,38]",0.93
2025-11-24T18:10:43.354822Z,CAM02,903825,2.99,1.25,1.48,ZoneExit:FrontDesk,"[121,285,55,58]",0.97
2025-11-24T18:11:27.662729Z,CAM01,589332,0.43,0.81,1.7,ZoneEnter:Desk:R2,"[165,184,64,44]",0.93
2025-11-24T18:11:27.662729Z,CAM01,589332,1.67,0.83,1.66,ZoneEnter:Queue,"[176,183,49,68]",0.99
2025-11-24T18:13:42.401884Z,CAM02,484686,3.27,1.2,1.65,ZoneExit:FrontDesk,"[194,188,58,69]",0.99
2025-11-24T18:14:50.797697Z,CAM01,991486,0.87,0.97,1.57,ZoneEnter:Desk:R1,"[98,282,60,48]",0.91
2025-11-24T18:14:50.797697Z,CAM01,991486,1.56,0.81,1.72,ZoneEnter:Queue,"[97,129,47,43]",0.94
2025-11-24T18:18:22.211060Z,CAM01,720689,1.83,1.04,1.46,ZoneEnter:Queue,"[114,126,48,33]",0.97
2025-11-24T18:20:24.862111Z,CAM01,720689,0.96,0.94,1.55,ZoneEnter:Desk:R2,"[190,270,55,43]",0.96
2025-11-24T18:20:24.862111Z,CAM02,589332,3.44,1.34,1.75,ZoneExit:FrontDesk,"[177,283,56,59]",0.97
2025-11-24T18:20:31.779973Z,CAM02,991486,3.37,1.19,1.6,ZoneExit:FrontDesk,"[148,121,61,42]",0.99
2025-11-24T18:23:41.970606Z,CAM02,720689,3.17,1.22,1.66,ZoneExit:FrontDesk,"[154,254,54,49]",0.98
2025-11-24T18:35:23.723898Z,CAM01,179825,2.15,0.89,1.74,ZoneEnter:Queue,"[191,302,65,47]",0.92
2025-11-24T18:35:23.723898Z,CAM01,179825,0.98,0.83,1.83,ZoneEnter:Desk:R1,"[101,191,30,39]",0.91
2025-11-24T18:39:03.335842Z,CAM02,179825,3.41,0.87,1.59,ZoneExit:FrontDesk,"[184,233,45,33]",0.93
2025-11-24T18:40:23.681555Z,CAM01,976732,1.72,0.81,1.63,ZoneEnter:Queue,"[205,131,48,68]",0.9
2025-11-24T18:40:23.681555Z,CAM01,976732,0.6,0.91,1.65,ZoneEnter:Desk:R2,"[205,274,30,36]",0.95
2025-11-24T18:43:33.040404Z,CAM01,642887,1.76,1.07,1.72,ZoneEnter:Queue,"[113,277,48,44]",0.96
2025-11-24T18:43:33.040404Z,CAM01,642887,0.79,1.07,1.53,ZoneEnter:Desk:R1,"[128,213,66,61]",0.96
2025-11-24T18:44:27.751217Z,CAM01,136201,1.74,0.76,1.73,ZoneEnter:Queue,"[188,139,62,39]",0.98
2025-11-24T18:44:39.862052Z,CAM02,976732,3.51,1.08,1.66,ZoneExit:FrontDesk,"[199,171,34,33]",0.96
2025-11-24T18:44:39.862052Z,CAM01,136201,0.97,0.92,1.53,ZoneEnter:Desk:R2,"[174,170,61,31]",0.94
2025-11-24T18:45:53.750276Z,CAM01,550290,1.77,1.06,1.57,ZoneEnter:Queue,"[162,310,46,66]",0.93
2025-11-24T18:47:57.601265Z,CAM01,550290,0.64,0.69,1.66,ZoneEnter:Desk:R2,"[156,237,35,56]",0.93
2025-11-24T18:47:57.601265Z,CAM02,136201,3.29,1.29,1.76,ZoneExit:FrontDesk,"[132,191,57,36]",0.91
2025-11-24T18:48:57.405057Z,CAM02,642887,3.19,1.26,1.82,ZoneExit:FrontDesk,"[183,160,41,59]",0.93
2025-11-24T18:51:06.940272Z,CAM01,442006,1.77,1.11,1.56,ZoneEnter:Queue,"[127,251,65,53]",0.96
2025-11-24T18:51:06.940272Z,CAM01,442006,0.66,0.76,1.65,ZoneEnter:Desk:R1,"[152,249,39,48]",0.94
2025-11-24T18:51:08.240862Z,CAM02,550290,3.06,1.09,1.57,ZoneExit:FrontDesk,"[137,302,58,47]",0.95
2025-11-24T18:51:30.525046Z,CAM01,495226,1.84,1.03,1.64,ZoneEnter:Queue,"[89,197,32,34]",0.92
2025-11-24T18:51:30.525046Z,CAM01,495226,0.77,0.79,1.69,ZoneEnter:Desk:R2,"[205,149,31,60]",0.98
2025-11-24T18:52:24.991823Z,CAM01,255082,1.64,0.73,1.7,ZoneEnter:Queue,"[126,205,67,35]",0.95
2025-11-24T18:54:07.839775Z,CAM02,442006,3.32,0.95,1.51,ZoneExit:FrontDesk,"[92,276,41,52]",0.94
2025-11-24T18:54:07.839775Z,CAM01,255082,0.76,0.93,1.67,ZoneEnter:Desk:R1,"[130,207,51,37]",0.97
2025-11-24T18:56:47.783338Z,CAM02,255082,3.49,1.32,1.63,ZoneExit:FrontDesk,"[108,277,32,50]",0.95
2025-11-24T18:57:04.948690Z,CAM02,495226,3.09,1.1,1.54,ZoneExit:FrontDesk,"[191,240,30,33]",0.95
2025-11-24T18:58:47.624200Z,CAM01,696673,1.94,0.96,1.66,ZoneEnter:Queue,"[137,265,51,56]",0.94
2025-11-24T18:58:47.624200Z,CAM01,696673,0.48,0.78,1.6,ZoneEnter:Desk:R1,"[176,288,46,41]",0.99
2025-11-24T19:00:39.350662Z,CAM01,418533,0.85,0.91,1.54,ZoneEnter:Desk:R2,"[179,181,66,31]",0.98
2025-11-24T19:00:39.350662Z,CAM01,418533,1.58,0.88,1.73,ZoneEnter:Queue,"[121,211,68,47]",0.99
2025-11-24T19:01:16.916782Z,CAM01,367925,1.51,0.78,1.6,ZoneEnter:Queue,"[88,310,53,37]",0.93
2025-11-24T19:02:48.000675Z,CAM02,696673,3.04,1.34,1.57,ZoneExit:FrontDesk,"[194,247,64,64]",0.95
2025-11-24T19:02:48.000675Z,CAM01,367925,0.4,0.92,1.57,ZoneEnter:Desk:R1,"[215,201,40,62]",0.91
2025-11-24T19:03:26.621292Z,CAM01,199067,1.55,0.85,1.63,ZoneEnter:Queue,"[177,172,42,64]",0.92
2025-11-24T19:04:38.848725Z,CAM02,418533,2.73,1.07,1.71,ZoneExit:FrontDesk,"[190,172,45,32]",0.98
2025-11-24T19:04:38.848725Z,CAM01,199067,0.88,0.94,1.69,ZoneEnter:Desk:R2,"[201,207,49,53]",0.92
2025-11-24T19:05:57.883136Z,CAM01,873603,1.68,0.89,1.73,ZoneEnter:Queue,"[130,219,63,51]",0.97
2025-11-24T19:08:38.849947Z,CAM01,641632,1.42,0.84,1.57,ZoneEnter:Queue,"[129,172,30,40]",0.99
2025-11-24T19:08:48.012791Z,CAM02,367925,3.47,1.08,1.68,ZoneExit:FrontDesk,"[107,300,38,43]",0.93
2025-11-24T19:08:48.012791Z,CAM01,873603,0.88,0.99,1.67,ZoneEnter:Desk:R1,"[119,245,56,45]",0.95
2025-11-24T19:09:53.749742Z,CAM02,199067,3.4,0.88,1.69,ZoneExit:FrontDesk,"[206,167,63,59]",0.93
2025-11-24T19:09:53.749742Z,CAM01,641632,0.57,0.84,1.61,ZoneEnter:Desk:R2,"[131,285,61,52]",0.97
2025-11-24T19:13:55.011545Z,CAM02,873603,3.16,1.18,1.71,ZoneExit:FrontDesk,"[116,277,44,34]",0.87
2025-11-24T19:14:29.762449Z,CAM02,641632,3.55,1.09,1.64,ZoneExit:FrontDesk,"[80,290,36,58]",0.97
2025-11-24T19:19:07.160694Z,CAM01,890492,1.67,0.91,1.61,ZoneEnter:Queue,"[186,192,62,32]",0.85
2025-11-24T19:19:07.160694Z,CAM01,890492,0.65,0.94,1.75,ZoneEnter:Desk:R1,"[114,196,44,63]",0.96
2025-11-24T19:23:44.885781Z,CAM02,890492,2.91,0.96,1.64,ZoneExit:FrontDesk,"[181,229,56,58]",0.99
2025-11-24T19:25:04.156086Z,CAM01,863651,1.87,0.94,1.56,ZoneEnter:Queue,"[139,264,50,31]",0.92
2025-11-24T19:25:04.156086Z,CAM01,863651,0.65,0.99,1.94,ZoneEnter:Desk:R2,"[130,243,34,59]",0.95
2025-11-24T19:26:01.979773Z,CAM01,713712,1.96,0.92,1.78,ZoneEnter:Queue,"[86,201,66,37]",0.91
2025-11-24T19:26:01.979773Z,CAM01,713712,0.83,0.76,1.58,ZoneEnter:Desk:R1,"[176,187,52,52]",0.98
2025-11-24T19:26:10.988651Z,CAM01,799842,1.42,0.66,1.54,ZoneEnter:Queue,"[186,186,57,44]",0.99
2025-11-24T19:29:20.783788Z,CAM02,713712,3.12,1.08,1.56,ZoneExit:FrontDesk,"[200,235,56,56]",0.96
2025-11-24T19:29:20.783788Z,CAM01,799842,0.82,0.91,1.65,ZoneEnter:Desk:R1,"[82,239,60,48]",0.98
2025-11-24T19:30:01.418626Z,CAM01,772475,1.79,0.81,1.66,ZoneEnter:Queue,"[194,122,40,51]",0.97
2025-11-24T19:31:04.881636Z,CAM01,772475,0.86,0.94,1.6,ZoneEnter:Desk:R2,"[101,221,64,34]",0.93
2025-11-24T19:31:04.881636Z,CAM02,863651,3.24,1.03,1.46,ZoneExit:FrontDesk,"[215,262,62,54]",0.95
2025-11-24T19:32:15.098022Z,CAM02,799842,3.08,0.91,1.59,ZoneExit:FrontDesk,"[172,188,64,52]",0.97
2025-11-24T19:32:59.541714Z,CAM01,302031,1.97,0.9,1.66,ZoneEnter:Queue,"[129,209,32,33]",0.97
2025-11-24T19:32:59.541714Z,CAM01,302031,0.91,0.8,1.62,ZoneEnter:Desk:R1,"[160,131,54,64]",0.95
2025-11-24T19:33:17.261459Z,CAM02,772475,3.26,0.83,1.54,ZoneExit:FrontDesk,"[212,260,44,57]",0.93
2025-11-24T19:35:19.166433Z,CAM01,212172,1.42,0.95,1.54,ZoneEnter:Queue,"[184,165,59,53]",0.92
2025-11-24T19:35:19.166433Z,CAM01,212172,0.83,0.88,1.8,ZoneEnter:Desk:R2,"[191,222,61,31]",0.95
2025-11-24T19:40:46.740246Z,CAM02,302031,3.04,0.68,1.74,ZoneExit:FrontDesk,"[134,249,54,60]",0.95
2025-11-24T19:41:36.279571Z,CAM01,752118,0.81,0.74,1.48,ZoneEnter:Desk:R1,"[191,150,45,43]",0.95
2025-11-24T19:41:36.279571Z,CAM01,752118,1.91,0.92,1.59,ZoneEnter:Queue,"[114,250,32,46]",0.98
2025-11-24T19:41:56.462420Z,CAM01,705713,2.14,0.67,1.7,ZoneEnter:Queue,"[205,208,32,34]",0.9
2025-11-24T19:42:01.828250Z,CAM02,212172,3.15,1.18,1.72,ZoneExit:FrontDesk,"[85,185,41,48]",0.92
2025-11-24T19:42:01.828250Z,CAM01,705713,0.78,0.87,1.65,ZoneEnter:Desk:R2,"[107,206,34,43]",0.93
2025-11-24T19:42:37.048056Z,CAM01,189252,1.66,0.7,1.74,ZoneEnter:Queue,"[128,172,30,52]",0.93
2025-11-24T19:46:30.896921Z,CAM02,705713,2.79,1.06,1.63,ZoneExit:FrontDesk,"[148,175,50,63]",0.96
2025-11-24T19:46:30.896921Z,CAM01,189252,1.06,0.86,1.58,ZoneEnter:Desk:R2,"[122,179,34,53]",0.95
2025-11-24T19:46:45.272910Z,CAM02,752118,3.11,1.07,1.76,ZoneExit:FrontDesk,"[163,174,31,32]",0.99
2025-11-24T19:49:02.051460Z,CAM02,189252,3.56,0.93,1.91,ZoneExit:FrontDesk,"[93,233,41,67]",0.91
2025-11-24T19:51:51.060867Z,CAM01,850334,1.69,0.79,1.7,ZoneEnter:Queue,"[184,270,66,63]",0.99
2025-11-24T19:51:51.060867Z,CAM01,850334,0.7,0.92,1.6,ZoneEnter:Desk:R1,"[98,135,42,45]",0.94
2025-11-24T19:57:46.785869Z,CAM01,314404,1.64,1.01,1.58,ZoneEnter:Queue,"[137,155,51,48]",0.97
2025-11-24T19:57:46.785869Z,CAM01,314404,0.75,0.94,1.65,ZoneEnter:Desk:R2,"[117,156,61,55]",0.94
2025-11-24T19:59:05.523165Z,CAM02,850334,3.05,1.13,1.57,ZoneExit:FrontDesk,"[99,127,64,55]",0.9
2025-11-24T20:00:55.696793Z,CAM02,314404,3.36,0.8,1.51,ZoneExit:FrontDesk,"[107,225,56,65]",0.97
2025-11-24T20:03:26.424666Z,CAM01,448377,1.99,0.67,1.8,ZoneEnter:Queue,"[160,216,53,61]",0.97
2025-11-24T20:03:26.424666Z,CAM01,448377,1.12,0.87,1.63,ZoneEnter:Desk:R1,"[104,198,59,47]",0.93
2025-11-24T20:07:53.316290Z,CAM02,448377,3.53,0.86,1.69,ZoneExit:FrontDesk,"[203,297,62,50]",0.99
2025-11-24T20:53:52.024856Z,CAM01,840088,1.77,0.84,1.76,ZoneEnter:Queue,"[210,235,43,30]",0.95
2025-11-24T20:53:52.024856Z,CAM01,840088,0.67,0.92,1.72,ZoneEnter:Desk:R2,"[151,270,45,54]",0.93
2025-11-24T21:00:52.993927Z,CAM02,840088,2.82,1.2,1.69,ZoneExit:FrontDesk,"[121,216,66,62]",0.96
2025-11-24T21:02:33.766378Z,CAM01,480672,1.68,0.69,1.65,ZoneEnter:Queue,"[169,162,53,57]",0.88
2025-11-24T21:02:33.766378Z,CAM01,480672,0.76,0.92,1.56,ZoneEnter:Desk:R1,"[109,250,56,52]",0.99
2025-11-24T21:07:33.908465Z,CAM02,480672,3.45,1.33,1.64,ZoneExit:FrontDesk,"[177,123,43,54]",0.96
2025-11-24T21:07:54.096310Z,CAM01,657183,0.59,0.9,1.76,ZoneEnter:Desk:R2,"[119,228,35,65]",0.96
2025-11-24T21:07:54.096310Z,CAM01,657183,1.8,0.89,1.63,ZoneEnter:Queue,"[216,150,69,50]",0.99
2025-11-24T21:10:56.310366Z,CAM02,657183,2.69,1.27,1.82,ZoneExit:FrontDesk,"[219,144,55,59]",0.95
2025-11-24T21:17:49.485602Z,CAM01,854667,1.76,0.88,1.54,ZoneEnter:Queue,"[84,144,56,32]",0.93
2025-11-24T21:17:49.485602Z,CAM01,854667,0.84,0.87,1.67,ZoneEnter:Desk:R1,"[145,232,51,31]",0.96
2025-11-24T21:22:15.664859Z,CAM02,854667,3.19,0.99,1.8,ZoneExit:FrontDesk,"[106,212,69,59]",0.93
2025-11-25T08:06:57.224842Z,CAM01,426736,1.57,0.64,1.5,ZoneEnter:Queue,"[111,274,68,64]",0.99
2025-11-25T08:06:57.224842Z,CAM01,426736,0.79,0.84,1.52,ZoneEnter:Desk:R1,"[102,240,53,30]",0.93
2025-11-25T08:08:59.697006Z,CAM01,977533,1.54,0.82,1.77,ZoneEnter:Queue,"[188,303,41,67]",0.96
2025-11-25T08:08:59.697006Z,CAM01,977533,0.66,0.91,1.59,ZoneEnter:Desk:R2,"[161,140,40,43]",0.91
2025-11-25T08:09:16.636616Z,CAM02,426736,3.24,1.13,1.82,ZoneExit:FrontDesk,"[147,286,44,34]",0.97
2025-11-25T08:10:38.674064Z,CAM01,556155,0.85,0.98,1.69,ZoneEnter:Desk:R1,"[86,204,55,46]",0.93
2025-11-25T08:10:38.674064Z,CAM01,556155,1.36,0.68,1.56,ZoneEnter:Queue,"[129,133,37,48]",0.93
2025-11-25T08:11:39.974586Z,CAM02,977533,3.15,1.16,1.72,ZoneExit:FrontDesk,"[109,294,42,42]",0.99
2025-11-25T08:13:07.941031Z,CAM01,134372,1.56,0.68,1.83,ZoneEnter:Queue,"[211,319,53,42]",0.96
2025-11-25T08:13:07.941031Z,CAM01,134372,0.72,1.03,1.77,ZoneEnter:Desk:R2,"[206,204,58,51]",0.98
2025-11-25T08:16:21.679588Z,CAM02,134372,3.49,1.13,1.59,ZoneExit:FrontDesk,"[196,308,48,49]",0.96
2025-11-25T08:16:52.802641Z,CAM02,556155,3.32,0.94,1.57,ZoneExit:FrontDesk,"[98,137,53,34]",0.97
2025-11-25T08:36:00.764778Z,CAM01,391523,1.82,0.76,1.8,ZoneEnter:Queue,"[124,163,67,40]",0.88
2025-11-25T08:36:00.764778Z,CAM01,391523,0.98,0.78,1.64,ZoneEnter:Desk:R2,"[181,268,66,43]",0.92
2025-11-25T08:37:29.345524Z,CAM01,725810,2.12,0.84,1.77,ZoneEnter:Queue,"[197,165,30,53]",0.94
2025-11-25T08:37:29.345524Z,CAM01,725810,0.82,0.97,1.58,ZoneEnter:Desk:R1,"[157,221,56,48]",0.9
2025-11-25T08:40:49.732744Z,CAM02,391523,3.12,1.0,1.8,ZoneExit:FrontDesk,"[187,293,38,44]",0.96
2025-11-25T08:41:03.630872Z,CAM02,725810,3.22,0.86,1.6,ZoneExit:FrontDesk,"[114,122,48,51]",0.91
2025-11-25T08:41:38.645511Z,CAM01,315941,1.77,0.93,1.62,ZoneEnter:Queue,"[191,185,37,64]",0.92
2025-11-25T08:41:38.645511Z,CAM01,315941,0.76,0.84,1.57,ZoneEnter:Desk:R2,"[114,265,54,66]",0.98
2025-11-25T08:43:27.575078Z,CAM01,739719,1.61,0.93,1.72,ZoneEnter:Queue,"[218,298,33,38]",0.92
2025-11-25T08:43:27.575078Z,CAM01,739719,0.7,0.97,1.62,ZoneEnter:Desk:R1,"[117,235,53,49]",0.95
2025-11-25T08:45:10.052998Z,CAM01,348655,2.0,0.97,1.55,ZoneEnter:Queue,"[107,134,48,34]",0.94
2025-11-25T08:46:32.383747Z,CAM02,315941,2.89,1.18,1.5,ZoneExit:FrontDesk,"[170,206,51,45]",0.95
2025-11-25T08:46:32.383747Z,CAM01,348655,0.86,0.86,1.83,ZoneEnter:Desk:R2,"[82,181,58,37]",0.97
2025-11-25T08:46:47.194807Z,CAM02,739719,2.8,1.32,1.58,ZoneExit:FrontDesk,"[120,314,64,66]",0.99
2025-11-25T08:51:57.107422Z,CAM01,398332,0.98,0.91,1.79,ZoneEnter:Desk:R1,"[197,208,67,47]",0.91
2025-11-25T08:51:57.107422Z,CAM01,398332,1.46,0.51,1.78,ZoneEnter:Queue,"[148,180,65,59]",0.93
2025-11-25T08:52:20.329721Z,CAM02,348655,3.27,1.14,1.55,ZoneExit:FrontDesk,"[181,189,50,62]",0.98
2025-11-25T08:54:15.731733Z,CAM02,398332,2.73,1.02,1.57,ZoneExit:FrontDesk,"[87,154,60,63]",0.99
2025-11-25T08:57:47.681280Z,CAM01,657920,1.96,0.83,1.57,ZoneEnter:Queue,"[108,269,63,64]",0.95
2025-11-25T08:57:47.681280Z,CAM01,657920,0.66,0.92,1.44,ZoneEnter:Desk:R2,"[179,227,59,52]",0.92
2025-11-25T08:58:33.328231Z,CAM01,312537,1.84,0.75,1.54,ZoneEnter:Queue,"[203,141,68,51]",0.91
2025-11-25T08:58:33.328231Z,CAM01,312537,0.95,0.89,1.56,ZoneEnter:Desk:R1,"[160,191,60,39]",0.95
2025-11-25T09:00:19.894929Z,CAM02,657920,3.02,1.04,1.54,ZoneExit:FrontDesk,"[202,165,69,43]",0.92
2025-11-25T09:04:33.241941Z,CAM01,975406,0.9,0.87,1.66,ZoneEnter:Desk:R2,"[180,122,51,69]",0.95
2025-11-25T09:04:33.241941Z,CAM01,975406,1.58,0.83,1.54,ZoneEnter:Queue,"[80,305,55,53]",0.93
2025-11-25T09:04:35.071094Z,CAM02,312537,3.5,1.13,1.63,ZoneExit:FrontDesk,"[130,211,67,45]",0.96
2025-11-25T09:07:42.648275Z,CAM02,975406,3.18,1.36,1.6,ZoneExit:FrontDesk,"[159,317,67,49]",0.97
2025-11-25T09:20:36.102253Z,CAM01,697387,2.2,0.95,1.64,ZoneEnter:Queue,"[142,213,36,42]",0.98
2025-11-25T09:20:36.102253Z,CAM01,697387,0.67,1.0,1.81,ZoneEnter:Desk:R1,"[144,210,57,45]",0.94
2025-11-25T09:24:32.378438Z,CAM02,697387,3.4,1.32,1.81,ZoneExit:FrontDesk,"[93,302,49,64]",0.94
2025-11-25T09:32:27.821390Z,CAM01,294172,1.59,0.82,1.57,ZoneEnter:Queue,"[126,136,54,42]",0.94
2025-11-25T09:32:27.821390Z,CAM01,294172,0.7,0.97,1.71,ZoneEnter:Desk:R2,"[164,224,38,54]",0.94
2025-11-25T09:35:42.034246Z,CAM02,294172,2.62,1.23,1.55,ZoneExit:FrontDesk,"[157,304,46,66]",0.95
2025-11-25T09:35:53.020516Z,CAM01,459923,0.97,0.83,1.56,ZoneEnter:Desk:R1,"[164,216,51,59]",0.96
2025-11-25T09:35:53.020516Z,CAM01,459923,1.73,0.87,1.69,ZoneEnter:Queue,"[207,172,53,30]",0.97
2025-11-25T09:40:18.432743Z,CAM02,459923,3.05,1.02,1.64,ZoneExit:FrontDesk,"[128,168,39,64]",0.94
2025-11-25T09:45:54.349960Z,CAM01,693842,1.73,0.82,1.56,ZoneEnter:Queue,"[80,269,51,32]",0.92
2025-11-25T09:45:54.349960Z,CAM01,693842,0.85,0.82,1.63,ZoneEnter:Desk:R2,"[158,196,50,42]",0.95
2025-11-25T09:51:25.515263Z,CAM02,693842,2.91,1.34,1.53,ZoneExit:FrontDesk,"[209,166,54,65]",0.94
2025-11-25T09:52:22.844926Z,CAM01,280379,1.44,1.11,1.63,ZoneEnter:Queue,"[132,229,66,54]",0.96
2025-11-25T09:52:22.844926Z,CAM01,280379,0.98,0.96,1.61,ZoneEnter:Desk:R1,"[204,200,68,39]",0.96
2025-11-25T09:57:10.011648Z,CAM01,497337,0.81,0.92,1.56,ZoneEnter:Desk:R2,"[155,228,54,43]",0.96
2025-11-25T09:57:10.011648Z,CAM01,497337,1.76,0.95,1.46,ZoneEnter:Queue,"[187,303,35,31]",0.92
2025-11-25T09:58:18.006385Z,CAM02,280379,3.18,1.17,1.75,ZoneExit:FrontDesk,"[189,286,30,32]",0.92
2025-11-25T10:00:00.271493Z,CAM02,497337,3.06,1.1,1.51,ZoneExit:FrontDesk,"[177,138,48,42]",0.99
2025-11-25T10:00:08.749491Z,CAM01,409148,1.69,0.77,1.49,ZoneEnter:Queue,"[184,131,63,40]",0.99
2025-11-25T10:00:08.749491Z,CAM01,409148,0.58,1.04,1.82,ZoneEnter:Desk:R1,"[213,312,66,43]",0.96
2025-11-25T10:02:21.531840Z,CAM02,409148,3.06,1.28,1.61,ZoneExit:FrontDesk,"[122,163,35,43]",0.96
2025-11-25T10:23:20.160655Z,CAM01,311129,2.1,0.75,1.82,ZoneEnter:Queue,"[144,163,47,57]",0.86
2025-11-25T10:23:20.160655Z,CAM01,311129,0.83,0.9,1.51,ZoneEnter:Desk:R2,"[146,170,49,41]",0.9
2025-11-25T10:24:06.332709Z,CAM01,251179,1.73,0.75,1.71,ZoneEnter:Queue,"[156,310,57,32]",0.91
2025-11-25T10:24:06.332709Z,CAM01,251179,0.86,1.02,1.63,ZoneEnter:Desk:R1,"[126,220,59,53]",0.94
2025-11-25T10:24:55.965194Z,CAM01,528226,1.64,0.85,1.57,ZoneEnter:Queue,"[97,126,39,31]",0.93
2025-11-25T10:26:42.727111Z,CAM02,311129,2.98,1.21,1.78,ZoneExit:FrontDesk,"[111,174,53,52]",0.97
2025-11-25T10:26:42.727111Z,CAM01,528226,0.94,0.88,1.69,ZoneEnter:Desk:R2,"[111,287,33,49]",0.94
2025-11-25T10:27:42.070087Z,CAM01,678259,1.46,0.67,1.68,ZoneEnter:Queue,"[93,198,32,33]",0.98
2025-11-25T10:27:58.518858Z,CAM02,251179,3.28,1.06,1.68,ZoneExit:FrontDesk,"[210,215,47,65]",0.93
2025-11-25T10:27:58.518858Z,CAM01,678259,1.13,0.89,1.58,ZoneEnter:Desk:R1,"[156,188,68,60]",0.95
2025-11-25T10:30:26.836877Z,CAM02,678259,2.69,1.25,1.78,ZoneExit:FrontDesk,"[217,314,51,63]",0.95
2025-11-25T10:30:40.537083Z,CAM02,528226,3.05,1.27,1.66,ZoneExit:FrontDesk,"[113,160,60,35]",0.99
2025-11-25T10:43:01.414728Z,CAM01,717054,0.93,0.92,1.9,ZoneEnter:Desk:R1,"[131,158,30,44]",0.94
2025-11-25T10:43:01.414728Z,CAM01,717054,1.61,0.79,1.63,ZoneEnter:Queue,"[114,223,66,61]",0.99
2025-11-25T10:44:30.655072Z,CAM01,385116,1.82,0.75,1.62,ZoneEnter:Queue,"[94,122,63,37]",0.91
2025-11-25T10:44:30.655072Z,CAM01,385116,0.73,0.87,1.66,ZoneEnter:Desk:R2,"[97,189,48,46]",0.93
2025-11-25T10:48:25.524390Z,CAM02,385116,3.52,1.01,1.82,ZoneExit:FrontDesk,"[218,258,49,53]",0.92
2025-11-25T10:49:14.610575Z,CAM02,717054,3.54,1.09,1.67,ZoneExit:FrontDesk,"[114,153,51,65]",0.99
2025-11-25T10:58:38.227727Z,CAM01,937184,1.79,0.84,1.64,ZoneEnter:Queue,"[219,265,63,61]",0.97
2025-11-25T10:58:38.227727Z,CAM01,937184,0.96,0.77,1.56,ZoneEnter:Desk:R2,"[157,285,63,38]",0.99
2025-11-25T11:00:29.172406Z,CAM01,877270,0.67,0.92,1.68,ZoneEnter:Desk:R1,"[138,255,48,55]",0.97
2025-11-25T11:00:29.172406Z,CAM01,877270,1.06,0.89,1.71,ZoneEnter:Queue,"[155,216,46,44]",0.93
2025-11-25T11:01:43.383352Z,CAM01,563982,1.69,0.91,1.65,ZoneEnter:Queue,"[169,235,52,35]",0.98
2025-11-25T11:01:44.969707Z,CAM01,423673,1.45,1.04,1.55,ZoneEnter:Queue,"[192,261,68,60]",0.99
2025-11-25T11:01:52.793055Z,CAM02,937184,2.86,1.06,1.68,ZoneExit:FrontDesk,"[144,167,65,69]",0.95
2025-11-25T11:01:52.793055Z,CAM01,563982,0.82,0.84,1.62,ZoneEnter:Desk:R2,"[155,158,38,38]",0.95
2025-11-25T11:03:20.056616Z,CAM02,877270,3.33,0.74,1.56,ZoneExit:FrontDesk,"[109,167,48,46]",0.95
2025-11-25T11:03:20.056616Z,CAM01,423673,0.67,0.76,1.68,ZoneEnter:Desk:R1,"[206,222,31,31]",0.98
2025-11-25T11:05:06.993193Z,CAM01,830594,1.85,0.62,1.53,ZoneEnter:Queue,"[209,266,51,46]",0.99
2025-11-25T11:07:23.462754Z,CAM02,563982,3.01,0.91,1.74,ZoneExit:FrontDesk,"[189,172,40,68]",0.97
2025-11-25T11:07:23.462754Z,CAM01,830594,0.72,0.97,1.66,ZoneEnter:Desk:R2,"[103,127,63,45]",0.94
2025-11-25T11:08:39.216571Z,CAM02,423673,2.77,1.12,1.76,ZoneExit:FrontDesk,"[148,218,30,33]",0.94
2025-11-25T11:11:03.008407Z,CAM01,285046,0.9,1.09,1.75,ZoneEnter:Desk:R1,"[158,247,45,66]",0.97
2025-11-25T11:11:03.008407Z,CAM01,285046,2.27,0.82,1.43,ZoneEnter:Queue,"[96,237,33,39]",0.98
2025-11-25T11:11:13.235004Z,CAM01,655163,1.67,0.98,1.6,ZoneEnter:Queue,"[92,276,30,36]",0.94
2025-11-25T11:13:41.950989Z,CAM02,830594,3.04,1.09,1.68,ZoneExit:FrontDesk,"[137,301,54,41]",0.93
2025-11-25T11:13:41.950989Z,CAM01,655163,0.72,0.9,1.65,ZoneEnter:Desk:R2,"[195,271,59,47]",0.91
2025-11-25T11:15:49.469093Z,CAM02,285046,3.43,0.9,1.53,ZoneExit:FrontDesk,"[219,204,63,40]",0.98
2025-11-25T11:16:16.397831Z,CAM01,311686,1.5,0.71,1.56,ZoneEnter:Queue,"[118,295,51,63]",0.94
2025-11-25T11:16:16.397831Z,CAM01,311686,0.83,1.11,1.55,ZoneEnter:Desk:R1,"[95,312,30,36]",0.97
2025-11-25T11:17:29.457226Z,CAM02,655163,3.13,0.99,1.58,ZoneExit:FrontDesk,"[99,186,60,51]",0.97
2025-11-25T11:18:39.552786Z,CAM02,311686,3.59,1.25,1.59,ZoneExit:FrontDesk,"[107,230,63,62]",0.94
2025-11-25T11:23:54.662562Z,CAM01,430965,1.56,0.78,1.79,ZoneEnter:Queue,"[167,208,41,69]",0.97
2025-11-25T11:23:54.662562Z,CAM01,430965,0.71,0.86,1.63,ZoneEnter:Desk:R2,"[212,138,35,46]",0.97
2025-11-25T11:24:05.920778Z,CAM01,663183,2.04,0.75,1.65,ZoneEnter:Queue,"[129,281,54,56]",0.96
2025-11-25T11:24:05.920778Z,CAM01,663183,0.91,0.75,1.67,ZoneEnter:Desk:R1,"[203,303,37,63]",0.96
2025-11-25T11:25:51.535488Z,CAM01,489171,1.96,0.84,1.64,ZoneEnter:Queue,"[197,132,36,66]",0.98
2025-11-25T11:26:10.708695Z,CAM01,170940,1.65,0.72,1.73,ZoneEnter:Queue,"[203,145,55,46]",0.93
2025-11-25T11:26:49.068900Z,CAM01,886797,1.72,0.8,1.49,ZoneEnter:Queue,"[113,198,40,51]",0.92
2025-11-25T11:27:39.408453Z,CAM01,489171,0.96,0.72,1.49,ZoneEnter:Desk:R1,"[186,225,35,41]",0.99
2025-11-25T11:27:39.408453Z,CAM02,663183,3.51,1.3,1.62,ZoneExit:FrontDesk,"[193,234,31,34]",0.94
2025-11-25T11:28:09.552728Z,CAM01,324379,1.49,0.81,1.65,ZoneEnter:Queue,"[175,166,43,66]",0.91
2025-11-25T11:28:31.482893Z,CAM01,170940,1.02,0.93,1.58,ZoneEnter:Desk:R2,"[202,245,42,37]",0.9
2025-11-25T11:28:31.482893Z,CAM02,430965,2.89,0.83,1.56,ZoneExit:FrontDesk,"[183,132,49,65]",0.97
2025-11-25T11:28:50.099844Z,CAM01,898034,1.58,0.71,1.53,ZoneEnter:Queue,"[187,225,40,43]",0.92
2025-11-25T11:29:41.583632Z,CAM01,638693,1.61,0.82,1.71,ZoneEnter:Queue,"[189,247,63,54]",0.99
2025-11-25T11:29:45.211651Z,CAM01,866724,1.35,0.98,1.58,ZoneEnter:Queue,"[104,214,40,34]",0.98
2025-11-25T11:30:56.910118Z,CAM01,615668,1.86,0.82,1.56,ZoneEnter:Queue,"[131,131,47,57]",0.93
2025-11-25T11:32:08.839911Z,CAM01,274090,1.86,0.94,1.62,ZoneEnter:Queue,"[197,146,67,43]",0.96
2025-11-25T11:32:56.641893Z,CAM01,886797,0.64,0.95,1.56,ZoneEnter:Desk:R1,"[181,222,30,54]",0.94
2025-11-25T11:32:56.641893Z,CAM02,489171,2.55,1.02,1.61,ZoneExit:FrontDesk,"[171,236,46,43]",0.93
2025-11-25T11:33:09.186590Z,CAM02,170940,2.66,1.14,1.5,ZoneExit:FrontDesk,"[162,312,32,60]",0.96
2025-11-25T11:33:09.186590Z,CAM01,324379,0.72,1.05,1.85,ZoneEnter:Desk:R2,"[192,247,41,34]",0.99
2025-11-25T11:34:05.333756Z,CAM01,478737,1.96,0.91,1.68,ZoneEnter:Queue,"[174,171,52,48]",0.92
2025-11-25T11:34:42.784589Z,CAM01,710522,1.31,0.81,1.66,ZoneEnter:Queue,"[184,145,42,31]",0.97
2025-11-25T11:36:10.178858Z,CAM01,345835,1.41,0.95,1.67,ZoneEnter:Queue,"[177,230,33,32]",0.93
2025-11-25T11:36:57.707258Z,CAM01,898034,0.97,1.06,1.6,ZoneEnter:Desk:R2,"[152,293,64,60]",0.92
2025-11-25T11:36:57.707258Z,CAM02,324379,2.62,1.12,1.71,ZoneExit:FrontDesk,"[199,225,30,68]",0.99
2025-11-25T11:37:59.222782Z,CAM01,638693,0.63,1.0,1.75,ZoneEnter:Desk:R1,"[104,310,62,38]",0.95
2025-11-25T11:37:59.222782Z,CAM02,886797,3.42,0.95,1.58,ZoneExit:FrontDesk,"[127,124,66,53]",0.95
2025-11-25T11:38:29.566437Z,CAM01,337615,1.97,1.0,1.82,ZoneEnter:Queue,"[126,299,37,63]",0.92
2025-11-25T11:40:57.068592Z,CAM01,866724,0.72,1.08,1.73,ZoneEnter:Desk:R2,"[111,238,61,45]",0.96
2025-11-25T11:40:57.068592Z,CAM02,898034,2.99,1.11,1.51,ZoneExit:FrontDesk,"[188,206,67,33]",0.94
2025-11-25T11:40:59.348117Z,CAM01,704381,1.8,0.74,1.67,ZoneEnter:Queue,"[189,148,30,36]",0.93
2025-11-25T11:42:01.016851Z,CAM02,638693,2.59,1.27,1.67,ZoneExit:FrontDesk,"[92,256,58,49]",0.95
2025-11-25T11:42:01.016851Z,CAM01,615668,0.8,1.05,1.57,ZoneEnter:Desk:R1,"[157,150,38,37]",0.95
2025-11-25T11:42:53.110548Z,CAM01,130931,1.41,0.7,1.6,ZoneEnter:Queue,"[105,185,35,52]",0.87
2025-11-25T11:47:06.453264Z,CAM01,274090,0.78,0.91,1.65,ZoneEnter:Desk:R2,"[108,298,32,53]",0.98
2025-11-25T11:47:06.453264Z,CAM02,866724,3.6,1.04,1.6,ZoneExit:FrontDesk,"[182,308,68,48]",0.9
2025-11-25T11:47:12.157905Z,CAM01,478737,1.16,0.93,1.73,ZoneEnter:Desk:R1,"[183,220,63,56]",0.95
2025-11-25T11:47:12.157905Z,CAM02,615668,3.61,1.41,1.66,ZoneExit:FrontDesk,"[172,198,50,43]",0.91
2025-11-25T11:47:27.813212Z,CAM01,410078,1.9,1.03,1.63,ZoneEnter:Queue,"[209,202,43,34]",0.98
2025-11-25T11:47:36.634483Z,CAM01,672214,1.6,0.82,1.38,ZoneEnter:Queue,"[94,262,67,67]",0.99
2025-11-25T11:48:34.141354Z,CAM01,494506,1.46,0.5,1.55,ZoneEnter:Queue,"[166,173,37,57]",0.92
2025-11-25T11:49:29.962314Z,CAM01,816026,2.07,0.81,1.58,ZoneEnter:Queue,"[152,233,60,65]",0.94
2025-11-25T11:49:40.342619Z,CAM01,621443,1.82,0.83,1.63,ZoneEnter:Queue,"[89,289,36,43]",0.97
2025-11-25T11:50:04.725135Z,CAM01,412602,1.75,0.77,1.64,ZoneEnter:Queue,"[147,192,53,37]",0.94
2025-11-25T11:50:46.218760Z,CAM01,710522,0.78,0.98,1.76,ZoneEnter:Desk:R1,"[88,159,41,59]",0.92
2025-11-25T11:50:46.218760Z,CAM02,478737,3.25,1.11,1.74,ZoneExit:FrontDesk,"[139,174,46,67]",0.97
2025-11-25T11:50:47.202598Z,CAM01,143450,1.75,0.81,1.72,ZoneEnter:Queue,"[114,278,31,54]",0.96
2025-11-25T11:51:49.884834Z,CAM02,274090,3.39,1.15,1.46,ZoneExit:FrontDesk,"[185,261,41,30]",0.98
2025-11-25T11:51:49.884834Z,CAM01,345835,0.77,1.01,1.61,ZoneEnter:Desk:R2,"[169,188,62,63]",0.96
2025-11-25T11:52:53.641796Z,CAM01,943737,1.59,0.6,1.89,ZoneEnter:Queue,"[190,254,63,69]",0.97
2025-11-25T11:54:05.345697Z,CAM01,269806,2.22,0.86,1.58,ZoneEnter:Queue,"[141,207,50,55]",0.97
2025-11-25T11:54:29.524599Z,CAM01,912434,1.68,0.62,1.63,ZoneEnter:Queue,"[87,193,45,66]",0.95
2025-11-25T11:55:21.687558Z,CAM01,344196,1.73,0.98,1.67,ZoneEnter:Queue,"[111,219,61,66]",0.91
2025-11-25T11:55:24.790409Z,CAM02,345835,3.07,0.96,1.71,ZoneExit:FrontDesk,"[129,211,32,42]",0.97
2025-11-25T11:55:24.790409Z,CAM01,337615,0.81,0.91,1.55,ZoneEnter:Desk:R2,"[116,251,68,40]",0.99
2025-11-25T11:55:54.511959Z,CAM01,704381,0.96,0.88,1.69,ZoneEnter:Desk:R1,"[167,241,63,33]",0.99
2025-11-25T11:55:54.511959Z,CAM02,710522,3.19,0.87,1.72,ZoneExit:FrontDesk,"[95,121,48,53]",0.91
2025-11-25T11:59:13.943979Z,CAM01,130931,0.89,0.85,1.44,ZoneEnter:Desk:R2,"[138,287,64,34]",0.93
2025-11-25T11:59:13.943979Z,CAM02,337615,3.18,1.02,1.52,ZoneExit:FrontDesk,"[143,258,52,42]",0.91
2025-11-25T12:00:35.568321Z,CAM01,410078,0.72,0.9,1.69,ZoneEnter:Desk:R1,"[170,282,47,64]",0.93
2025-11-25T12:00:35.568321Z,CAM02,704381,3.15,1.13,1.67,ZoneExit:FrontDesk,"[191,168,46,44]",0.94
2025-11-25T12:02:17.120366Z,CAM01,539232,1.37,0.91,1.75,ZoneEnter:Queue,"[132,153,68,37]",0.99
2025-11-25T12:02:29.029137Z,CAM01,433682,1.23,0.98,1.54,ZoneEnter:Queue,"[216,192,43,30]",0.91
2025-11-25T12:03:38.594237Z,CAM01,746968,1.85,0.87,1.68,ZoneEnter:Queue,"[82,158,40,66]",0.97
2025-11-25T12:03:45.586121Z,CAM01,200027,1.65,0.88,1.61,ZoneEnter:Queue,"[198,223,31,40]",0.94
2025-11-25T12:04:11.272347Z,CAM02,130931,3.5,1.24,1.61,ZoneExit:FrontDesk,"[140,237,30,61]",0.97
2025-11-25T12:04:11.272347Z,CAM01,672214,0.65,0.98,1.68,ZoneEnter:Desk:R2,"[192,242,32,54]",0.99
2025-11-25T12:04:39.285726Z,CAM01,908157,1.48,0.83,1.8,ZoneEnter:Queue,"[170,142,54,48]",0.95
2025-11-25T12:06:01.873015Z,CAM02,410078,2.78,1.14,1.6,ZoneExit:FrontDesk,"[103,269,55,44]",0.92
2025-11-25T12:06:01.873015Z,CAM01,494506,1.05,0.79,1.52,ZoneEnter:Desk:R1,"[142,310,37,44]",0.98
2025-11-25T12:08:18.740502Z,CAM02,672214,2.82,1.07,1.59,ZoneExit:FrontDesk,"[153,244,44,65]",0.95
2025-11-25T12:08:18.740502Z,CAM01,816026,1.25,0.92,1.71,ZoneEnter:Desk:R2,"[133,214,47,31]",0.98
2025-11-25T12:08:59.080673Z,CAM01,418554,1.32,0.81,1.63,ZoneEnter:Queue,"[143,131,49,35]",0.9
2025-11-25T12:10:49.702197Z,CAM02,494506,3.26,1.0,1.55,ZoneExit:FrontDesk,"[179,140,66,59]",0.96
2025-11-25T12:10:49.702197Z,CAM01,621443,0.59,0.77,1.92,ZoneEnter:Desk:R1,"[130,294,65,53]",0.95
2025-11-25T12:12:32.946649Z,CAM02,816026,3.5,1.0,1.68,ZoneExit:FrontDesk,"[177,126,36,40]",0.99
2025-11-25T12:12:32.946649Z,CAM01,412602,0.62,0.85,1.64,ZoneEnter:Desk:R2,"[188,240,36,59]",0.93
2025-11-25T12:13:00.861775Z,CAM01,546822,1.67,0.74,1.67,ZoneEnter:Queue,"[148,219,68,60]",0.99
2025-11-25T12:13:13.895784Z,CAM01,393888,1.0,0.8,1.75,ZoneEnter:Queue,"[92,145,42,54]",0.97
2025-11-25T12:14:51.744177Z,CAM02,621443,3.62,1.03,1.84,ZoneExit:FrontDesk,"[100,173,35,65]",0.89
2025-11-25T12:14:51.744177Z,CAM01,143450,0.79,0.93,1.7,ZoneEnter:Desk:R1,"[92,160,63,33]",0.97
2025-11-25T12:15:28.274834Z,CAM01,873230,1.9,0.94,1.59,ZoneEnter:Queue,"[152,209,63,40]",0.92
2025-11-25T12:17:33.369669Z,CAM01,958335,2.01,0.72,1.49,ZoneEnter:Queue,"[186,263,54,33]",0.91
2025-11-25T12:17:34.648452Z,CAM01,359981,1.55,0.83,1.69,ZoneEnter:Queue,"[151,183,46,39]",0.98
2025-11-25T12:18:05.781624Z,CAM01,943737,0.57,0.94,1.63,ZoneEnter:Desk:R2,"[107,317,33,39]",0.99
2025-11-25T12:18:05.781624Z,CAM02,412602,3.4,1.03,1.61,ZoneExit:FrontDesk,"[103,198,46,45]",0.91
2025-11-25T12:20:21.105544Z,CAM01,169347,1.62,0.94,1.63,ZoneEnter:Queue,"[87,239,40,43]",0.9
2025-11-25T12:20:36.610708Z,CAM01,269806,0.73,0.92,1.63,ZoneEnter:Desk:R1,"[164,289,45,59]",0.99
2025-11-25T12:20:36.610708Z,CAM02,143450,2.87,1.1,1.71,ZoneExit:FrontDesk,"[173,235,65,30]",0.9
2025-11-25T12:21:23.530109Z,CAM01,287374,1.97,0.81,1.81,ZoneEnter:Queue,"[107,275,65,59]",0.99
2025-11-25T12:22:11.694168Z,CAM01,331701,1.54,1.05,1.65,ZoneEnter:Queue,"[131,133,36,62]",0.96
2025-11-25T12:23:40.031235Z,CAM01,912434,1.07,1.03,1.47,ZoneEnter:Desk:R2,"[210,196,67,30]",0.98
2025-11-25T12:23:40.031235Z,CAM02,943737,3.11,1.1,1.75,ZoneExit:FrontDesk,"[151,178,38,37]",0.95
2025-11-25T12:24:12.029359Z,CAM01,661846,1.38,0.98,1.82,ZoneEnter:Queue,"[101,200,54,35]",0.91
2025-11-25T12:27:12.657408Z,CAM01,586125,1.64,0.85,1.62,ZoneEnter:Queue,"[180,161,65,69]",0.95
2025-11-25T12:27:45.614916Z,CAM02,269806,3.6,1.01,1.61,ZoneExit:FrontDesk,"[141,156,36,64]",0.96
2025-11-25T12:27:45.614916Z,CAM01,344196,0.74,0.98,1.63,ZoneEnter:Desk:R1,"[158,286,68,66]",0.96
2025-11-25T12:28:07.206724Z,CAM02,912434,2.75,1.16,1.49,ZoneExit:FrontDesk,"[137,195,38,51]",0.94
2025-11-25T12:28:07.206724Z,CAM01,539232,0.51,1.04,1.69,ZoneEnter:Desk:R2,"[127,307,34,61]",0.98
2025-11-25T12:28:58.440693Z,CAM01,866320,1.91,0.75,1.72,ZoneEnter:Queue,"[184,194,37,42]",0.93
2025-11-25T12:32:18.542101Z,CAM01,433682,0.59,1.02,1.73,ZoneEnter:Desk:R1,"[173,250,50,57]",0.97
2025-11-25T12:32:18.542101Z,CAM02,344196,3.04,1.14,1.76,ZoneExit:FrontDesk,"[84,280,39,67]",0.97
2025-11-25T12:33:56.060711Z,CAM01,347000,1.32,0.94,1.68,ZoneEnter:Queue,"[143,287,42,35]",0.99
2025-11-25T12:34:01.517628Z,CAM02,539232,3.17,1.06,1.71,ZoneExit:FrontDesk,"[175,291,62,65]",0.9
2025-11-25T12:34:01.517628Z,CAM01,746968,0.63,0.73,1.52,ZoneEnter:Desk:R2,"[152,261,59,66]",0.94
2025-11-25T12:34:30.912514Z,CAM01,786763,1.44,0.84,1.61,ZoneEnter:Queue,"[110,181,41,59]",0.92
2025-11-25T12:35:40.984014Z,CAM02,433682,3.45,1.14,1.57,ZoneExit:FrontDesk,"[182,176,44,68]",0.96
2025-11-25T12:35:40.984014Z,CAM01,200027,0.63,0.79,1.56,ZoneEnter:Desk:R1,"[118,291,58,39]",0.98
2025-11-25T12:35:44.998973Z,CAM01,340923,1.8,1.06,1.73,ZoneEnter:Queue,"[92,230,32,58]",0.89
2025-11-25T12:37:14.991266Z,CAM01,392755,1.53,0.79,1.64,ZoneEnter:Queue,"[140,227,57,46]",0.98
2025-11-25T12:37:19.726410Z,CAM01,617331,1.77,0.96,1.66,ZoneEnter:Queue,"[218,215,56,62]",0.96
2025-11-25T12:37:56.391277Z,CAM01,908157,0.55,0.92,1.7,ZoneEnter:Desk:R1,"[82,210,55,42]",0.94
2025-11-25T12:37:56.391277Z,CAM02,200027,2.75,0.86,1.74,ZoneExit:FrontDesk,"[183,121,58,42]",0.95
2025-11-25T12:40:25.716814Z,CAM01,418554,0.79,0.88,1.63,ZoneEnter:Desk:R2,"[151,209,55,62]",0.91
2025-11-25T12:40:25.716814Z,CAM02,746968,2.9,1.25,1.43,ZoneExit:FrontDesk,"[176,198,46,42]",0.99
2025-11-25T12:40:57.878845Z,CAM02,908157,3.06,1.12,1.6,ZoneExit:FrontDesk,"[157,303,39,62]",0.95
2025-11-25T12:40:57.878845Z,CAM01,546822,0.71,0.8,1.63,ZoneEnter:Desk:R1,"[123,314,34,65]",0.96
2025-11-25T12:42:40.370260Z,CAM01,757577,1.84,0.92,1.64,ZoneEnter:Queue,"[178,128,45,57]",0.97
2025-11-25T12:44:06.999947Z,CAM02,418554,3.11,0.97,1.61,ZoneExit:FrontDesk,"[95,291,56,51]",0.98
2025-11-25T12:44:06.999947Z,CAM01,393888,0.85,0.99,1.58,ZoneEnter:Desk:R2,"[142,126,36,34]",0.96
2025-11-25T12:45:36.356896Z,CAM01,524009,1.87,0.9,1.67,ZoneEnter:Queue,"[92,151,69,66]",0.94
2025-11-25T12:46:07.590843Z,CAM01,340037,1.88,0.83,1.77,ZoneEnter:Queue,"[138,268,62,53]",0.97
2025-11-25T12:46:48.845951Z,CAM01,116522,1.69,0.74,1.52,ZoneEnter:Queue,"[109,257,67,59]",0.94
2025-11-25T12:47:27.911523Z,CAM01,753473,1.85,1.19,1.56,ZoneEnter:Queue,"[142,266,30,50]",0.94
2025-11-25T12:48:05.809638Z,CAM02,546822,3.04,1.42,1.76,ZoneExit:FrontDesk,"[128,220,65,57]",0.93
2025-11-25T12:48:05.809638Z,CAM01,873230,0.86,0.78,1.72,ZoneEnter:Desk:R1,"[185,134,62,35]",0.99
2025-11-25T12:48:10.389633Z,CAM01,737550,1.16,0.88,1.64,ZoneEnter:Queue,"[168,283,51,48]",0.94
2025-11-25T12:48:14.140518Z,CAM01,562513,1.48,0.9,1.62,ZoneEnter:Queue,"[187,169,41,33]",0.94
2025-11-25T12:48:31.124204Z,CAM01,557425,1.64,0.92,1.65,ZoneEnter:Queue,"[104,291,48,55]",0.99
2025-11-25T12:48:48.812639Z,CAM01,714704,1.54,0.93,1.49,ZoneEnter:Queue,"[122,161,40,36]",0.98
2025-11-25T12:49:53.357732Z,CAM01,716633,1.74,0.72,1.8,ZoneEnter:Queue,"[200,127,35,60]",0.99
2025-11-25T12:51:28.252636Z,CAM02,393888,2.75,1.04,1.55,ZoneExit:FrontDesk,"[186,282,49,66]",0.93
2025-11-25T12:51:28.252636Z,CAM01,958335,0.64,0.85,1.71,ZoneEnter:Desk:R2,"[167,296,38,66]",0.94
2025-11-25T12:51:40.784632Z,CAM01,359981,0.64,0.79,1.84,ZoneEnter:Desk:R1,"[147,319,61,59]",0.95
2025-11-25T12:51:40.784632Z,CAM02,873230,3.46,1.02,1.73,ZoneExit:FrontDesk,"[98,158,40,61]",0.94
2025-11-25T12:54:51.883755Z,CAM01,545241,1.68,0.8,1.8,ZoneEnter:Queue,"[180,304,32,48]",0.91
2025-11-25T12:55:27.926471Z,CAM01,899469,1.85,0.83,1.73,ZoneEnter:Queue,"[165,225,37,69]",0.95
2025-11-25T12:55:47.235133Z,CAM01,372150,1.76,0.95,1.73,ZoneEnter:Queue,"[140,162,36,68]",0.92
2025-11-25T12:56:09.762491Z,CAM02,958335,3.11,1.18,1.73,ZoneExit:FrontDesk,"[201,188,43,41]",0.99
2025-11-25T12:56:09.762491Z,CAM01,169347,0.86,0.98,1.58,ZoneEnter:Desk:R2,"[109,129,43,44]",0.99
2025-11-25T12:56:27.383218Z,CAM02,359981,2.5,1.2,1.73,ZoneExit:FrontDesk,"[80,213,51,68]",0.95
2025-11-25T12:56:27.383218Z,CAM01,287374,0.66,0.8,1.5,ZoneEnter:Desk:R1,"[94,130,32,57]",0.95
2025-11-25T12:58:12.245097Z,CAM01,716182,1.84,0.86,1.59,ZoneEnter:Queue,"[214,249,58,40]",0.94
2025-11-25T12:59:08.556099Z,CAM01,821675,1.78,0.89,1.65,ZoneEnter:Queue,"[139,262,48,68]",0.96
2025-11-25T13:00:21.581289Z,CAM01,331701,0.81,0.79,1.73,ZoneEnter:Desk:R2,"[193,265,55,33]",0.98
2025-11-25T13:00:21.581289Z,CAM02,169347,3.37,1.23,1.59,ZoneExit:FrontDesk,"[88,186,32,66]",0.96
2025-11-25T13:02:57.055397Z,CAM01,601659,1.9,0.7,1.63,ZoneEnter:Queue,"[89,291,33,48]",0.96
2025-11-25T13:05:41.585645Z,CAM01,661846,0.95,0.78,1.47,ZoneEnter:Desk:R2,"[213,149,55,66]",0.92
2025-11-25T13:05:41.585645Z,CAM02,331701,3.26,1.27,1.62,ZoneExit:FrontDesk,"[98,200,50,58]",0.96
2025-11-25T13:07:08.056464Z,CAM01,586125,0.82,0.91,1.64,ZoneEnter:Desk:R1,"[86,209,42,45]",0.96
2025-11-25T13:07:08.056464Z,CAM02,287374,3.26,0.95,1.69,ZoneExit:FrontDesk,"[207,177,50,47]",0.94
2025-11-25T13:09:22.976732Z,CAM01,754120,1.64,0.86,1.64,ZoneEnter:Queue,"[173,192,47,67]",0.92
2025-11-25T13:09:39.074414Z,CAM01,866320,0.95,1.04,1.69,ZoneEnter:Desk:R2,"[204,167,65,40]",0.92
2025-11-25T13:09:39.074414Z,CAM02,661846,3.22,0.9,1.76,ZoneExit:FrontDesk,"[202,311,42,57]",0.9
2025-11-25T13:13:54.579628Z,CAM01,347000,0.95,0.92,1.64,ZoneEnter:Desk:R2,"[144,212,33,47]",0.9
2025-11-25T13:13:54.579628Z,CAM02,866320,3.11,0.92,1.6,ZoneExit:FrontDesk,"[114,188,49,64]",0.98
2025-11-25T13:14:40.806838Z,CAM01,602608,2.08,0.97,1.52,ZoneEnter:Queue,"[160,168,68,60]",0.96
2025-11-25T13:14:45.132557Z,CAM01,819396,1.86,1.08,1.77,ZoneEnter:Queue,"[150,304,40,40]",0.93
2025-11-25T13:17:04.723313Z,CAM01,786763,0.65,0.9,1.7,ZoneEnter:Desk:R2,"[184,146,36,46]",0.93
2025-11-25T13:17:04.723313Z,CAM02,347000,3.31,1.15,1.56,ZoneExit:FrontDesk,"[184,211,56,61]",0.99
2025-11-25T13:17:50.385209Z,CAM01,859713,2.28,0.6,1.61,ZoneEnter:Queue,"[99,215,62,50]",0.97
2025-11-25T13:19:30.115252Z,CAM02,586125,3.09,1.18,1.45,ZoneExit:FrontDesk,"[165,219,53,35]",0.93
2025-11-25T13:19:30.115252Z,CAM01,340923,1.11,0.91,1.63,ZoneEnter:Desk:R1,"[147,288,48,43]",0.96
2025-11-25T13:19:35.766706Z,CAM01,418189,1.65,0.72,1.67,ZoneEnter:Queue,"[81,177,54,38]",0.94
2025-11-25T13:21:57.744231Z,CAM01,893984,1.66,0.84,1.8,ZoneEnter:Queue,"[167,133,31,55]",0.96
2025-11-25T13:23:07.327850Z,CAM02,786763,2.72,0.95,1.69,ZoneExit:FrontDesk,"[186,260,35,61]",0.96
2025-11-25T13:23:07.327850Z,CAM01,392755,0.77,1.08,1.76,ZoneEnter:Desk:R2,"[203,170,32,55]",0.99
2025-11-25T13:24:23.639214Z,CAM02,340923,3.29,1.07,1.81,ZoneExit:FrontDesk,"[151,317,35,66]",0.97
2025-11-25T13:24:23.639214Z,CAM01,617331,0.73,1.0,1.79,ZoneEnter:Desk:R1,"[167,240,55,39]",0.97
2025-11-25T13:27:01.234586Z,CAM02,392755,3.17,1.03,1.72,ZoneExit:FrontDesk,"[105,211,30,32]",0.95
2025-11-25T13:27:01.234586Z,CAM01,757577,0.72,0.96,1.78,ZoneEnter:Desk:R2,"[200,266,52,30]",0.99
2025-11-25T13:28:18.598123Z,CAM01,872428,1.62,0.66,1.76,ZoneEnter:Queue,"[164,181,54,41]",0.96
2025-11-25T13:30:51.318599Z,CAM01,962988,1.84,0.75,1.77,ZoneEnter:Queue,"[205,179,31,56]",0.99
2025-11-25T13:31:23.063946Z,CAM02,757577,3.77,0.99,1.74,ZoneExit:FrontDesk,"[198,134,40,49]",0.94
2025-11-25T13:31:23.063946Z,CAM01,524009,0.78,1.03,1.39,ZoneEnter:Desk:R2,"[189,299,53,56]",0.96
2025-11-25T13:32:08.322412Z,CAM01,516931,1.9,0.91,1.76,ZoneEnter:Queue,"[109,220,58,43]",0.91
2025-11-25T13:32:54.542925Z,CAM01,340037,0.85,0.85,1.61,ZoneEnter:Desk:R1,"[175,193,68,60]",0.98
2025-11-25T13:32:54.542925Z,CAM02,617331,3.7,1.01,1.65,ZoneExit:FrontDesk,"[185,136,39,65]",0.96
2025-11-25T13:33:52.245196Z,CAM01,116522,0.78,1.02,1.67,ZoneEnter:Desk:R2,"[101,172,45,31]",0.93
2025-11-25T13:33:52.245196Z,CAM02,524009,3.0,1.38,1.62,ZoneExit:FrontDesk,"[169,194,42,40]",0.96
2025-11-25T13:34:31.064547Z,CAM01,245070,1.35,1.08,1.71,ZoneEnter:Queue,"[200,131,43,58]",0.98
2025-11-25T13:34:59.065168Z,CAM02,340037,3.15,1.2,1.52,ZoneExit:FrontDesk,"[181,200,65,41]",0.9
2025-11-25T13:34:59.065168Z,CAM01,753473,0.78,1.06,1.79,ZoneEnter:Desk:R1,"[105,197,30,56]",0.92
2025-11-25T13:36:26.032330Z,CAM02,116522,2.97,1.15,1.58,ZoneExit:FrontDesk,"[149,121,32,46]",0.91
2025-11-25T13:36:26.032330Z,CAM01,737550,0.74,0.83,1.49,ZoneEnter:Desk:R2,"[104,133,67,51]",0.91
2025-11-25T13:38:56.341833Z,CAM01,562513,0.93,0.88,1.56,ZoneEnter:Desk:R1,"[211,170,53,36]",0.96
2025-11-25T13:38:56.341833Z,CAM02,753473,2.81,1.04,1.71,ZoneExit:FrontDesk,"[218,171,45,38]",0.99
2025-11-25T13:40:16.932725Z,CAM01,737782,1.76,0.8,1.54,ZoneEnter:Queue,"[131,202,55,39]",0.93
2025-11-25T13:40:36.232132Z,CAM02,737550,3.3,1.46,1.8,ZoneExit:FrontDesk,"[107,274,42,37]",0.98
2025-11-25T13:40:36.232132Z,CAM01,557425,0.6,0.83,1.41,ZoneEnter:Desk:R2,"[159,264,60,41]",0.96
2025-11-25T13:40:48.975284Z,CAM01,752375,1.35,1.04,1.67,ZoneEnter:Queue,"[215,283,48,67]",0.93
2025-11-25T13:42:02.620205Z,CAM02,562513,3.11,1.23,1.49,ZoneExit:FrontDesk,"[135,291,51,36]",0.89
2025-11-25T13:42:02.620205Z,CAM01,714704,0.72,0.96,1.56,ZoneEnter:Desk:R1,"[84,178,65,56]",0.96
2025-11-25T13:43:22.355059Z,CAM01,716633,0.87,0.99,1.92,ZoneEnter:Desk:R2,"[141,314,64,37]",0.97
2025-11-25T13:43:22.355059Z,CAM02,557425,3.73,1.17,1.67,ZoneExit:FrontDesk,"[185,261,42,61]",0.94
2025-11-25T13:45:11.047387Z,CAM02,714704,3.67,0.91,1.62,ZoneExit:FrontDesk,"[198,171,49,59]",0.91
2025-11-25T13:45:11.047387Z,CAM01,545241,0.99,0.98,1.92,ZoneEnter:Desk:R1,"[202,176,62,37]",0.97
2025-11-25T13:48:58.985158Z,CAM01,621784,1.73,0.82,1.68,ZoneEnter:Queue,"[80,315,35,50]",0.87
2025-11-25T13:49:21.587492Z,CAM01,899469,0.91,0.79,1.62,ZoneEnter:Desk:R1,"[155,170,66,60]",0.94
2025-11-25T13:49:21.587492Z,CAM02,545241,3.03,1.26,1.67,ZoneExit:FrontDesk,"[108,248,38,33]",0.96
2025-11-25T13:51:59.496766Z,CAM01,846801,1.91,0.62,1.54,ZoneEnter:Queue,"[88,161,67,65]",0.96
2025-11-25T13:52:19.628410Z,CAM02,716633,2.98,1.29,1.75,ZoneExit:FrontDesk,"[205,267,42,49]",0.96
2025-11-25T13:52:19.628410Z,CAM01,372150,1.06,0.88,1.62,ZoneEnter:Desk:R2,"[132,262,56,60]",0.99
2025-11-25T13:53:26.240296Z,CAM02,899469,3.45,1.11,1.64,ZoneExit:FrontDesk,"[99,302,54,61]",0.94
2025-11-25T13:53:26.240296Z,CAM01,716182,0.84,0.91,1.39,ZoneEnter:Desk:R1,"[213,206,31,38]",0.92
2025-11-25T13:54:34.611477Z,CAM01,821675,0.77,1.02,1.66,ZoneEnter:Desk:R2,"[176,179,58,69]",0.98
2025-11-25T13:54:34.611477Z,CAM02,372150,2.82,1.2,1.77,ZoneExit:FrontDesk,"[145,214,39,60]",0.97
2025-11-25T13:57:42.515594Z,CAM01,722884,1.56,0.79,1.5,ZoneEnter:Queue,"[197,229,60,41]",0.96
2025-11-25T13:57:57.425520Z,CAM02,716182,3.1,0.87,1.72,ZoneExit:FrontDesk,"[154,191,66,32]",0.98
2025-11-25T13:57:57.425520Z,CAM01,601659,0.69,0.72,1.7,ZoneEnter:Desk:R1,"[180,319,30,57]",0.99
2025-11-25T13:59:04.031335Z,CAM01,314688,1.33,0.74,1.65,ZoneEnter:Queue,"[191,180,40,51]",0.97
2025-11-25T14:01:16.713161Z,CAM01,109026,1.65,0.86,1.73,ZoneEnter:Queue,"[214,275,31,65]",0.99
2025-11-25T14:01:41.560550Z,CAM02,821675,2.95,0.97,1.85,ZoneExit:FrontDesk,"[145,313,49,56]",0.94
2025-11-25T14:01:41.560550Z,CAM01,754120,0.85,0.92,1.61,ZoneEnter:Desk:R2,"[209,305,45,58]",0.93
2025-11-25T14:04:12.992209Z,CAM01,726928,1.95,0.72,1.7,ZoneEnter:Queue,"[182,273,45,33]",0.91
2025-11-25T14:04:36.773914Z,CAM01,859854,1.61,0.92,1.7,ZoneEnter:Queue,"[215,251,51,45]",0.98
2025-11-25T14:04:55.186242Z,CAM01,289902,1.67,0.63,1.74,ZoneEnter:Queue,"[150,316,40,42]",0.99
2025-11-25T14:05:15.830053Z,CAM01,602608,0.54,0.88,1.67,ZoneEnter:Desk:R1,"[111,208,41,67]",0.87
2025-11-25T14:05:15.830053Z,CAM02,601659,2.89,1.17,1.52,ZoneExit:FrontDesk,"[193,269,67,69]",0.92
2025-11-25T14:05:20.806365Z,CAM01,104506,1.82,1.14,1.71,ZoneEnter:Queue,"[130,273,40,38]",0.91
2025-11-25T14:05:37.584834Z,CAM01,291313,2.02,0.79,1.75,ZoneEnter:Queue,"[153,145,47,35]",0.97
2025-11-25T14:05:56.576330Z,CAM01,607018,1.51,0.92,1.77,ZoneEnter:Queue,"[100,180,45,35]",0.93
2025-11-25T14:06:10.491035Z,CAM01,599401,1.66,1.1,1.65,ZoneEnter:Queue,"[172,223,49,61]",0.97
2025-11-25T14:06:16.067794Z,CAM02,754120,3.79,1.1,1.53,ZoneExit:FrontDesk,"[206,132,60,58]",0.99
2025-11-25T14:06:16.067794Z,CAM01,819396,0.73,0.93,1.67,ZoneEnter:Desk:R2,"[125,210,36,31]",0.96
2025-11-25T14:07:11.101924Z,CAM01,419782,1.49,0.85,1.74,ZoneEnter:Queue,"[202,153,54,48]",0.99
2025-11-25T14:07:57.877343Z,CAM01,186646,1.64,0.74,1.7,ZoneEnter:Queue,"[97,318,44,39]",0.99
2025-11-25T14:08:04.927574Z,CAM01,237080,2.14,0.87,1.6,ZoneEnter:Queue,"[162,279,68,51]",0.89
2025-11-25T14:09:49.799828Z,CAM01,859713,0.5,0.94,1.61,ZoneEnter:Desk:R2,"[169,247,42,63]",0.92
2025-11-25T14:09:49.799828Z,CAM02,819396,3.16,1.43,1.45,ZoneExit:FrontDesk,"[205,209,62,68]",0.99
2025-11-25T14:10:30.094646Z,CAM01,698369,1.54,0.63,1.57,ZoneEnter:Queue,"[167,198,69,45]",0.92
2025-11-25T14:11:29.036760Z,CAM01,530972,2.07,0.62,1.69,ZoneEnter:Queue,"[149,283,60,48]",0.98
2025-11-25T14:12:03.710891Z,CAM02,602608,3.17,1.08,1.51,ZoneExit:FrontDesk,"[136,146,35,58]",0.99
2025-11-25T14:12:03.710891Z,CAM01,418189,0.72,0.98,1.48,ZoneEnter:Desk:R1,"[200,137,33,49]",0.92
2025-11-25T14:12:11.042168Z,CAM01,152643,1.88,0.98,1.58,ZoneEnter:Queue,"[135,120,38,56]",0.96
2025-11-25T14:12:28.601188Z,CAM01,568683,1.73,0.71,1.66,ZoneEnter:Queue,"[205,281,39,37]",0.96
2025-11-25T14:13:19.627927Z,CAM01,893984,0.96,0.9,1.6,ZoneEnter:Desk:R2,"[143,255,47,56]",0.91
2025-11-25T14:13:19.627927Z,CAM02,859713,3.76,1.2,1.48,ZoneExit:FrontDesk,"[196,300,56,61]",0.99
2025-11-25T14:15:02.738901Z,CAM01,529405,1.41,0.87,1.6,ZoneEnter:Queue,"[201,145,40,62]",0.92
2025-11-25T14:16:05.472517Z,CAM01,826230,1.31,0.96,1.47,ZoneEnter:Queue,"[201,166,62,48]",0.99
2025-11-25T14:17:04.141000Z,CAM01,872428,0.71,1.06,1.72,ZoneEnter:Desk:R2,"[110,263,33,36]",0.9
2025-11-25T14:17:04.141000Z,CAM02,893984,3.07,1.21,1.67,ZoneExit:FrontDesk,"[184,310,33,68]",0.95
2025-11-25T14:17:25.443498Z,CAM01,968624,1.73,0.83,1.74,ZoneEnter:Queue,"[136,202,38,53]",0.92
2025-11-25T14:18:48.150703Z,CAM02,418189,3.75,1.18,1.55,ZoneExit:FrontDesk,"[122,271,38,50]",0.99
2025-11-25T14:18:48.150703Z,CAM01,962988,0.86,0.67,1.43,ZoneEnter:Desk:R1,"[217,196,55,65]",0.93
2025-11-25T14:19:50.833568Z,CAM01,559582,1.47,0.65,1.67,ZoneEnter:Queue,"[204,171,45,47]",0.99
2025-11-25T14:21:40.411899Z,CAM01,516931,0.92,0.89,1.86,ZoneEnter:Desk:R2,"[129,244,37,46]",0.93
2025-11-25T14:21:40.411899Z,CAM02,872428,2.59,0.89,1.69,ZoneExit:FrontDesk,"[192,135,39,48]",0.92
2025-11-25T14:24:19.129527Z,CAM01,499239,1.58,0.88,1.67,ZoneEnter:Queue,"[82,219,32,44]",0.95
2025-11-25T14:25:13.775242Z,CAM02,962988,3.05,0.94,1.7,ZoneExit:FrontDesk,"[201,138,48,67]",0.94
2025-11-25T14:25:13.775242Z,CAM01,245070,0.71,0.9,1.5,ZoneEnter:Desk:R1,"[188,180,38,66]",0.95
2025-11-25T14:26:55.662480Z,CAM01,737782,0.61,0.88,1.8,ZoneEnter:Desk:R2,"[112,227,64,64]",0.96
2025-11-25T14:26:55.662480Z,CAM02,516931,2.77,1.21,1.54,ZoneExit:FrontDesk,"[148,248,59,52]",0.9
2025-11-25T14:29:23.797039Z,CAM02,245070,3.48,1.04,1.83,ZoneExit:FrontDesk,"[112,289,63,50]",0.91
2025-11-25T14:29:23.797039Z,CAM01,752375,0.84,0.99,1.59,ZoneEnter:Desk:R1,"[154,218,56,33]",0.91
2025-11-25T14:29:35.260517Z,CAM02,737782,3.09,1.1,1.58,ZoneExit:FrontDesk,"[156,280,50,41]",0.93
2025-11-25T14:29:35.260517Z,CAM01,621784,0.97,0.99,1.89,ZoneEnter:Desk:R2,"[171,232,42,30]",0.95
2025-11-25T14:31:44.177620Z,CAM01,775633,2.42,0.99,1.61,ZoneEnter:Queue,"[147,235,56,59]",0.97
2025-11-25T14:35:07.383281Z,CAM02,752375,2.99,1.08,1.76,ZoneExit:FrontDesk,"[187,221,51,62]",0.94
2025-11-25T14:35:07.383281Z,CAM01,846801,0.81,0.98,1.71,ZoneEnter:Desk:R1,"[168,189,46,34]",0.95
2025-11-25T14:35:32.383847Z,CAM01,915968,1.55,0.64,1.62,ZoneEnter:Queue,"[135,247,59,36]",0.96
2025-11-25T14:36:18.377901Z,CAM02,621784,3.12,1.05,1.56,ZoneExit:FrontDesk,"[124,154,55,52]",0.94
2025-11-25T14:36:18.377901Z,CAM01,722884,0.84,0.73,1.7,ZoneEnter:Desk:R2,"[196,173,51,69]",0.99
2025-11-25T14:36:28.684398Z,CAM01,218002,1.81,0.83,1.66,ZoneEnter:Queue,"[213,319,49,39]",0.91
2025-11-25T14:39:02.768024Z,CAM01,314688,0.91,0.88,1.62,ZoneEnter:Desk:R2,"[119,155,42,68]",0.98
2025-11-25T14:39:02.768024Z,CAM02,722884,3.55,1.21,1.63,ZoneExit:FrontDesk,"[167,156,40,54]",0.89
2025-11-25T14:39:35.621215Z,CAM01,109026,0.55,0.7,1.66,ZoneEnter:Desk:R1,"[97,221,37,35]",0.85
2025-11-25T14:39:35.621215Z,CAM02,846801,3.27,1.25,1.52,ZoneExit:FrontDesk,"[110,301,69,34]",0.98
2025-11-25T14:40:19.493771Z,CAM01,949208,2.04,0.8,1.41,ZoneEnter:Queue,"[143,311,49,37]",0.94
2025-11-25T14:40:54.973853Z,CAM01,366110,1.56,0.97,1.69,ZoneEnter:Queue,"[93,218,44,30]",0.93
2025-11-25T14:41:49.718652Z,CAM01,236306,2.03,0.83,1.43,ZoneEnter:Queue,"[113,286,53,30]",0.94
2025-11-25T14:43:52.305082Z,CAM02,314688,2.99,0.86,1.49,ZoneExit:FrontDesk,"[149,178,64,46]",0.94
2025-11-25T14:43:52.305082Z,CAM01,726928,0.52,1.04,1.51,ZoneEnter:Desk:R2,"[136,247,57,48]",0.91
2025-11-25T14:43:55.191696Z,CAM02,109026,3.1,1.12,1.54,ZoneExit:FrontDesk,"[179,125,68,66]",0.99
2025-11-25T14:43:55.191696Z,CAM01,859854,0.72,0.82,1.56,ZoneEnter:Desk:R1,"[201,140,48,53]",0.92
2025-11-25T14:45:39.587918Z,CAM01,563852,1.62,1.06,1.6,ZoneEnter:Queue,"[189,228,45,64]",0.97
2025-11-25T14:46:29.318297Z,CAM01,289902,1.07,0.9,1.65,ZoneEnter:Desk:R1,"[116,228,50,33]",0.99
2025-11-25T14:46:29.318297Z,CAM02,859854,3.23,1.12,1.69,ZoneExit:FrontDesk,"[112,312,41,51]",0.89
2025-11-25T14:47:46.796325Z,CAM02,726928,3.35,1.11,1.72,ZoneExit:FrontDesk,"[104,164,48,68]",0.99
2025-11-25T14:47:46.796325Z,CAM01,104506,0.48,0.87,1.63,ZoneEnter:Desk:R2,"[207,289,50,62]",0.95
2025-11-25T14:52:17.532448Z,CAM01,297425,1.53,1.03,1.64,ZoneEnter:Queue,"[151,253,53,61]",0.96
2025-11-25T14:53:19.718074Z,CAM01,291313,0.95,0.7,1.69,ZoneEnter:Desk:R2,"[100,259,39,64]",0.89
2025-11-25T14:53:19.718074Z,CAM02,104506,2.48,1.29,1.96,ZoneExit:FrontDesk,"[81,192,58,55]",0.97
2025-11-25T14:53:44.979472Z,CAM01,607018,0.76,0.95,1.7,ZoneEnter:Desk:R1,"[162,172,30,40]",0.89
2025-11-25T14:53:44.979472Z,CAM02,289902,3.17,1.14,1.57,ZoneExit:FrontDesk,"[80,128,65,56]",0.94
2025-11-25T14:56:20.953153Z,CAM01,474241,1.47,0.83,1.62,ZoneEnter:Queue,"[190,219,35,56]",0.98
2025-11-25T14:56:22.310453Z,CAM01,921833,1.96,1.01,1.6,ZoneEnter:Queue,"[108,254,59,58]",0.95
2025-11-25T14:56:32.110759Z,CAM02,607018,3.78,1.05,1.59,ZoneExit:FrontDesk,"[112,240,60,54]",0.96
2025-11-25T14:56:32.110759Z,CAM01,599401,0.92,0.98,1.55,ZoneEnter:Desk:R1,"[143,251,34,63]",0.97
2025-11-25T14:59:26.947043Z,CAM01,419782,0.97,0.92,1.71,ZoneEnter:Desk:R2,"[85,143,30,46]",0.91
2025-11-25T14:59:26.947043Z,CAM02,291313,3.63,1.24,1.68,ZoneExit:FrontDesk,"[211,259,32,31]",0.95
2025-11-25T15:00:29.272739Z,CAM02,599401,3.18,1.15,1.5,ZoneExit:FrontDesk,"[219,194,52,39]",0.92
2025-11-25T15:00:29.272739Z,CAM01,186646,0.87,0.83,1.68,ZoneEnter:Desk:R1,"[183,192,60,56]",0.96
2025-11-25T15:01:12.236327Z,CAM01,435867,1.41,0.8,1.42,ZoneEnter:Queue,"[94,175,65,50]",0.98
2025-11-25T15:02:03.037834Z,CAM02,419782,3.53,1.2,1.56,ZoneExit:FrontDesk,"[179,228,58,40]",0.95
2025-11-25T15:02:03.037834Z,CAM01,237080,1.12,0.81,1.67,ZoneEnter:Desk:R2,"[102,286,66,50]",0.99
2025-11-25T15:04:38.942942Z,CAM01,698369,1.03,0.85,1.59,ZoneEnter:Desk:R1,"[212,301,33,65]",0.92
2025-11-25T15:04:38.942942Z,CAM02,186646,2.66,1.14,1.52,ZoneExit:FrontDesk,"[172,182,54,49]",0.99
2025-11-25T15:07:42.142488Z,CAM01,454734,1.84,0.82,1.54,ZoneEnter:Queue,"[218,180,35,53]",0.95
2025-11-25T15:08:04.256833Z,CAM02,698369,3.0,1.03,1.56,ZoneExit:FrontDesk,"[175,167,67,36]",0.92
2025-11-25T15:08:04.256833Z,CAM01,530972,0.8,0.89,1.73,ZoneEnter:Desk:R1,"[117,197,36,54]",0.94
2025-11-25T15:08:28.715505Z,CAM01,152643,0.86,0.91,1.59,ZoneEnter:Desk:R2,"[187,282,39,67]",0.99
2025-11-25T15:08:28.715505Z,CAM02,237080,3.36,1.02,1.47,ZoneExit:FrontDesk,"[205,122,42,36]",0.94
2025-11-25T15:10:59.423206Z,CAM01,568683,0.85,0.95,1.68,ZoneEnter:Desk:R1,"[102,198,40,36]",0.93
2025-11-25T15:10:59.423206Z,CAM02,530972,3.44,0.86,1.55,ZoneExit:FrontDesk,"[156,156,37,51]",0.93
2025-11-25T15:14:03.764230Z,CAM01,529405,0.85,0.93,1.52,ZoneEnter:Desk:R2,"[189,180,56,60]",0.97
2025-11-25T15:14:03.764230Z,CAM02,152643,3.43,1.14,1.77,ZoneExit:FrontDesk,"[122,289,67,39]",0.98
2025-11-25T15:15:20.375468Z,CAM01,826230,0.9,0.92,1.8,ZoneEnter:Desk:R1,"[213,122,52,43]",0.97
2025-11-25T15:15:20.375468Z,CAM02,568683,3.42,1.17,1.56,ZoneExit:FrontDesk,"[154,302,35,63]",0.91
2025-11-25T15:17:53.920785Z,CAM02,529405,3.19,1.16,1.73,ZoneExit:FrontDesk,"[91,306,58,43]",0.92
2025-11-25T15:17:53.920785Z,CAM01,968624,0.87,0.85,1.7,ZoneEnter:Desk:R2,"[178,263,62,41]",0.98
2025-11-25T15:19:18.530790Z,CAM02,826230,3.52,0.66,1.53,ZoneExit:FrontDesk,"[197,207,35,35]",0.91
2025-11-25T15:19:18.530790Z,CAM01,559582,0.92,0.82,1.68,ZoneEnter:Desk:R1,"[202,255,33,51]",0.88
2025-11-25T15:23:29.014506Z,CAM01,499239,0.8,0.68,1.54,ZoneEnter:Desk:R1,"[164,288,62,67]",0.93
2025-11-25T15:23:29.014506Z,CAM02,559582,3.18,0.94,1.56,ZoneExit:FrontDesk,"[136,162,59,64]",0.99
2025-11-25T15:25:17.970832Z,CAM01,120378,1.55,0.97,1.74,ZoneEnter:Queue,"[173,228,30,32]",0.99
2025-11-25T15:25:39.956586Z,CAM02,968624,3.54,1.16,1.79,ZoneExit:FrontDesk,"[152,180,56,60]",0.99
2025-11-25T15:25:39.956586Z,CAM01,775633,1.01,0.81,1.54,ZoneEnter:Desk:R2,"[96,126,31,62]",0.96
2025-11-25T15:26:54.505471Z,CAM01,725404,1.52,0.78,1.61,ZoneEnter:Queue,"[93,294,37,45]",0.96
2025-11-25T15:28:00.470120Z,CAM02,499239,3.16,1.17,1.64,ZoneExit:FrontDesk,"[209,125,48,56]",0.99
2025-11-25T15:28:00.470120Z,CAM01,915968,1.0,0.88,1.68,ZoneEnter:Desk:R1,"[166,164,67,40]",0.98
2025-11-25T15:31:59.821341Z,CAM01,761754,1.78,0.91,1.76,ZoneEnter:Queue,"[217,168,45,68]",0.95
2025-11-25T15:33:55.047041Z,CAM01,218002,0.79,0.94,1.73,ZoneEnter:Desk:R1,"[171,288,40,66]",0.98
2025-11-25T15:33:55.047041Z,CAM02,915968,3.53,0.85,1.73,ZoneExit:FrontDesk,"[155,216,44,62]",0.98
2025-11-25T15:34:02.575491Z,CAM01,949208,0.91,0.89,1.72,ZoneEnter:Desk:R2,"[215,175,39,43]",0.94
2025-11-25T15:34:02.575491Z,CAM02,775633,2.66,1.39,1.58,ZoneExit:FrontDesk,"[94,301,67,55]",0.99
2025-11-25T15:35:20.253275Z,CAM01,470150,1.64,0.88,1.82,ZoneEnter:Queue,"[196,123,52,46]",0.97
2025-11-25T15:38:25.203759Z,CAM01,198942,1.93,0.91,1.61,ZoneEnter:Queue,"[183,260,44,57]",0.92
2025-11-25T15:38:56.145821Z,CAM02,949208,3.51,1.24,1.86,ZoneExit:FrontDesk,"[162,146,64,36]",0.89
2025-11-25T15:38:56.145821Z,CAM01,366110,0.84,0.93,1.59,ZoneEnter:Desk:R2,"[92,200,30,56]",0.92
2025-11-25T15:39:52.318662Z,CAM02,218002,3.14,1.29,1.69,ZoneExit:FrontDesk,"[172,289,66,55]",0.91
2025-11-25T15:39:52.318662Z,CAM01,236306,0.91,0.75,1.63,ZoneEnter:Desk:R1,"[107,236,66,63]",0.95
2025-11-25T15:40:08.019612Z,CAM01,745750,1.53,0.69,1.74,ZoneEnter:Queue,"[164,244,35,48]",0.95
2025-11-25T15:42:57.437710Z,CAM01,563852,0.89,0.87,1.63,ZoneEnter:Desk:R2,"[170,124,39,69]",0.9
2025-11-25T15:42:57.437710Z,CAM02,366110,2.67,0.93,1.8,ZoneExit:FrontDesk,"[85,125,31,64]",0.95
2025-11-25T15:45:07.767355Z,CAM01,575600,1.97,0.76,1.7,ZoneEnter:Queue,"[115,243,50,35]",0.94
2025-11-25T15:46:49.364514Z,CAM01,738350,1.46,0.98,1.49,ZoneEnter:Queue,"[192,163,47,53]",0.93
2025-11-25T15:50:58.185420Z,CAM02,563852,3.51,1.22,1.82,ZoneExit:FrontDesk,"[84,280,69,61]",0.94
2025-11-25T15:50:58.185420Z,CAM01,297425,0.89,0.91,1.68,ZoneEnter:Desk:R2,"[217,262,37,57]",0.92
2025-11-25T15:51:40.984942Z,CAM01,162708,1.88,0.82,1.55,ZoneEnter:Queue,"[99,268,55,32]",0.95
2025-11-25T15:52:34.280362Z,CAM01,474241,0.6,1.08,1.5,ZoneEnter:Desk:R1,"[130,217,38,57]",0.99
2025-11-25T15:52:34.280362Z,CAM02,236306,2.73,1.2,1.6,ZoneExit:FrontDesk,"[212,129,43,62]",0.95
2025-11-25T15:56:20.658415Z,CAM01,679598,1.86,0.92,1.77,ZoneEnter:Queue,"[100,142,45,62]",0.9
2025-11-25T15:56:31.995261Z,CAM02,297425,3.2,1.08,1.68,ZoneExit:FrontDesk,"[193,242,35,57]",0.97
2025-11-25T15:56:31.995261Z,CAM01,921833,0.9,0.69,1.59,ZoneEnter:Desk:R2,"[92,133,45,33]",0.99
2025-11-25T15:56:37.350385Z,CAM01,459745,2.14,0.96,1.73,ZoneEnter:Queue,"[200,208,51,63]",0.99
2025-11-25T15:56:45.945472Z,CAM01,229534,1.97,0.73,1.66,ZoneEnter:Queue,"[114,150,50,63]",0.95
2025-11-25T15:57:53.345164Z,CAM01,435867,0.59,0.9,1.54,ZoneEnter:Desk:R1,"[109,261,31,32]",0.96
2025-11-25T15:57:53.345164Z,CAM02,474241,3.79,1.16,1.59,ZoneExit:FrontDesk,"[111,141,60,38]",0.97
2025-11-25T16:00:24.680077Z,CAM01,874606,2.09,0.97,1.67,ZoneEnter:Queue,"[112,235,31,37]",0.97
2025-11-25T16:01:38.454696Z,CAM02,435867,3.31,0.91,1.74,ZoneExit:FrontDesk,"[174,295,55,51]",0.98
2025-11-25T16:01:38.454696Z,CAM01,454734,0.88,0.93,1.58,ZoneEnter:Desk:R1,"[202,233,45,38]",0.93
2025-11-25T16:02:24.773153Z,CAM01,434944,1.85,1.01,1.75,ZoneEnter:Queue,"[187,214,62,41]",0.93
2025-11-25T16:03:07.986003Z,CAM01,120378,0.83,0.69,1.58,ZoneEnter:Desk:R2,"[196,204,32,47]",0.95
2025-11-25T16:03:07.986003Z,CAM02,921833,3.03,1.06,1.68,ZoneExit:FrontDesk,"[176,197,33,35]",0.92
2025-11-25T16:05:11.240273Z,CAM02,454734,2.92,1.12,1.67,ZoneExit:FrontDesk,"[197,236,33,42]",0.91
2025-11-25T16:05:11.240273Z,CAM01,725404,0.75,0.98,1.65,ZoneEnter:Desk:R1,"[119,297,59,33]",0.99
2025-11-25T16:10:03.141707Z,CAM01,211447,1.66,0.85,1.73,ZoneEnter:Queue,"[203,187,38,50]",0.97
2025-11-25T16:10:44.600537Z,CAM02,120378,3.41,1.22,1.8,ZoneExit:FrontDesk,"[124,257,35,44]",0.99
2025-11-25T16:10:44.600537Z,CAM01,761754,0.88,0.78,1.67,ZoneEnter:Desk:R2,"[178,254,36,41]",0.98
2025-11-25T16:12:18.030905Z,CAM01,959138,1.86,0.9,1.55,ZoneEnter:Queue,"[106,262,44,65]",0.96
2025-11-25T16:13:00.040806Z,CAM02,725404,3.74,0.9,1.63,ZoneExit:FrontDesk,"[142,183,61,68]",0.94
2025-11-25T16:13:00.040806Z,CAM01,470150,0.74,0.88,1.66,ZoneEnter:Desk:R1,"[116,239,40,43]",0.97
2025-11-25T16:17:15.761671Z,CAM02,761754,2.91,0.96,1.51,ZoneExit:FrontDesk,"[95,234,60,60]",0.99
2025-11-25T16:17:15.761671Z,CAM01,198942,0.86,0.84,1.7,ZoneEnter:Desk:R2,"[217,193,34,54]",0.94
2025-11-25T16:17:57.276325Z,CAM02,470150,3.39,0.98,1.64,ZoneExit:FrontDesk,"[132,310,49,49]",0.94
2025-11-25T16:17:57.276325Z,CAM01,745750,0.43,0.76,1.44,ZoneEnter:Desk:R1,"[82,133,50,54]",0.96
2025-11-25T16:20:01.092009Z,CAM01,330000,1.65,0.77,1.58,ZoneEnter:Queue,"[181,145,69,55]",0.99
2025-11-25T16:21:22.767780Z,CAM02,198942,3.23,1.33,1.71,ZoneExit:FrontDesk,"[162,271,38,63]",0.96
2025-11-25T16:21:22.767780Z,CAM01,575600,0.55,0.94,1.44,ZoneEnter:Desk:R2,"[218,164,46,57]",0.99
2025-11-25T16:21:24.280257Z,CAM01,738350,0.99,0.97,1.61,ZoneEnter:Desk:R1,"[139,161,68,40]",0.92
2025-11-25T16:21:24.280257Z,CAM02,745750,3.51,1.06,1.67,ZoneExit:FrontDesk,"[212,312,42,54]",0.97
2025-11-25T16:22:31.642694Z,CAM01,545554,1.82,0.87,1.59,ZoneEnter:Queue,"[124,178,44,64]",0.97
2025-11-25T16:23:13.063197Z,CAM02,738350,3.31,1.11,1.69,ZoneExit:FrontDesk,"[154,299,65,34]",0.91
2025-11-25T16:23:13.063197Z,CAM01,162708,0.81,1.01,1.69,ZoneEnter:Desk:R1,"[172,299,55,35]",0.96
2025-11-25T16:24:48.697045Z,CAM01,839275,1.56,0.87,1.57,ZoneEnter:Queue,"[211,217,66,66]",0.92
2025-11-25T16:24:54.724617Z,CAM01,679598,1.07,0.93,1.63,ZoneEnter:Desk:R2,"[184,180,59,59]",0.92
2025-11-25T16:24:54.724617Z,CAM02,575600,3.22,1.01,1.76,ZoneExit:FrontDesk,"[101,303,57,66]",0.91
2025-11-25T16:24:57.306165Z,CAM01,489285,1.74,1.0,1.85,ZoneEnter:Queue,"[156,301,43,67]",0.95
2025-11-25T16:26:06.256241Z,CAM02,162708,2.75,1.06,1.51,ZoneExit:FrontDesk,"[174,311,64,49]",0.98
2025-11-25T16:26:06.256241Z,CAM01,459745,0.94,0.9,1.9,ZoneEnter:Desk:R1,"[149,235,66,53]",0.9
2025-11-25T16:29:23.445120Z,CAM02,459745,2.47,1.09,1.75,ZoneExit:FrontDesk,"[195,128,42,34]",0.94
2025-11-25T16:29:23.445120Z,CAM01,229534,0.57,0.92,1.7,ZoneEnter:Desk:R1,"[97,169,41,35]",0.91
2025-11-25T16:29:44.824460Z,CAM01,224306,1.71,0.85,1.74,ZoneEnter:Queue,"[197,211,53,66]",0.91
2025-11-25T16:30:49.404017Z,CAM01,841728,1.75,1.02,1.64,ZoneEnter:Queue,"[187,204,41,32]",0.91
2025-11-25T16:31:15.231561Z,CAM02,679598,3.11,1.41,1.67,ZoneExit:FrontDesk,"[150,282,56,51]",0.95
2025-11-25T16:31:15.231561Z,CAM01,874606,1.06,0.93,1.61,ZoneEnter:Desk:R2,"[187,128,43,56]",0.98
2025-11-25T16:32:43.742143Z,CAM01,556348,1.76,0.78,1.65,ZoneEnter:Queue,"[129,278,61,41]",0.97
2025-11-25T16:33:38.855506Z,CAM01,876001,1.46,0.86,1.72,ZoneEnter:Queue,"[193,204,60,57]",0.98
2025-11-25T16:34:10.942206Z,CAM02,874606,3.15,0.99,1.7,ZoneExit:FrontDesk,"[210,225,30,67]",0.99
2025-11-25T16:34:10.942206Z,CAM01,434944,0.87,0.82,1.78,ZoneEnter:Desk:R2,"[192,246,63,52]",0.97
2025-11-25T16:36:51.718235Z,CAM01,211447,0.8,1.14,1.65,ZoneEnter:Desk:R2,"[215,294,64,40]",0.94
2025-11-25T16:36:51.718235Z,CAM02,434944,3.77,1.13,1.56,ZoneExit:FrontDesk,"[139,248,65,60]",0.96
2025-11-25T16:37:21.130584Z,CAM01,959138,1.09,0.86,1.65,ZoneEnter:Desk:R1,"[175,274,41,37]",0.97
2025-11-25T16:37:21.130584Z,CAM02,229534,3.65,1.14,1.5,ZoneExit:FrontDesk,"[80,268,36,51]",0.97
2025-11-25T16:38:35.347229Z,CAM01,373037,1.64,0.92,1.67,ZoneEnter:Queue,"[143,128,56,51]",0.97
2025-11-25T16:40:29.897813Z,CAM01,235298,2.01,0.66,1.59,ZoneEnter:Queue,"[136,127,59,47]",0.97
2025-11-25T16:41:24.742465Z,CAM01,954658,1.75,1.1,1.56,ZoneEnter:Queue,"[103,140,48,65]",0.95
2025-11-25T16:42:10.565566Z,CAM01,656426,1.9,1.05,1.6,ZoneEnter:Queue,"[194,316,33,37]",0.94
2025-11-25T16:42:25.640980Z,CAM02,959138,3.1,1.09,1.75,ZoneExit:FrontDesk,"[95,135,61,49]",0.94
2025-11-25T16:42:25.640980Z,CAM01,330000,0.79,0.87,1.76,ZoneEnter:Desk:R1,"[139,249,42,32]",0.95
2025-11-25T16:45:01.606260Z,CAM01,545554,0.95,0.95,1.65,ZoneEnter:Desk:R2,"[173,318,43,52]",0.95
2025-11-25T16:45:01.606260Z,CAM02,211447,2.66,1.01,1.72,ZoneExit:FrontDesk,"[194,290,45,48]",0.93
2025-11-25T16:45:35.234605Z,CAM01,807627,1.68,0.96,1.71,ZoneEnter:Queue,"[206,211,61,48]",0.92
2025-11-25T16:47:06.717220Z,CAM01,190362,1.74,0.97,1.61,ZoneEnter:Queue,"[136,302,39,36]",0.99
2025-11-25T16:48:59.823386Z,CAM01,839275,1.1,0.97,1.42,ZoneEnter:Desk:R2,"[194,125,51,37]",0.98
2025-11-25T16:48:59.823386Z,CAM02,545554,3.15,1.41,1.56,ZoneExit:FrontDesk,"[110,296,50,37]",0.98
2025-11-25T16:52:04.497185Z,CAM02,330000,3.13,1.27,1.67,ZoneExit:FrontDesk,"[147,247,51,47]",0.99
2025-11-25T16:52:04.497185Z,CAM01,489285,0.84,0.96,1.53,ZoneEnter:Desk:R1,"[109,264,43,63]",0.95
2025-11-25T16:52:45.121213Z,CAM01,224306,0.91,0.98,1.7,ZoneEnter:Desk:R2,"[212,306,52,40]",0.9
2025-11-25T16:52:45.121213Z,CAM02,839275,2.68,1.19,1.53,ZoneExit:FrontDesk,"[197,252,31,31]",0.99
2025-11-25T16:55:40.802215Z,CAM02,489285,3.39,1.23,1.54,ZoneExit:FrontDesk,"[91,195,69,61]",0.99
2025-11-25T16:55:40.802215Z,CAM01,841728,1.01,0.95,1.44,ZoneEnter:Desk:R1,"[191,188,56,32]",0.94
2025-11-25T16:56:33.696586Z,CAM01,556348,0.86,0.84,1.67,ZoneEnter:Desk:R2,"[106,200,67,32]",0.95
2025-11-25T16:56:33.696586Z,CAM02,224306,3.35,1.12,1.73,ZoneExit:FrontDesk,"[168,139,66,46]",0.95
2025-11-25T17:02:11.558519Z,CAM01,876001,0.87,0.76,1.58,ZoneEnter:Desk:R1,"[99,265,65,33]",0.89
2025-11-25T17:02:11.558519Z,CAM02,841728,3.09,0.97,1.67,ZoneExit:FrontDesk,"[104,143,37,68]",0.96
2025-11-25T17:05:27.200141Z,CAM01,373037,0.85,1.06,1.8,ZoneEnter:Desk:R2,"[81,226,45,65]",0.96
2025-11-25T17:05:27.200141Z,CAM02,556348,3.1,1.28,1.61,ZoneExit:FrontDesk,"[170,246,37,47]",0.89
2025-11-25T17:05:56.672180Z,CAM01,235298,0.98,1.0,1.71,ZoneEnter:Desk:R1,"[97,310,34,35]",0.93
2025-11-25T17:05:56.672180Z,CAM02,876001,4.08,1.14,1.62,ZoneExit:FrontDesk,"[173,129,49,31]",0.97
2025-11-25T17:08:18.913737Z,CAM01,497005,2.08,1.03,1.64,ZoneEnter:Queue,"[200,217,45,37]",0.97
2025-11-25T17:08:51.388150Z,CAM02,373037,3.15,0.91,1.68,ZoneExit:FrontDesk,"[204,148,39,36]",0.94
2025-11-25T17:08:51.388150Z,CAM01,954658,0.74,0.87,1.74,ZoneEnter:Desk:R2,"[206,262,49,49]",0.94
2025-11-25T17:09:28.336064Z,CAM01,320915,1.25,0.98,1.8,ZoneEnter:Queue,"[118,310,32,60]",0.92
2025-11-25T17:11:33.390774Z,CAM02,954658,3.0,0.9,1.73,ZoneExit:FrontDesk,"[135,184,41,60]",0.95
2025-11-25T17:11:33.390774Z,CAM01,656426,0.81,0.98,1.65,ZoneEnter:Desk:R2,"[204,155,65,33]",0.96
2025-11-25T17:12:23.046854Z,CAM02,235298,3.17,1.25,1.79,ZoneExit:FrontDesk,"[131,131,59,67]",0.97
2025-11-25T17:12:23.046854Z,CAM01,807627,0.7,1.02,1.71,ZoneEnter:Desk:R1,"[114,241,59,43]",0.9
2025-11-25T17:14:27.012558Z,CAM01,776354,1.73,0.84,1.8,ZoneEnter:Queue,"[101,161,39,66]",0.94
2025-11-25T17:14:27.032200Z,CAM01,194029,2.06,0.93,1.67,ZoneEnter:Queue,"[183,267,33,37]",0.97
2025-11-25T17:14:38.633900Z,CAM01,269031,1.59,0.97,1.58,ZoneEnter:Queue,"[195,203,48,63]",0.94
2025-11-25T17:15:31.386410Z,CAM02,807627,3.57,1.24,1.6,ZoneExit:FrontDesk,"[117,182,32,59]",0.94
2025-11-25T17:15:31.386410Z,CAM01,190362,0.69,0.95,1.69,ZoneEnter:Desk:R1,"[179,191,48,48]",0.96
2025-11-25T17:15:55.768846Z,CAM01,497005,0.52,0.91,1.46,ZoneEnter:Desk:R2,"[122,200,56,38]",0.96
2025-11-25T17:15:55.768846Z,CAM02,656426,2.9,1.1,1.59,ZoneExit:FrontDesk,"[145,288,67,63]",0.91
2025-11-25T17:17:18.685949Z,CAM01,771141,1.96,0.77,1.79,ZoneEnter:Queue,"[207,311,36,48]",0.93
2025-11-25T17:19:06.097282Z,CAM01,832941,1.69,0.64,1.74,ZoneEnter:Queue,"[88,146,56,51]",0.92
2025-11-25T17:19:25.395809Z,CAM01,320915,0.84,0.94,1.45,ZoneEnter:Desk:R2,"[102,120,52,52]",0.9
2025-11-25T17:19:25.395809Z,CAM02,497005,2.49,1.18,1.66,ZoneExit:FrontDesk,"[96,227,59,37]",0.99
2025-11-25T17:20:10.268072Z,CAM01,921618,1.9,0.81,1.5,ZoneEnter:Queue,"[125,266,62,62]",0.95
2025-11-25T17:21:55.497589Z,CAM01,779956,1.58,0.93,1.65,ZoneEnter:Queue,"[154,279,31,55]",0.92
2025-11-25T17:22:38.055471Z,CAM02,190362,3.06,1.17,1.69,ZoneExit:FrontDesk,"[84,188,65,30]",0.93
2025-11-25T17:22:38.055471Z,CAM01,776354,0.68,0.95,1.68,ZoneEnter:Desk:R1,"[135,267,63,47]",0.91
2025-11-25T17:22:55.767770Z,CAM01,126815,1.83,0.88,1.67,ZoneEnter:Queue,"[152,244,67,52]",0.95
2025-11-25T17:24:21.699076Z,CAM01,249158,1.57,0.92,1.58,ZoneEnter:Queue,"[91,172,55,32]",0.99
2025-11-25T17:24:39.062364Z,CAM02,320915,3.07,1.14,1.71,ZoneExit:FrontDesk,"[209,166,43,45]",0.97
2025-11-25T17:24:39.062364Z,CAM01,194029,0.79,0.82,1.34,ZoneEnter:Desk:R2,"[99,274,51,60]",0.94
2025-11-25T17:25:51.756871Z,CAM01,149393,1.5,0.94,1.62,ZoneEnter:Queue,"[204,312,58,54]",0.91
2025-11-25T17:26:29.249956Z,CAM01,943274,1.93,0.85,1.69,ZoneEnter:Queue,"[109,207,69,34]",0.96
2025-11-25T17:27:01.011273Z,CAM02,776354,3.29,1.09,1.72,ZoneExit:FrontDesk,"[111,120,33,50]",0.95
2025-11-25T17:27:01.011273Z,CAM01,269031,0.73,0.88,1.71,ZoneEnter:Desk:R1,"[106,156,55,36]",0.93
2025-11-25T17:27:13.899576Z,CAM02,194029,3.12,0.92,1.63,ZoneExit:FrontDesk,"[100,127,68,42]",0.92
2025-11-25T17:27:13.899576Z,CAM01,771141,0.65,0.87,1.72,ZoneEnter:Desk:R2,"[113,157,42,59]",0.97
2025-11-25T17:30:20.638410Z,CAM02,269031,3.06,1.1,1.72,ZoneExit:FrontDesk,"[188,243,32,48]",0.97
2025-11-25T17:30:20.638410Z,CAM01,832941,0.91,0.65,1.67,ZoneEnter:Desk:R1,"[142,131,41,49]",0.93
2025-11-25T17:31:23.378508Z,CAM01,921618,0.96,0.91,1.67,ZoneEnter:Desk:R2,"[196,120,60,42]",0.91
2025-11-25T17:31:23.378508Z,CAM02,771141,3.23,1.05,1.88,ZoneExit:FrontDesk,"[135,168,40,59]",0.93
2025-11-25T17:36:29.681444Z,CAM02,921618,3.16,1.08,1.65,ZoneExit:FrontDesk,"[101,260,54,66]",0.97
2025-11-25T17:36:29.681444Z,CAM01,779956,0.7,0.79,1.63,ZoneEnter:Desk:R2,"[205,178,48,54]",0.99
2025-11-25T17:38:05.558487Z,CAM02,779956,3.21,1.03,1.6,ZoneExit:FrontDesk,"[165,144,42,55]",0.9
2025-11-25T17:38:05.558487Z,CAM01,126815,0.74,0.87,1.73,ZoneEnter:Desk:R2,"[170,209,32,63]",0.97
2025-11-25T17:39:48.170742Z,CAM01,249158,0.76,0.95,1.69,ZoneEnter:Desk:R1,"[98,269,47,41]",0.97
2025-11-25T17:39:48.170742Z,CAM02,832941,3.16,1.2,1.69,ZoneExit:FrontDesk,"[84,169,59,32]",0.97
2025-11-25T17:41:04.824475Z,CAM01,739066,1.52,0.84,1.45,ZoneEnter:Queue,"[179,293,43,46]",0.99
2025-11-25T17:42:10.944876Z,CAM02,249158,3.0,1.42,1.76,ZoneExit:FrontDesk,"[179,164,41,67]",0.97
2025-11-25T17:42:10.944876Z,CAM01,149393,0.54,1.08,1.51,ZoneEnter:Desk:R1,"[191,283,55,48]",0.93
2025-11-25T17:42:16.672557Z,CAM02,126815,3.17,1.16,1.79,ZoneExit:FrontDesk,"[126,135,36,34]",0.95
2025-11-25T17:42:16.672557Z,CAM01,943274,0.93,0.99,1.56,ZoneEnter:Desk:R2,"[99,267,45,54]",0.93
2025-11-25T17:45:09.617303Z,CAM01,739066,0.84,0.88,1.85,ZoneEnter:Desk:R1,"[194,133,53,54]",0.96
2025-11-25T17:45:09.617303Z,CAM02,149393,3.75,1.12,1.62,ZoneExit:FrontDesk,"[218,250,51,69]",0.96
2025-11-25T17:46:03.174877Z,CAM01,139401,1.95,0.78,1.64,ZoneEnter:Queue,"[102,212,42,43]",0.99
2025-11-25T17:47:04.252819Z,CAM01,139401,0.89,0.82,1.59,ZoneEnter:Desk:R2,"[144,232,56,59]",0.94
2025-11-25T17:47:04.252819Z,CAM02,943274,2.77,1.3,1.77,ZoneExit:FrontDesk,"[85,311,57,46]",0.97
2025-11-25T17:49:07.757730Z,CAM01,829608,1.27,0.77,1.79,ZoneEnter:Queue,"[119,200,52,48]",0.93
2025-11-25T17:49:14.524762Z,CAM01,829608,0.98,1.0,1.77,ZoneEnter:Desk:R1,"[119,131,61,40]",0.91
2025-11-25T17:49:14.524762Z,CAM02,739066,2.45,1.13,1.61,ZoneExit:FrontDesk,"[185,143,63,57]",0.96
2025-11-25T17:51:59.761186Z,CAM02,139401,2.99,0.77,1.59,ZoneExit:FrontDesk,"[94,167,47,36]",0.96
2025-11-25T17:52:30.862011Z,CAM01,300262,1.73,0.97,1.55,ZoneEnter:Queue,"[217,282,69,47]",0.97
2025-11-25T17:52:30.862011Z,CAM01,300262,0.62,0.9,1.62,ZoneEnter:Desk:R2,"[106,256,35,57]",0.96
2025-11-25T17:54:20.853977Z,CAM02,300262,3.6,1.12,1.6,ZoneExit:FrontDesk,"[85,308,54,69]",0.99
2025-11-25T17:56:10.151095Z,CAM02,829608,2.98,1.22,1.68,ZoneExit:FrontDesk,"[156,225,30,69]",0.94
2025-11-25T17:57:09.191702Z,CAM01,217027,1.71,0.65,1.6,ZoneEnter:Queue,"[162,253,54,47]",0.98
2025-11-25T17:57:09.191702Z,CAM01,217027,0.81,0.75,1.81,ZoneEnter:Desk:R2,"[216,270,41,43]",0.97
2025-11-25T17:57:34.156739Z,CAM01,902846,1.5,0.82,1.83,ZoneEnter:Queue,"[214,230,38,69]",0.96
2025-11-25T17:57:34.156739Z,CAM01,902846,0.67,0.92,1.68,ZoneEnter:Desk:R1,"[215,304,44,36]",0.91
2025-11-25T17:58:36.736124Z,CAM01,521018,2.02,0.83,1.69,ZoneEnter:Queue,"[124,305,50,50]",0.97
2025-11-25T17:59:59.385595Z,CAM02,902846,3.33,0.86,1.72,ZoneExit:FrontDesk,"[135,238,50,30]",0.89
2025-11-25T17:59:59.385595Z,CAM01,521018,0.88,0.87,1.71,ZoneEnter:Desk:R1,"[108,259,46,39]",0.96
2025-11-25T18:00:02.507707Z,CAM02,217027,3.06,1.29,1.72,ZoneExit:FrontDesk,"[188,183,36,30]",0.91
2025-11-25T18:02:13.829265Z,CAM02,521018,3.67,1.12,1.69,ZoneExit:FrontDesk,"[145,252,61,42]",0.97
2025-11-25T18:04:03.908240Z,CAM01,168632,1.6,0.76,1.71,ZoneEnter:Queue,"[207,198,62,39]",0.93
2025-11-25T18:04:03.908240Z,CAM01,168632,0.84,0.97,1.62,ZoneEnter:Desk:R2,"[219,196,49,51]",0.95
2025-11-25T18:06:25.654175Z,CAM01,153314,0.83,0.88,1.78,ZoneEnter:Desk:R1,"[109,184,39,69]",0.92
2025-11-25T18:06:25.654175Z,CAM01,153314,1.65,1.01,1.55,ZoneEnter:Queue,"[93,270,65,37]",0.95
2025-11-25T18:07:05.006878Z,CAM02,168632,3.82,1.25,1.63,ZoneExit:FrontDesk,"[123,157,63,68]",0.98
2025-11-25T18:12:20.518772Z,CAM01,211502,2.04,1.04,1.65,ZoneEnter:Queue,"[80,120,34,54]",0.95
2025-11-25T18:12:20.518772Z,CAM01,211502,1.04,0.79,1.71,ZoneEnter:Desk:R2,"[101,221,46,55]",0.92
2025-11-25T18:12:28.732173Z,CAM02,153314,3.6,1.08,1.63,ZoneExit:FrontDesk,"[177,256,56,58]",0.99
2025-11-25T18:12:43.955736Z,CAM01,509598,1.39,0.75,1.76,ZoneEnter:Queue,"[186,286,34,36]",0.92
2025-11-25T18:12:43.955736Z,CAM01,509598,0.91,0.79,1.79,ZoneEnter:Desk:R1,"[119,162,57,34]",0.98
2025-11-25T18:15:35.290612Z,CAM02,509598,2.92,0.9,1.62,ZoneExit:FrontDesk,"[142,123,68,46]",0.91
2025-11-25T18:16:40.220819Z,CAM02,211502,3.05,1.18,1.72,ZoneExit:FrontDesk,"[200,220,31,38]",0.95
2025-11-25T18:19:11.447136Z,CAM01,726186,1.61,0.87,1.48,ZoneEnter:Queue,"[191,131,33,34]",0.99
2025-11-25T18:19:11.447136Z,CAM01,726186,0.87,0.99,1.67,ZoneEnter:Desk:R1,"[202,209,50,52]",0.94
2025-11-25T18:21:36.049633Z,CAM01,752373,1.09,0.78,1.68,ZoneEnter:Queue,"[123,150,60,40]",0.99
2025-11-25T18:21:36.049633Z,CAM01,752373,0.92,0.8,1.74,ZoneEnter:Desk:R2,"[198,241,49,52]",0.99
2025-11-25T18:21:43.853123Z,CAM01,955273,1.78,0.73,1.63,ZoneEnter:Queue,"[201,166,68,48]",0.98
2025-11-25T18:22:41.385394Z,CAM02,726186,2.93,1.24,1.62,ZoneExit:FrontDesk,"[117,227,38,52]",0.93
2025-11-25T18:22:41.385394Z,CAM01,955273,0.79,0.93,1.67,ZoneEnter:Desk:R1,"[157,212,65,42]",0.94
2025-11-25T18:25:03.649218Z,CAM01,532764,1.64,0.87,1.57,ZoneEnter:Queue,"[119,142,41,57]",0.96
2025-11-25T18:26:14.076252Z,CAM01,430661,1.49,1.04,1.67,ZoneEnter:Queue,"[165,281,57,35]",0.98
2025-11-25T18:26:19.616526Z,CAM02,955273,3.42,1.41,1.78,ZoneExit:FrontDesk,"[178,263,47,39]",0.92
2025-11-25T18:26:19.616526Z,CAM01,532764,0.78,0.95,1.65,ZoneEnter:Desk:R1,"[180,212,45,50]",0.94
2025-11-25T18:26:27.715962Z,CAM01,430661,0.7,0.89,1.69,ZoneEnter:Desk:R2,"[130,199,68,67]",0.92
2025-11-25T18:26:27.715962Z,CAM02,752373,2.88,1.31,1.75,ZoneExit:FrontDesk,"[137,216,53,60]",0.95
2025-11-25T18:29:32.519673Z,CAM01,370329,1.92,0.54,1.55,ZoneEnter:Queue,"[167,253,42,43]",0.94
2025-11-25T18:30:02.460857Z,CAM01,494273,1.95,0.97,1.66,ZoneEnter:Queue,"[153,266,59,45]",0.99
2025-11-25T18:30:10.138836Z,CAM01,433472,1.48,0.81,1.74,ZoneEnter:Queue,"[114,277,33,69]",0.97
2025-11-25T18:30:13.401348Z,CAM01,502603,1.83,0.83,1.83,ZoneEnter:Queue,"[183,145,57,32]",0.94
2025-11-25T18:31:29.926793Z,CAM02,430661,2.82,1.0,1.49,ZoneExit:FrontDesk,"[211,176,61,35]",0.97
2025-11-25T18:31:29.926793Z,CAM01,370329,0.71,0.87,1.65,ZoneEnter:Desk:R2,"[124,149,54,56]",0.92
2025-11-25T18:32:27.798370Z,CAM01,494273,0.97,0.86,1.61,ZoneEnter:Desk:R1,"[207,228,64,60]",0.99
2025-11-25T18:32:27.798370Z,CAM02,532764,3.12,1.13,1.55,ZoneExit:FrontDesk,"[90,242,60,49]",0.98
2025-11-25T18:33:37.794598Z,CAM01,829281,1.36,0.95,1.77,ZoneEnter:Queue,"[101,272,63,63]",0.95
2025-11-25T18:35:43.482620Z,CAM01,433472,0.89,0.96,1.73,ZoneEnter:Desk:R2,"[217,216,30,61]",0.94
2025-11-25T18:35:43.482620Z,CAM02,370329,2.75,1.01,1.95,ZoneExit:FrontDesk,"[83,206,56,48]",0.99
2025-11-25T18:36:30.714405Z,CAM02,494273,3.05,1.06,1.77,ZoneExit:FrontDesk,"[169,266,66,62]",0.93
2025-11-25T18:36:30.714405Z,CAM01,502603,0.8,0.77,1.69,ZoneEnter:Desk:R1,"[218,205,60,60]",0.99
2025-11-25T18:36:31.759807Z,CAM01,261886,1.47,0.8,1.68,ZoneEnter:Queue,"[185,227,42,58]",0.96
2025-11-25T18:39:32.217843Z,CAM01,829281,0.7,0.94,1.6,ZoneEnter:Desk:R1,"[97,120,40,52]",0.98
2025-11-25T18:39:32.217843Z,CAM02,502603,3.26,1.09,1.67,ZoneExit:FrontDesk,"[175,194,45,51]",0.96
2025-11-25T18:41:12.418002Z,CAM02,433472,2.86,1.09,1.61,ZoneExit:FrontDesk,"[199,297,42,65]",0.97
2025-11-25T18:41:12.418002Z,CAM01,261886,0.66,0.96,1.8,ZoneEnter:Desk:R2,"[101,243,37,48]",0.93
2025-11-25T18:43:22.864440Z,CAM01,841082,2.09,0.62,1.75,ZoneEnter:Queue,"[174,121,63,32]",0.99
2025-11-25T18:43:30.877805Z,CAM01,947326,1.57,0.78,1.71,ZoneEnter:Queue,"[159,130,36,53]",0.98
2025-11-25T18:43:31.637314Z,CAM01,230772,1.63,1.08,1.66,ZoneEnter:Queue,"[128,250,41,57]",0.96
2025-11-25T18:43:53.736070Z,CAM01,877381,1.92,0.76,1.47,ZoneEnter:Queue,"[168,213,38,52]",0.92
2025-11-25T18:44:12.322842Z,CAM01,841082,0.78,0.9,1.68,ZoneEnter:Desk:R2,"[128,191,44,42]",0.99
2025-11-25T18:44:12.322842Z,CAM02,261886,3.6,0.82,1.59,ZoneExit:FrontDesk,"[179,261,52,59]",0.9
2025-11-25T18:46:37.988963Z,CAM01,741402,1.76,0.66,1.91,ZoneEnter:Queue,"[149,239,51,44]",0.96
2025-11-25T18:47:02.333357Z,CAM02,829281,3.01,1.33,1.64,ZoneExit:FrontDesk,"[136,258,53,49]",0.94
2025-11-25T18:47:02.333357Z,CAM01,947326,0.88,0.85,1.58,ZoneEnter:Desk:R1,"[162,248,48,33]",0.92
2025-11-25T18:47:33.510458Z,CAM01,703133,1.99,0.83,1.8,ZoneEnter:Queue,"[166,188,54,60]",0.99
2025-11-25T18:49:13.238882Z,CAM02,947326,2.67,0.86,1.52,ZoneExit:FrontDesk,"[198,224,47,60]",0.94
2025-11-25T18:49:13.238882Z,CAM01,230772,0.78,1.16,1.68,ZoneEnter:Desk:R1,"[88,280,33,45]",0.94
2025-11-25T18:51:08.177192Z,CAM01,877381,0.54,0.74,1.8,ZoneEnter:Desk:R2,"[175,192,30,65]",0.96
2025-11-25T18:51:08.177192Z,CAM02,841082,3.18,1.33,1.54,ZoneExit:FrontDesk,"[182,236,52,34]",0.93
2025-11-25T18:52:00.583926Z,CAM01,887552,1.93,0.7,1.85,ZoneEnter:Queue,"[134,272,33,60]",0.98
2025-11-25T18:52:39.639159Z,CAM01,567109,1.97,1.04,1.56,ZoneEnter:Queue,"[133,147,64,59]",0.93
2025-11-25T18:53:53.543639Z,CAM02,230772,2.82,1.24,1.81,ZoneExit:FrontDesk,"[191,160,45,46]",0.99
2025-11-25T18:53:53.543639Z,CAM01,741402,0.58,0.82,1.64,ZoneEnter:Desk:R1,"[217,171,38,35]",0.95
2025-11-25T18:54:47.883839Z,CAM01,703133,0.74,0.92,1.74,ZoneEnter:Desk:R2,"[181,158,62,35]",0.92
2025-11-25T18:54:47.883839Z,CAM02,877381,3.14,1.01,1.73,ZoneExit:FrontDesk,"[147,123,33,39]",0.94
2025-11-25T18:55:34.819778Z,CAM01,422167,2.12,1.06,1.64,ZoneEnter:Queue,"[136,149,59,58]",0.9
2025-11-25T18:56:07.309416Z,CAM01,865245,1.65,0.95,1.73,ZoneEnter:Queue,"[155,130,48,60]",0.93
2025-11-25T18:57:19.016339Z,CAM01,887552,1.01,0.93,1.55,ZoneEnter:Desk:R1,"[110,228,65,45]",0.89
2025-11-25T18:57:19.016339Z,CAM02,741402,2.77,1.04,1.73,ZoneExit:FrontDesk,"[107,169,56,44]",0.96
2025-11-25T18:58:48.357242Z,CAM01,140561,1.56,0.92,1.6,ZoneEnter:Queue,"[175,150,62,65]",0.99
2025-11-25T19:00:49.417874Z,CAM02,703133,3.06,1.18,1.56,ZoneExit:FrontDesk,"[125,152,52,61]",0.92
2025-11-25T19:00:49.417874Z,CAM01,567109,0.58,0.73,1.51,ZoneEnter:Desk:R2,"[168,164,30,51]",0.99
2025-11-25T19:01:58.569000Z,CAM02,887552,2.72,1.14,1.74,ZoneExit:FrontDesk,"[115,152,40,44]",0.97
2025-11-25T19:01:58.569000Z,CAM01,422167,1.11,1.0,1.76,ZoneEnter:Desk:R1,"[166,285,38,42]",0.95
2025-11-25T19:02:21.649428Z,CAM01,724208,1.7,0.91,1.83,ZoneEnter:Queue,"[137,184,56,49]",0.97
2025-11-25T19:02:49.741600Z,CAM01,273783,1.84,0.79,1.66,ZoneEnter:Queue,"[104,310,66,44]",0.96
2025-11-25T19:03:53.059155Z,CAM02,567109,3.07,1.11,1.63,ZoneExit:FrontDesk,"[98,271,53,46]",0.96
2025-11-25T19:03:53.059155Z,CAM01,865245,0.67,1.03,1.78,ZoneEnter:Desk:R2,"[103,263,30,31]",0.96
2025-11-25T19:05:52.848087Z,CAM01,851258,1.95,0.7,1.57,ZoneEnter:Queue,"[142,196,44,59]",0.94
2025-11-25T19:06:39.124028Z,CAM02,865245,3.71,1.49,1.57,ZoneExit:FrontDesk,"[108,221,49,59]",0.97
2025-11-25T19:06:39.124028Z,CAM01,140561,0.6,0.82,1.76,ZoneEnter:Desk:R2,"[184,127,63,47]",0.98
2025-11-25T19:06:50.936312Z,CAM02,422167,3.14,1.08,1.73,ZoneExit:FrontDesk,"[127,280,63,63]",0.97
2025-11-25T19:06:50.936312Z,CAM01,724208,1.06,0.83,1.64,ZoneEnter:Desk:R1,"[171,142,37,66]",0.97
2025-11-25T19:09:55.335517Z,CAM01,614353,1.31,0.78,1.62,ZoneEnter:Queue,"[112,223,39,68]",0.93
2025-11-25T19:10:20.653181Z,CAM01,289812,1.45,0.62,1.63,ZoneEnter:Queue,"[180,293,58,59]",0.94
2025-11-25T19:11:10.847649Z,CAM02,140561,3.35,0.9,1.73,ZoneExit:FrontDesk,"[129,126,38,47]",0.96
2025-11-25T19:11:10.847649Z,CAM01,273783,0.54,0.86,1.65,ZoneEnter:Desk:R2,"[147,292,35,45]",0.95
2025-11-25T19:11:45.636701Z,CAM01,458253,1.89,0.51,1.77,ZoneEnter:Queue,"[162,134,68,66]",0.93
2025-11-25T19:12:28.732984Z,CAM02,724208,3.51,1.2,1.76,ZoneExit:FrontDesk,"[181,187,52,49]",0.94
2025-11-25T19:12:28.732984Z,CAM01,851258,0.77,0.83,1.78,ZoneEnter:Desk:R1,"[171,201,67,32]",0.95
2025-11-25T19:14:22.552266Z,CAM02,273783,3.05,0.84,1.59,ZoneExit:FrontDesk,"[138,150,59,64]",0.94
2025-11-25T19:14:22.552266Z,CAM01,614353,0.69,0.99,1.71,ZoneEnter:Desk:R2,"[84,307,59,49]",0.96
2025-11-25T19:15:30.645076Z,CAM01,379755,1.5,0.73,1.72,ZoneEnter:Queue,"[156,261,62,55]",0.99
2025-11-25T19:15:56.528442Z,CAM01,732695,2.16,0.99,1.69,ZoneEnter:Queue,"[116,222,47,55]",0.99
2025-11-25T19:16:03.638435Z,CAM01,289812,0.96,0.92,1.68,ZoneEnter:Desk:R1,"[185,318,48,41]",0.97
2025-11-25T19:16:03.638435Z,CAM02,851258,3.31,1.2,1.57,ZoneExit:FrontDesk,"[153,203,33,49]",0.97
2025-11-25T19:19:17.798916Z,CAM01,463200,1.27,0.63,1.7,ZoneEnter:Queue,"[187,269,65,58]",0.92
2025-11-25T19:21:46.554228Z,CAM01,351269,1.5,1.05,1.72,ZoneEnter:Queue,"[124,149,40,64]",0.92
2025-11-25T19:23:00.851407Z,CAM01,458253,0.68,0.81,1.56,ZoneEnter:Desk:R1,"[204,169,58,54]",0.99
2025-11-25T19:23:00.851407Z,CAM02,289812,3.34,1.05,1.69,ZoneExit:FrontDesk,"[103,228,57,31]",0.94
2025-11-25T19:24:09.383976Z,CAM01,379755,0.89,0.81,1.66,ZoneEnter:Desk:R2,"[123,249,69,36]",0.9
2025-11-25T19:24:09.383976Z,CAM02,614353,3.65,1.09,1.59,ZoneExit:FrontDesk,"[174,122,52,39]",0.98
2025-11-25T19:26:14.441850Z,CAM01,464000,2.23,0.87,1.51,ZoneEnter:Queue,"[133,172,52,33]",0.92
2025-11-25T19:27:13.863016Z,CAM02,458253,3.23,1.58,1.76,ZoneExit:FrontDesk,"[205,169,50,39]",0.94
2025-11-25T19:27:13.863016Z,CAM01,732695,0.7,0.83,1.66,ZoneEnter:Desk:R1,"[130,145,62,51]",0.9
2025-11-25T19:27:18.297813Z,CAM01,463200,0.69,0.9,1.83,ZoneEnter:Desk:R2,"[84,284,69,33]",0.95
2025-11-25T19:27:18.297813Z,CAM02,379755,2.88,1.04,1.64,ZoneExit:FrontDesk,"[185,167,59,60]",0.95
2025-11-25T19:28:37.968716Z,CAM01,856731,2.41,0.91,1.57,ZoneEnter:Queue,"[176,293,30,67]",0.93
2025-11-25T19:29:45.972135Z,CAM01,625309,1.74,0.63,1.52,ZoneEnter:Queue,"[163,281,59,46]",0.97
2025-11-25T19:30:25.569055Z,CAM02,732695,3.42,1.18,1.46,ZoneExit:FrontDesk,"[174,315,36,52]",0.98
2025-11-25T19:30:25.569055Z,CAM01,351269,0.68,0.92,1.67,ZoneEnter:Desk:R1,"[119,160,41,69]",0.96
2025-11-25T19:30:25.824451Z,CAM02,463200,3.11,1.03,1.58,ZoneExit:FrontDesk,"[114,176,60,53]",0.92
2025-11-25T19:30:25.824451Z,CAM01,464000,0.9,0.77,1.44,ZoneEnter:Desk:R2,"[142,270,48,50]",0.94
2025-11-25T19:34:29.246359Z,CAM01,856731,1.0,0.93,1.64,ZoneEnter:Desk:R2,"[175,187,49,61]",0.93
2025-11-25T19:34:29.246359Z,CAM02,464000,3.35,0.99,1.64,ZoneExit:FrontDesk,"[197,183,43,31]",0.99
2025-11-25T19:34:32.830092Z,CAM02,351269,2.67,1.25,1.6,ZoneExit:FrontDesk,"[189,275,54,36]",0.88
2025-11-25T19:34:32.830092Z,CAM01,625309,0.62,0.99,1.72,ZoneEnter:Desk:R1,"[184,232,50,45]",0.93
2025-11-25T19:35:26.127676Z,CAM01,770031,1.34,0.83,1.67,ZoneEnter:Queue,"[84,279,58,69]",0.99
2025-11-25T19:36:12.791532Z,CAM01,177980,1.92,0.89,1.64,ZoneEnter:Queue,"[136,130,62,56]",0.97
2025-11-25T19:36:35.644572Z,CAM02,856731,2.9,1.02,1.56,ZoneExit:FrontDesk,"[105,140,57,61]",0.95
2025-11-25T19:36:35.644572Z,CAM01,770031,1.04,0.89,1.58,ZoneEnter:Desk:R2,"[176,283,58,41]",0.98
2025-11-25T19:38:35.896886Z,CAM01,823290,1.33,0.75,1.39,ZoneEnter:Queue,"[142,203,44,35]",0.98
2025-11-25T19:39:22.342208Z,CAM01,922858,1.51,0.83,1.64,ZoneEnter:Queue,"[138,213,51,42]",0.97
2025-11-25T19:39:33.271298Z,CAM02,625309,3.61,1.17,1.6,ZoneExit:FrontDesk,"[121,200,36,57]",0.94
2025-11-25T19:39:33.271298Z,CAM01,177980,0.64,0.83,1.76,ZoneEnter:Desk:R1,"[86,278,60,40]",0.91
2025-11-25T19:43:17.819240Z,CAM02,177980,3.48,0.86,1.66,ZoneExit:FrontDesk,"[128,239,30,49]",0.95
2025-11-25T19:43:17.819240Z,CAM01,823290,1.04,0.88,1.64,ZoneEnter:Desk:R1,"[108,271,54,48]",0.96
2025-11-25T19:46:01.386466Z,CAM02,770031,2.68,1.2,1.68,ZoneExit:FrontDesk,"[186,313,37,47]",0.94
2025-11-25T19:46:01.386466Z,CAM01,922858,0.74,1.11,1.66,ZoneEnter:Desk:R2,"[195,163,59,61]",0.95
2025-11-25T19:46:56.884644Z,CAM02,823290,2.9,1.15,1.5,ZoneExit:FrontDesk,"[136,228,31,49]",0.94
2025-11-25T19:47:06.314328Z,CAM01,648150,2.04,0.88,1.66,ZoneEnter:Queue,"[126,307,68,57]",0.97
2025-11-25T19:47:06.314328Z,CAM01,648150,0.81,1.01,1.58,ZoneEnter:Desk:R1,"[83,218,39,35]",0.93
2025-11-25T19:50:13.404308Z,CAM01,560458,1.65,0.76,1.65,ZoneEnter:Queue,"[218,161,54,60]",0.95
2025-11-25T19:50:40.335759Z,CAM01,207437,1.94,0.88,1.55,ZoneEnter:Queue,"[176,263,47,61]",0.95
2025-11-25T19:52:15.656074Z,CAM02,648150,3.58,1.13,1.71,ZoneExit:FrontDesk,"[196,225,56,61]",0.99
2025-11-25T19:52:15.656074Z,CAM01,560458,0.39,0.77,1.61,ZoneEnter:Desk:R1,"[159,306,64,64]",0.89
2025-11-25T19:52:22.328402Z,CAM02,922858,3.34,1.1,1.72,ZoneExit:FrontDesk,"[93,233,31,62]",0.97
2025-11-25T19:52:22.328402Z,CAM01,207437,0.79,1.09,1.68,ZoneEnter:Desk:R2,"[137,150,44,62]",0.98
2025-11-25T19:54:38.832248Z,CAM02,560458,3.3,1.25,1.61,ZoneExit:FrontDesk,"[90,311,50,41]",0.99
2025-11-25T19:55:30.329858Z,CAM02,207437,2.87,1.0,1.87,ZoneExit:FrontDesk,"[166,305,46,42]",0.95
2025-11-25T19:58:09.807847Z,CAM01,796434,1.67,0.86,1.59,ZoneEnter:Queue,"[204,166,61,55]",0.95
2025-11-25T19:58:09.807847Z,CAM01,796434,0.76,0.88,1.45,ZoneEnter:Desk:R1,"[198,142,39,53]",0.93
2025-11-25T20:00:27.016793Z,CAM02,796434,2.98,1.14,1.62,ZoneExit:FrontDesk,"[97,182,51,55]",0.95
2025-11-25T20:12:04.660468Z,CAM01,468595,2.02,1.07,1.58,ZoneEnter:Queue,"[97,292,42,50]",0.93
2025-11-25T20:12:04.660468Z,CAM01,468595,0.88,0.95,1.75,ZoneEnter:Desk:R2,"[199,224,35,36]",0.99
2025-11-25T20:15:39.558506Z,CAM02,468595,3.13,1.1,1.63,ZoneExit:FrontDesk,"[145,284,53,44]",0.93
2025-11-25T20:21:58.348747Z,CAM01,980849,1.68,0.84,1.62,ZoneEnter:Queue,"[106,140,51,43]",0.93
2025-11-25T20:21:58.348747Z,CAM01,980849,0.96,0.79,1.48,ZoneEnter:Desk:R1,"[125,281,59,46]",0.94
2025-11-25T20:24:34.620677Z,CAM01,653413,0.68,0.79,1.7,ZoneEnter:Desk:R2,"[94,189,32,41]",0.9
2025-11-25T20:24:34.620677Z,CAM01,653413,1.17,0.86,1.69,ZoneEnter:Queue,"[91,308,65,56]",0.92
2025-11-25T20:26:54.872858Z,CAM02,980849,3.41,1.15,1.55,ZoneExit:FrontDesk,"[116,301,52,69]",0.98
2025-11-25T20:27:59.889954Z,CAM02,653413,3.01,1.11,1.65,ZoneExit:FrontDesk,"[91,248,42,40]",0.94
2025-11-25T20:37:45.285138Z,CAM01,434511,1.83,0.9,1.58,ZoneEnter:Queue,"[209,256,66,46]",0.99
2025-11-25T20:37:45.285138Z,CAM01,434511,0.7,0.91,1.62,ZoneEnter:Desk:R1,"[148,167,67,55]",0.96
2025-11-25T20:44:47.755486Z,CAM02,434511,3.37,1.12,1.74,ZoneExit:FrontDesk,"[173,128,39,65]",0.97
2025-11-25T20:50:54.284434Z,CAM01,841693,1.64,1.01,1.51,ZoneEnter:Queue,"[82,315,64,30]",0.93
2025-11-25T20:50:54.284434Z,CAM01,841693,0.7,0.84,1.83,ZoneEnter:Desk:R2,"[114,135,60,63]",0.98
2025-11-25T20:54:51.799020Z,CAM02,841693,2.8,1.17,1.6,ZoneExit:FrontDesk,"[214,143,45,30]",0.95
2025-11-25T20:55:27.698945Z,CAM01,397071,0.91,1.06,1.49,ZoneEnter:Desk:R1,"[144,280,69,49]",0.93
2025-11-25T20:55:27.698945Z,CAM01,397071,1.59,0.9,1.7,ZoneEnter:Queue,"[97,263,56,35]",0.98
2025-11-25T20:57:25.206202Z,CAM01,674440,1.73,0.93,1.73,ZoneEnter:Queue,"[151,243,35,40]",0.94
2025-11-25T20:57:25.206202Z,CAM01,674440,0.92,0.84,1.73,ZoneEnter:Desk:R2,"[108,206,49,68]",0.98
2025-11-25T20:58:06.955584Z,CAM02,397071,4.02,1.21,1.74,ZoneExit:FrontDesk,"[133,152,65,63]",0.96
2025-11-25T21:00:59.570022Z,CAM02,674440,2.89,1.11,1.68,ZoneExit:FrontDesk,"[89,252,31,63]",0.92
2025-11-25T21:01:38.737282Z,CAM01,349920,1.74,1.06,1.5,ZoneEnter:Queue,"[135,224,45,56]",0.99
2025-11-25T21:01:38.737282Z,CAM01,349920,1.03,1.04,1.75,ZoneEnter:Desk:R1,"[149,255,31,47]",0.95
2025-11-25T21:06:13.099503Z,CAM02,349920,3.03,1.13,1.7,ZoneExit:FrontDesk,"[170,277,38,43]",0.96
2025-11-25T21:10:14.090057Z,CAM01,878246,1.76,0.84,1.7,ZoneEnter:Queue,"[135,304,41,44]",0.92
2025-11-25T21:10:14.090057Z,CAM01,878246,0.7,0.89,1.75,ZoneEnter:Desk:R2,"[200,222,67,59]",0.99
2025-11-25T21:13:43.440524Z,CAM02,878246,3.07,0.92,1.69,ZoneExit:FrontDesk,"[120,290,56,40]",0.97
2025-11-25T21:31:55.639464Z,CAM01,173678,1.43,0.72,1.83,ZoneEnter:Queue,"[145,160,40,45]",0.96
2025-11-25T21:31:55.639464Z,CAM01,173678,0.86,1.1,1.49,ZoneEnter:Desk:R1,"[210,236,68,40]",0.96
2025-11-25T21:37:53.543298Z,CAM02,173678,3.33,1.31,1.78,ZoneExit:FrontDesk,"[190,283,58,68]",0.99
2025-11-25T21:42:11.573039Z,CAM01,421711,1.71,0.91,1.77,ZoneEnter:Queue,"[156,126,67,40]",0.94
2025-11-25T21:42:11.573039Z,CAM01,421711,0.77,0.87,1.69,ZoneEnter:Desk:R2,"[128,284,61,44]",0.89
2025-11-25T21:43:43.014869Z,CAM01,969349,0.96,0.92,1.49,ZoneEnter:Desk:R1,"[213,165,58,69]",0.91
2025-11-25T21:43:43.014869Z,CAM01,969349,1.05,0.69,1.53,ZoneEnter:Queue,"[122,200,50,68]",0.91
2025-11-25T21:44:34.375534Z,CAM01,765724,1.7,0.66,1.76,ZoneEnter:Queue,"[108,303,47,69]",0.98
2025-11-25T21:46:38.473756Z,CAM01,765724,0.84,0.58,1.58,ZoneEnter:Desk:R1,"[119,136,61,62]",0.96
2025-11-25T21:46:38.473756Z,CAM02,969349,3.57,1.11,1.59,ZoneExit:FrontDesk,"[186,148,31,53]",0.94
2025-11-25T21:47:14.679461Z,CAM02,421711,3.19,1.17,1.5,ZoneExit:FrontDesk,"[172,211,48,54]",0.93
2025-11-25T21:49:34.056900Z,CAM01,836638,2.01,0.76,1.58,ZoneEnter:Queue,"[118,135,36,34]",0.93
2025-11-25T21:49:34.056900Z,CAM01,836638,1.25,0.93,1.67,ZoneEnter:Desk:R2,"[179,158,68,53]",0.89
2025-11-25T21:49:37.940034Z,CAM02,765724,2.7,1.29,1.66,ZoneExit:FrontDesk,"[143,228,30,51]",0.95
2025-11-25T21:53:35.784901Z,CAM02,836638,2.8,1.28,1.81,ZoneExit:FrontDesk,"[137,194,57,61]",0.97
2025-11-26T08:10:32.206729Z,CAM01,914246,1.97,0.65,1.46,ZoneEnter:Queue,"[150,193,60,47]",0.91
2025-11-26T08:10:32.206729Z,CAM01,914246,0.68,0.75,1.44,ZoneEnter:Desk:R1,"[205,248,48,63]",0.97
2025-11-26T08:12:22.355000Z,CAM01,473413,1.52,0.75,1.7,ZoneEnter:Queue,"[96,204,49,36]",0.97
2025-11-26T08:12:22.355000Z,CAM01,473413,0.67,0.93,1.77,ZoneEnter:Desk:R2,"[136,296,54,44]",0.92
2025-11-26T08:12:29.242345Z,CAM01,671830,1.36,0.99,1.83,ZoneEnter:Queue,"[141,237,57,57]",0.9
2025-11-26T08:13:12.951539Z,CAM02,914246,2.96,1.05,1.71,ZoneExit:FrontDesk,"[142,143,69,36]",0.96
2025-11-26T08:13:12.951539Z,CAM01,671830,1.08,0.87,1.77,ZoneEnter:Desk:R1,"[215,129,31,55]",0.98
2025-11-26T08:15:01.689379Z,CAM02,473413,2.43,1.1,1.65,ZoneExit:FrontDesk,"[186,214,54,54]",0.94
2025-11-26T08:15:17.864872Z,CAM02,671830,3.4,1.05,1.66,ZoneExit:FrontDesk,"[118,150,55,52]",0.99
2025-11-26T08:19:12.064541Z,CAM01,416309,1.4,0.77,1.46,ZoneEnter:Queue,"[179,271,56,42]",0.99
2025-11-26T08:19:12.064541Z,CAM01,416309,1.08,0.88,1.51,ZoneEnter:Desk:R2,"[179,258,53,40]",0.99
2025-11-26T08:19:41.022908Z,CAM01,427742,0.87,1.06,1.69,ZoneEnter:Desk:R1,"[83,244,43,58]",0.93
2025-11-26T08:19:41.022908Z,CAM01,427742,1.66,0.8,1.74,ZoneEnter:Queue,"[117,312,37,65]",0.98
2025-11-26T08:22:14.483035Z,CAM01,336671,2.04,0.6,1.75,ZoneEnter:Queue,"[120,273,59,59]",0.99
2025-11-26T08:22:20.157990Z,CAM02,416309,3.49,0.99,1.63,ZoneExit:FrontDesk,"[106,193,49,38]",0.9
2025-11-26T08:22:20.157990Z,CAM01,336671,0.82,0.85,1.65,ZoneEnter:Desk:R2,"[164,142,57,41]",0.99
2025-11-26T08:22:31.639118Z,CAM02,427742,2.63,0.95,1.76,ZoneExit:FrontDesk,"[215,146,66,42]",0.95
2025-11-26T08:24:34.331975Z,CAM01,109196,1.44,0.89,1.59,ZoneEnter:Queue,"[200,311,54,50]",0.97
2025-11-26T08:24:34.331975Z,CAM01,109196,0.62,0.62,1.61,ZoneEnter:Desk:R1,"[106,242,53,53]",0.95
2025-11-26T08:25:42.067600Z,CAM02,336671,2.98,1.23,1.59,ZoneExit:FrontDesk,"[122,306,42,38]",0.95
2025-11-26T08:27:22.185208Z,CAM01,763644,1.06,0.9,1.48,ZoneEnter:Desk:R2,"[131,173,48,58]",0.99
2025-11-26T08:27:22.185208Z,CAM01,763644,1.84,1.08,1.45,ZoneEnter:Queue,"[93,257,55,32]",0.94
2025-11-26T08:30:18.017543Z,CAM02,109196,3.42,1.17,1.57,ZoneExit:FrontDesk,"[99,216,68,45]",0.92
2025-11-26T08:30:38.095328Z,CAM02,763644,2.93,1.07,1.58,ZoneExit:FrontDesk,"[202,169,43,42]",0.93
2025-11-26T08:31:08.968792Z,CAM01,685755,1.98,0.72,1.79,ZoneEnter:Queue,"[213,175,43,45]",0.99
2025-11-26T08:31:08.968792Z,CAM01,685755,0.89,1.0,1.67,ZoneEnter:Desk:R1,"[190,121,51,51]",0.97
2025-11-26T08:33:33.911191Z,CAM01,215560,1.69,0.72,1.57,ZoneEnter:Queue,"[90,305,52,44]",0.96
2025-11-26T08:33:33.911191Z,CAM01,215560,0.81,0.92,1.64,ZoneEnter:Desk:R2,"[169,309,41,61]",0.96
2025-11-26T08:34:03.024161Z,CAM02,685755,3.47,1.06,1.6,ZoneExit:FrontDesk,"[176,150,67,58]",0.98
2025-11-26T08:36:30.217400Z,CAM02,215560,3.28,1.15,1.6,ZoneExit:FrontDesk,"[115,278,65,67]",0.97
2025-11-26T08:36:59.754141Z,CAM01,399970,0.84,1.0,1.67,ZoneEnter:Desk:R1,"[203,259,39,57]",0.95
2025-11-26T08:36:59.754141Z,CAM01,399970,1.74,0.9,1.68,ZoneEnter:Queue,"[189,195,57,42]",0.94
2025-11-26T08:45:20.947551Z,CAM01,660256,1.81,0.62,1.76,ZoneEnter:Queue,"[113,167,38,64]",0.97
2025-11-26T08:45:20.947551Z,CAM01,660256,0.98,0.91,1.57,ZoneEnter:Desk:R2,"[215,309,66,59]",0.98
2025-11-26T08:45:49.067974Z,CAM02,399970,3.1,1.19,1.7,ZoneExit:FrontDesk,"[205,135,60,60]",0.92
2025-11-26T08:46:50.852839Z,CAM01,206481,1.65,0.92,1.66,ZoneEnter:Queue,"[219,278,35,59]",0.93
2025-11-26T08:46:50.852839Z,CAM01,206481,0.94,0.98,1.64,ZoneEnter:Desk:R1,"[180,155,66,52]",0.94
2025-11-26T08:51:13.946120Z,CAM02,660256,3.19,1.18,1.82,ZoneExit:FrontDesk,"[201,218,47,67]",0.93
2025-11-26T08:52:21.453220Z,CAM02,206481,2.93,0.94,1.64,ZoneExit:FrontDesk,"[159,150,44,64]",0.97
2025-11-26T08:55:37.684471Z,CAM01,935469,0.73,0.93,1.73,ZoneEnter:Desk:R2,"[113,215,53,49]",0.9
2025-11-26T08:55:37.684471Z,CAM01,935469,1.86,0.78,1.59,ZoneEnter:Queue,"[117,280,59,37]",0.91
2025-11-26T09:09:03.191295Z,CAM01,783507,1.74,0.74,1.57,ZoneEnter:Queue,"[195,195,39,55]",0.95
2025-11-26T09:09:03.191295Z,CAM01,783507,0.87,0.88,1.48,ZoneEnter:Desk:R1,"[112,133,46,53]",0.98
2025-11-26T09:09:53.476285Z,CAM02,935469,3.08,0.79,1.58,ZoneExit:FrontDesk,"[156,314,49,36]",0.98
2025-11-26T09:14:42.691654Z,CAM02,783507,3.18,1.17,1.8,ZoneExit:FrontDesk,"[219,261,66,67]",0.93
2025-11-26T09:25:25.934110Z,CAM01,520654,1.59,0.58,1.45,ZoneEnter:Queue,"[110,252,44,64]",0.94
2025-11-26T09:25:25.934110Z,CAM01,520654,0.7,0.87,1.68,ZoneEnter:Desk:R2,"[190,125,65,65]",0.97
2025-11-26T09:26:18.143470Z,CAM01,989430,1.75,0.82,1.57,ZoneEnter:Queue,"[218,187,47,42]",0.97
2025-11-26T09:26:18.143470Z,CAM01,989430,0.61,0.99,1.64,ZoneEnter:Desk:R1,"[125,145,41,58]",0.9
2025-11-26T09:28:29.714446Z,CAM02,989430,2.89,1.23,1.65,ZoneExit:FrontDesk,"[118,261,36,61]",0.95
2025-11-26T09:29:58.022687Z,CAM02,520654,3.55,1.42,1.77,ZoneExit:FrontDesk,"[134,275,41,68]",0.94
2025-11-26T09:35:04.605370Z,CAM01,409227,1.89,0.71,1.8,ZoneEnter:Queue,"[87,212,56,37]",0.99
2025-11-26T09:35:04.605370Z,CAM01,409227,0.69,1.01,1.7,ZoneEnter:Desk:R1,"[175,160,48,58]",0.9
2025-11-26T09:35:30.131728Z,CAM01,271453,1.95,1.0,1.68,ZoneEnter:Queue,"[188,200,40,67]",0.96
2025-11-26T09:35:30.131728Z,CAM01,271453,0.51,1.07,1.66,ZoneEnter:Desk:R2,"[80,312,68,63]",0.93
2025-11-26T09:39:36.567658Z,CAM02,271453,3.09,1.28,1.7,ZoneExit:FrontDesk,"[187,221,36,68]",0.91
2025-11-26T09:39:43.133980Z,CAM02,409227,2.87,1.13,1.63,ZoneExit:FrontDesk,"[127,219,53,59]",0.92
2025-11-26T09:44:09.607451Z,CAM01,140662,1.83,0.77,1.76,ZoneEnter:Queue,"[176,257,49,32]",0.99
2025-11-26T09:44:09.607451Z,CAM01,140662,0.73,0.78,1.72,ZoneEnter:Desk:R2,"[195,278,57,37]",0.99
2025-11-26T09:44:44.454861Z,CAM01,895249,1.66,0.92,1.73,ZoneEnter:Queue,"[124,264,43,37]",0.94
2025-11-26T09:44:44.454861Z,CAM01,895249,0.85,0.74,1.54,ZoneEnter:Desk:R1,"[152,136,42,58]",0.87
2025-11-26T09:47:47.721956Z,CAM02,140662,3.17,0.68,1.75,ZoneExit:FrontDesk,"[169,175,64,55]",0.97
2025-11-26T09:48:44.563211Z,CAM02,895249,3.21,1.22,1.55,ZoneExit:FrontDesk,"[167,255,51,37]",0.98
2025-11-26T09:51:22.907148Z,CAM01,737249,1.33,0.77,1.52,ZoneEnter:Queue,"[172,216,61,59]",0.94
2025-11-26T09:51:22.907148Z,CAM01,737249,0.53,1.01,1.67,ZoneEnter:Desk:R2,"[154,226,62,66]",0.91
2025-11-26T09:52:26.742260Z,CAM01,207342,0.46,0.82,1.78,ZoneEnter:Desk:R1,"[204,130,41,33]",0.95
2025-11-26T09:52:26.742260Z,CAM01,207342,2.19,0.93,1.69,ZoneEnter:Queue,"[201,123,61,45]",0.94
2025-11-26T09:53:43.712495Z,CAM02,207342,3.73,1.01,1.56,ZoneExit:FrontDesk,"[218,312,46,41]",0.96
2025-11-26T09:54:01.626497Z,CAM02,737249,3.36,1.01,1.75,ZoneExit:FrontDesk,"[136,168,41,67]",0.92
2025-11-26T10:00:01.353111Z,CAM01,668929,1.85,0.84,1.55,ZoneEnter:Queue,"[151,169,52,49]",0.93
2025-11-26T10:00:01.353111Z,CAM01,668929,0.58,0.84,1.72,ZoneEnter:Desk:R1,"[166,124,50,43]",0.99
2025-11-26T10:01:30.360784Z,CAM01,222027,1.81,0.96,1.51,ZoneEnter:Queue,"[138,314,42,50]",0.9
2025-11-26T10:01:30.360784Z,CAM01,222027,0.81,0.75,1.65,ZoneEnter:Desk:R2,"[101,124,60,42]",0.96
2025-11-26T10:02:43.850752Z,CAM02,668929,3.39,1.27,1.64,ZoneExit:FrontDesk,"[196,226,47,63]",0.99
2025-11-26T10:03:36.835570Z,CAM02,222027,3.24,1.32,1.58,ZoneExit:FrontDesk,"[95,202,39,31]",0.95
2025-11-26T10:03:46.333440Z,CAM01,733960,2.05,0.88,1.7,ZoneEnter:Queue,"[119,196,35,34]",0.91
2025-11-26T10:03:46.333440Z,CAM01,733960,0.85,0.86,1.68,ZoneEnter:Desk:R1,"[218,300,60,50]",0.98
2025-11-26T10:09:25.886545Z,CAM02,733960,3.09,1.37,1.74,ZoneExit:FrontDesk,"[143,177,63,56]",0.96
2025-11-26T10:09:45.977407Z,CAM01,560064,1.92,0.92,1.59,ZoneEnter:Queue,"[99,145,38,62]",0.94
2025-11-26T10:09:45.977407Z,CAM01,560064,0.94,0.83,1.59,ZoneEnter:Desk:R2,"[202,178,59,61]",0.98
2025-11-26T10:12:25.814905Z,CAM01,405956,1.66,0.96,1.58,ZoneEnter:Queue,"[215,317,30,66]",0.95
2025-11-26T10:12:25.814905Z,CAM01,405956,0.66,0.94,1.66,ZoneEnter:Desk:R1,"[154,211,50,67]",0.92
2025-11-26T10:13:23.741005Z,CAM01,161631,2.09,0.93,1.76,ZoneEnter:Queue,"[102,124,54,32]",0.93
2025-11-26T10:15:48.633427Z,CAM02,405956,3.17,1.18,1.58,ZoneExit:FrontDesk,"[174,177,61,41]",0.97
2025-11-26T10:15:48.633427Z,CAM01,161631,0.93,0.85,1.69,ZoneEnter:Desk:R1,"[119,314,53,47]",0.94
2025-11-26T10:16:06.823469Z,CAM02,560064,2.89,1.13,1.53,ZoneExit:FrontDesk,"[155,264,36,45]",0.91
2025-11-26T10:16:11.170495Z,CAM01,707359,0.72,1.04,1.7,ZoneEnter:Desk:R2,"[197,290,52,50]",0.99
2025-11-26T10:16:11.170495Z,CAM01,707359,1.97,0.89,1.48,ZoneEnter:Queue,"[201,152,33,38]",0.93
2025-11-26T10:17:21.271267Z,CAM01,456857,1.68,0.96,1.64,ZoneEnter:Queue,"[167,142,30,32]",0.95
2025-11-26T10:17:22.194202Z,CAM01,268575,1.49,0.9,1.62,ZoneEnter:Queue,"[188,285,31,51]",0.95
2025-11-26T10:20:01.642582Z,CAM02,707359,2.88,0.93,1.75,ZoneExit:FrontDesk,"[194,205,69,48]",0.96
2025-11-26T10:20:01.642582Z,CAM01,456857,0.85,1.04,1.58,ZoneEnter:Desk:R2,"[147,146,45,63]",0.96
2025-11-26T10:20:08.085342Z,CAM01,268978,1.78,0.84,1.7,ZoneEnter:Queue,"[92,233,52,34]",0.92
2025-11-26T10:20:35.969026Z,CAM01,721680,1.79,1.09,1.62,ZoneEnter:Queue,"[124,278,38,34]",0.93
2025-11-26T10:20:59.905289Z,CAM01,268575,0.76,0.93,1.64,ZoneEnter:Desk:R1,"[85,294,45,55]",0.99
2025-11-26T10:20:59.905289Z,CAM02,161631,3.18,1.26,1.63,ZoneExit:FrontDesk,"[184,120,39,48]",0.97
2025-11-26T10:23:25.399696Z,CAM02,456857,3.25,1.09,1.54,ZoneExit:FrontDesk,"[100,253,49,61]",0.99
2025-11-26T10:23:25.399696Z,CAM01,268978,0.78,0.9,1.69,ZoneEnter:Desk:R2,"[160,212,34,35]",0.99
2025-11-26T10:24:31.698954Z,CAM02,268575,2.81,1.08,1.58,ZoneExit:FrontDesk,"[181,124,52,43]",0.99
2025-11-26T10:24:31.698954Z,CAM01,721680,0.84,1.06,1.78,ZoneEnter:Desk:R1,"[100,250,56,54]",0.92
2025-11-26T10:27:30.210947Z,CAM02,721680,3.72,1.1,1.72,ZoneExit:FrontDesk,"[177,284,35,53]",0.95
2025-11-26T10:30:51.429513Z,CAM02,268978,3.3,1.13,1.76,ZoneExit:FrontDesk,"[116,141,32,57]",0.98
2025-11-26T10:42:23.219136Z,CAM01,482733,2.11,0.81,1.63,ZoneEnter:Queue,"[142,161,65,67]",0.94
2025-11-26T10:42:23.219136Z,CAM01,482733,0.87,0.83,1.65,ZoneEnter:Desk:R1,"[153,160,67,53]",0.92
2025-11-26T10:45:39.166565Z,CAM02,482733,3.26,1.15,1.79,ZoneExit:FrontDesk,"[151,218,68,66]",0.91
2025-11-26T10:48:56.278299Z,CAM01,855199,1.74,0.95,1.59,ZoneEnter:Queue,"[113,164,33,49]",0.98
2025-11-26T10:48:56.278299Z,CAM01,855199,0.57,0.91,1.8,ZoneEnter:Desk:R2,"[83,280,57,41]",0.96
2025-11-26T10:51:08.919220Z,CAM02,855199,3.44,1.2,1.47,ZoneExit:FrontDesk,"[98,212,49,69]",0.98
2025-11-26T11:01:17.995582Z,CAM01,184988,0.8,0.94,1.5,ZoneEnter:Desk:R1,"[114,279,65,54]",0.92
2025-11-26T11:01:17.995582Z,CAM01,184988,0.98,1.06,1.67,ZoneEnter:Queue,"[123,317,64,41]",0.94
2025-11-26T11:03:34.686015Z,CAM01,180553,1.71,0.82,1.73,ZoneEnter:Queue,"[143,236,33,62]",0.93
2025-11-26T11:03:34.686015Z,CAM01,180553,0.95,0.96,1.78,ZoneEnter:Desk:R2,"[170,182,30,47]",0.92
2025-11-26T11:04:01.486656Z,CAM01,652438,1.82,0.69,1.71,ZoneEnter:Queue,"[99,293,63,55]",0.92
2025-11-26T11:04:23.731750Z,CAM02,184988,3.01,1.11,1.66,ZoneExit:FrontDesk,"[133,174,67,44]",0.93
2025-11-26T11:04:23.731750Z,CAM01,652438,0.96,0.9,1.66,ZoneEnter:Desk:R1,"[113,256,59,35]",0.94
2025-11-26T11:04:40.703828Z,CAM01,524860,1.85,1.21,1.67,ZoneEnter:Queue,"[145,139,61,61]",0.96
2025-11-26T11:06:37.552144Z,CAM02,652438,2.99,1.06,1.72,ZoneExit:FrontDesk,"[90,210,61,49]",0.9
2025-11-26T11:06:37.552144Z,CAM01,524860,1.15,0.75,1.49,ZoneEnter:Desk:R1,"[164,201,42,46]",0.95
2025-11-26T11:07:00.556882Z,CAM02,180553,3.83,1.05,1.48,ZoneExit:FrontDesk,"[137,191,45,39]",0.94
2025-11-26T11:07:58.928294Z,CAM01,950015,1.67,0.81,1.59,ZoneEnter:Queue,"[208,177,62,69]",0.99
2025-11-26T11:07:58.928294Z,CAM01,950015,0.76,0.86,1.58,ZoneEnter:Desk:R2,"[190,222,53,69]",0.95
2025-11-26T11:08:01.399430Z,CAM01,134981,1.72,0.97,1.68,ZoneEnter:Queue,"[134,200,63,54]",0.95
2025-11-26T11:11:41.754120Z,CAM01,970911,1.42,1.01,1.7,ZoneEnter:Queue,"[123,274,68,51]",0.94
2025-11-26T11:12:14.146883Z,CAM01,134981,0.41,0.78,1.87,ZoneEnter:Desk:R1,"[138,268,38,63]",0.99
2025-11-26T11:12:14.146883Z,CAM02,524860,2.95,1.09,1.72,ZoneExit:FrontDesk,"[171,161,58,59]",0.95
2025-11-26T11:12:35.057504Z,CAM01,861912,1.78,0.85,1.53,ZoneEnter:Queue,"[179,221,68,48]",0.94
2025-11-26T11:13:02.542639Z,CAM02,950015,3.43,1.09,1.55,ZoneExit:FrontDesk,"[203,205,65,63]",0.93
2025-11-26T11:13:02.542639Z,CAM01,970911,0.68,0.75,1.62,ZoneEnter:Desk:R2,"[106,252,51,38]",0.99
2025-11-26T11:15:05.272841Z,CAM02,970911,3.73,1.13,1.73,ZoneExit:FrontDesk,"[87,174,43,46]",0.98
2025-11-26T11:15:05.272841Z,CAM01,861912,0.81,0.99,1.67,ZoneEnter:Desk:R2,"[98,164,69,35]",0.99
2025-11-26T11:18:02.504219Z,CAM02,134981,3.11,1.16,1.51,ZoneExit:FrontDesk,"[143,270,57,59]",0.93
2025-11-26T11:22:51.353840Z,CAM02,861912,3.54,0.99,1.55,ZoneExit:FrontDesk,"[158,130,68,36]",0.9
2025-11-26T11:25:06.498399Z,CAM01,232293,1.25,0.86,1.72,ZoneEnter:Queue,"[136,164,46,68]",0.93
2025-11-26T11:25:06.498399Z,CAM01,232293,1.01,0.85,1.74,ZoneEnter:Desk:R1,"[192,248,38,56]",0.98
2025-11-26T11:28:49.628181Z,CAM01,216652,1.65,1.05,1.44,ZoneEnter:Queue,"[148,184,61,53]",0.93
2025-11-26T11:28:49.628181Z,CAM01,216652,0.96,0.83,1.78,ZoneEnter:Desk:R2,"[169,149,50,45]",0.99
2025-11-26T11:29:24.848058Z,CAM02,232293,3.63,1.11,1.59,ZoneExit:FrontDesk,"[200,133,66,58]",0.96
2025-11-26T11:34:36.780313Z,CAM02,216652,3.17,0.96,1.71,ZoneExit:FrontDesk,"[168,135,59,34]",0.98
2025-11-26T11:35:53.951711Z,CAM01,557923,1.79,0.76,1.46,ZoneEnter:Queue,"[143,141,64,31]",0.99
2025-11-26T11:35:53.951711Z,CAM01,557923,0.89,0.77,1.75,ZoneEnter:Desk:R1,"[159,286,46,63]",0.97
2025-11-26T11:39:41.946700Z,CAM01,721552,0.84,0.96,1.63,ZoneEnter:Desk:R2,"[103,220,57,37]",0.99
2025-11-26T11:39:41.946700Z,CAM01,721552,1.44,0.84,1.69,ZoneEnter:Queue,"[101,273,69,42]",0.96
2025-11-26T11:40:40.295456Z,CAM02,557923,2.96,1.0,1.65,ZoneExit:FrontDesk,"[173,155,53,35]",0.93
2025-11-26T11:42:29.432132Z,CAM01,962425,1.64,0.91,1.78,ZoneEnter:Queue,"[138,217,42,56]",0.99
2025-11-26T11:42:29.432132Z,CAM01,962425,0.9,0.87,1.56,ZoneEnter:Desk:R1,"[137,255,41,66]",0.93
2025-11-26T11:42:51.922656Z,CAM02,721552,3.03,1.09,1.62,ZoneExit:FrontDesk,"[182,262,46,39]",0.96
2025-11-26T11:43:59.825896Z,CAM01,200693,1.94,0.94,1.74,ZoneEnter:Queue,"[212,297,63,66]",0.99
2025-11-26T11:43:59.825896Z,CAM01,200693,0.8,0.88,1.84,ZoneEnter:Desk:R2,"[95,252,40,69]",0.96
2025-11-26T11:44:18.968007Z,CAM01,443548,1.73,0.7,1.77,ZoneEnter:Queue,"[122,168,53,46]",0.97
2025-11-26T11:44:55.679594Z,CAM01,317146,1.96,0.96,1.56,ZoneEnter:Queue,"[80,273,55,37]",0.96
2025-11-26T11:45:30.053707Z,CAM01,443548,0.92,0.92,1.66,ZoneEnter:Desk:R1,"[168,253,31,50]",0.96
2025-11-26T11:45:30.053707Z,CAM02,962425,2.99,1.06,1.68,ZoneExit:FrontDesk,"[128,147,56,57]",0.99
2025-11-26T11:46:27.180592Z,CAM01,601950,1.85,1.04,1.55,ZoneEnter:Queue,"[190,186,32,33]",0.93
2025-11-26T11:47:03.750629Z,CAM01,336874,1.75,0.96,1.64,ZoneEnter:Queue,"[206,177,39,47]",0.91
2025-11-26T11:47:43.808445Z,CAM01,706932,1.86,0.77,1.52,ZoneEnter:Queue,"[172,153,69,37]",0.99
2025-11-26T11:48:20.316903Z,CAM01,317146,0.77,0.86,1.83,ZoneEnter:Desk:R2,"[208,121,50,37]",0.96
2025-11-26T11:48:20.316903Z,CAM02,200693,3.53,0.96,1.63,ZoneExit:FrontDesk,"[135,245,36,59]",0.98
2025-11-26T11:48:44.842748Z,CAM01,873530,1.48,0.93,1.69,ZoneEnter:Queue,"[97,280,37,42]",0.99
2025-11-26T11:48:57.588442Z,CAM01,116146,2.39,0.81,1.66,ZoneEnter:Queue,"[217,212,35,53]",0.99
2025-11-26T11:50:04.510912Z,CAM01,518328,1.49,1.05,1.76,ZoneEnter:Queue,"[100,198,67,58]",0.94
2025-11-26T11:50:42.313905Z,CAM02,443548,3.31,1.14,1.59,ZoneExit:FrontDesk,"[119,202,56,65]",0.95
2025-11-26T11:50:42.313905Z,CAM01,601950,0.87,0.96,1.49,ZoneEnter:Desk:R1,"[115,206,34,52]",0.94
2025-11-26T11:50:58.165793Z,CAM02,317146,3.19,1.14,1.56,ZoneExit:FrontDesk,"[218,299,30,69]",0.94
2025-11-26T11:50:58.165793Z,CAM01,336874,1.05,0.93,1.62,ZoneEnter:Desk:R2,"[129,140,40,63]",0.94
2025-11-26T11:51:10.864864Z,CAM01,103119,1.63,0.83,1.59,ZoneEnter:Queue,"[201,153,39,69]",0.91
2025-11-26T11:52:32.057461Z,CAM01,891244,1.82,1.05,1.6,ZoneEnter:Queue,"[162,129,52,39]",0.95
2025-11-26T11:53:12.978056Z,CAM02,601950,3.15,1.03,1.64,ZoneExit:FrontDesk,"[191,303,60,69]",0.95
2025-11-26T11:53:12.978056Z,CAM01,706932,0.84,0.95,1.51,ZoneEnter:Desk:R1,"[102,148,48,60]",0.95
2025-11-26T11:53:36.348454Z,CAM01,971639,1.38,0.83,1.45,ZoneEnter:Queue,"[178,276,62,36]",0.91
2025-11-26T11:54:23.218978Z,CAM01,244111,1.55,0.73,1.66,ZoneEnter:Queue,"[109,120,31,33]",0.96
2025-11-26T11:55:13.089583Z,CAM01,873530,0.93,0.76,1.64,ZoneEnter:Desk:R2,"[216,241,52,49]",0.94
2025-11-26T11:55:13.089583Z,CAM02,336874,3.17,0.84,1.61,ZoneExit:FrontDesk,"[186,313,51,51]",0.95
2025-11-26T11:55:59.333426Z,CAM01,521290,1.66,1.0,1.66,ZoneEnter:Queue,"[124,150,53,45]",0.95
2025-11-26T11:58:12.105026Z,CAM01,116146,0.75,0.95,1.59,ZoneEnter:Desk:R1,"[118,299,51,32]",0.94
2025-11-26T11:58:12.105026Z,CAM02,706932,3.52,1.26,1.75,ZoneExit:FrontDesk,"[153,173,51,69]",0.94
2025-11-26T12:00:28.835845Z,CAM01,518328,0.45,0.98,1.5,ZoneEnter:Desk:R2,"[215,218,61,38]",0.92
2025-11-26T12:00:28.835845Z,CAM02,873530,3.55,1.01,1.64,ZoneExit:FrontDesk,"[195,164,33,69]",0.93
2025-11-26T12:01:16.396214Z,CAM01,112220,1.73,0.88,1.56,ZoneEnter:Queue,"[81,190,56,44]",0.97
2025-11-26T12:02:33.257949Z,CAM01,524198,1.41,1.02,1.57,ZoneEnter:Queue,"[95,282,64,65]",0.95
2025-11-26T12:02:43.777028Z,CAM02,116146,4.13,1.07,1.58,ZoneExit:FrontDesk,"[86,212,63,43]",0.99
2025-11-26T12:02:43.777028Z,CAM01,103119,0.79,0.8,1.47,ZoneEnter:Desk:R1,"[116,217,44,50]",0.93
2025-11-26T12:03:09.985573Z,CAM01,751460,1.65,0.75,1.66,ZoneEnter:Queue,"[80,312,30,38]",0.93
2025-11-26T12:04:24.378338Z,CAM01,169813,1.69,0.85,1.63,ZoneEnter:Queue,"[206,157,48,42]",0.95
2025-11-26T12:04:30.087230Z,CAM02,518328,2.89,1.06,1.7,ZoneExit:FrontDesk,"[181,161,66,51]",0.95
2025-11-26T12:04:30.087230Z,CAM01,891244,0.66,0.95,1.48,ZoneEnter:Desk:R2,"[152,150,32,68]",0.96
2025-11-26T12:05:09.315809Z,CAM02,103119,3.69,0.99,1.63,ZoneExit:FrontDesk,"[207,165,50,63]",0.94
2025-11-26T12:05:09.315809Z,CAM01,971639,0.9,0.93,1.63,ZoneEnter:Desk:R1,"[162,244,33,37]",0.94
2025-11-26T12:06:09.428746Z,CAM01,207275,1.74,1.05,1.38,ZoneEnter:Queue,"[139,150,44,30]",0.97
2025-11-26T12:14:09.537113Z,CAM02,891244,3.09,0.99,1.58,ZoneExit:FrontDesk,"[200,298,50,68]",0.91
2025-11-26T12:14:09.537113Z,CAM01,244111,0.83,0.78,1.71,ZoneEnter:Desk:R2,"[111,273,44,53]",0.96
2025-11-26T12:17:03.478983Z,CAM01,624825,1.64,0.81,1.58,ZoneEnter:Queue,"[174,284,41,39]",0.97
2025-11-26T12:17:05.535280Z,CAM01,521290,0.95,0.63,1.59,ZoneEnter:Desk:R2,"[190,167,49,61]",0.95
2025-11-26T12:17:05.535280Z,CAM02,244111,3.41,0.81,1.68,ZoneExit:FrontDesk,"[203,265,51,45]",0.92
2025-11-26T12:18:50.346051Z,CAM02,971639,3.25,1.12,1.62,ZoneExit:FrontDesk,"[94,230,68,47]",0.99
2025-11-26T12:18:50.346051Z,CAM01,112220,0.63,1.03,1.52,ZoneEnter:Desk:R1,"[198,168,45,68]",0.94
2025-11-26T12:19:58.521853Z,CAM01,524198,0.77,0.93,1.45,ZoneEnter:Desk:R2,"[216,152,67,52]",0.92
2025-11-26T12:19:58.521853Z,CAM02,521290,3.07,1.11,1.56,ZoneExit:FrontDesk,"[120,255,64,51]",0.99
2025-11-26T12:20:57.823065Z,CAM01,159382,1.81,0.9,1.7,ZoneEnter:Queue,"[142,314,43,46]",0.91
2025-11-26T12:23:19.076571Z,CAM02,112220,2.48,1.01,1.76,ZoneExit:FrontDesk,"[178,163,59,35]",0.99
2025-11-26T12:23:19.076571Z,CAM01,751460,0.68,0.94,1.64,ZoneEnter:Desk:R1,"[96,135,69,30]",0.93
2025-11-26T12:24:15.473520Z,CAM01,251967,1.45,1.09,1.8,ZoneEnter:Queue,"[164,208,69,55]",0.93
2025-11-26T12:24:53.736482Z,CAM01,538238,1.76,0.87,1.78,ZoneEnter:Queue,"[170,262,62,55]",0.95
2025-11-26T12:27:04.625485Z,CAM02,524198,2.82,1.29,1.56,ZoneExit:FrontDesk,"[114,195,48,60]",0.92
2025-11-26T12:27:04.625485Z,CAM01,169813,0.88,0.87,1.71,ZoneEnter:Desk:R2,"[181,234,59,55]",0.88
2025-11-26T12:29:32.976644Z,CAM02,169813,3.82,1.14,1.64,ZoneExit:FrontDesk,"[164,264,55,60]",0.93
2025-11-26T12:29:32.976644Z,CAM01,207275,0.89,0.84,1.62,ZoneEnter:Desk:R2,"[129,304,35,45]",0.98
2025-11-26T12:29:42.524586Z,CAM01,805885,1.71,0.71,1.78,ZoneEnter:Queue,"[169,181,56,65]",0.96
2025-11-26T12:30:25.403599Z,CAM01,165250,1.77,0.95,1.61,ZoneEnter:Queue,"[114,142,66,34]",0.95
2025-11-26T12:32:44.337082Z,CAM01,624825,0.55,0.74,1.57,ZoneEnter:Desk:R1,"[200,129,49,66]",0.98
2025-11-26T12:32:44.337082Z,CAM02,751460,3.21,1.22,1.61,ZoneExit:FrontDesk,"[149,150,42,57]",0.9
2025-11-26T12:34:02.766048Z,CAM01,159382,0.84,1.02,1.83,ZoneEnter:Desk:R2,"[94,221,53,30]",0.97
2025-11-26T12:34:02.766048Z,CAM02,207275,3.29,1.03,1.52,ZoneExit:FrontDesk,"[126,207,31,67]",0.94
2025-11-26T12:36:41.842976Z,CAM01,282178,1.8,0.8,1.62,ZoneEnter:Queue,"[91,257,39,45]",0.92
2025-11-26T12:36:54.691962Z,CAM02,624825,2.99,1.28,1.61,ZoneExit:FrontDesk,"[126,258,39,35]",0.94
2025-11-26T12:36:54.691962Z,CAM01,251967,0.9,0.88,1.74,ZoneEnter:Desk:R1,"[138,280,35,50]",0.93
2025-11-26T12:37:31.524677Z,CAM01,432640,1.83,0.87,1.72,ZoneEnter:Queue,"[123,215,41,49]",0.96
2025-11-26T12:37:44.981958Z,CAM01,423776,2.02,0.63,1.61,ZoneEnter:Queue,"[155,156,65,39]",0.96
2025-11-26T12:39:01.148432Z,CAM01,628951,1.96,0.59,1.6,ZoneEnter:Queue,"[197,190,48,50]",0.9
2025-11-26T12:39:28.933410Z,CAM01,538238,0.9,1.04,1.51,ZoneEnter:Desk:R2,"[205,301,32,65]",0.92
2025-11-26T12:39:28.933410Z,CAM02,159382,3.2,1.24,1.5,ZoneExit:FrontDesk,"[214,202,39,56]",0.95
2025-11-26T12:40:09.613551Z,CAM01,805885,0.91,0.94,1.72,ZoneEnter:Desk:R1,"[138,203,67,53]",0.97
2025-11-26T12:40:09.613551Z,CAM02,251967,3.47,1.01,1.88,ZoneExit:FrontDesk,"[212,137,50,46]",0.97
2025-11-26T12:44:07.864721Z,CAM01,499950,1.92,0.86,1.84,ZoneEnter:Queue,"[213,247,49,56]",0.96
2025-11-26T12:44:34.964622Z,CAM02,538238,2.91,1.05,1.68,ZoneExit:FrontDesk,"[177,290,50,46]",0.96
2025-11-26T12:44:34.964622Z,CAM01,165250,0.95,0.98,1.58,ZoneEnter:Desk:R2,"[208,166,40,69]",0.92
2025-11-26T12:44:36.269795Z,CAM01,282178,0.86,0.75,1.68,ZoneEnter:Desk:R1,"[190,248,61,45]",0.97
2025-11-26T12:44:36.269795Z,CAM02,805885,3.27,0.98,1.67,ZoneExit:FrontDesk,"[140,170,49,66]",0.96
2025-11-26T12:46:14.735937Z,CAM01,158788,1.52,0.76,1.79,ZoneEnter:Queue,"[207,148,37,67]",0.94
2025-11-26T12:46:56.990648Z,CAM01,342670,1.7,0.81,1.59,ZoneEnter:Queue,"[113,301,59,40]",0.97
2025-11-26T12:47:04.359590Z,CAM01,520223,1.59,0.83,1.75,ZoneEnter:Queue,"[217,178,37,30]",0.91
2025-11-26T12:50:55.366860Z,CAM01,204132,0.97,0.85,1.71,ZoneEnter:Queue,"[120,315,56,45]",0.93
2025-11-26T12:51:30.365737Z,CAM01,432640,0.87,0.76,1.7,ZoneEnter:Desk:R1,"[145,244,53,34]",0.97
2025-11-26T12:51:30.365737Z,CAM02,282178,3.17,1.15,1.55,ZoneExit:FrontDesk,"[204,297,46,31]",0.9
2025-11-26T12:52:50.039514Z,CAM02,165250,3.36,1.14,1.67,ZoneExit:FrontDesk,"[100,120,37,34]",0.93
2025-11-26T12:52:50.039514Z,CAM01,423776,0.58,0.89,1.6,ZoneEnter:Desk:R2,"[140,139,50,67]",0.98
2025-11-26T12:55:27.049327Z,CAM01,926705,1.55,0.78,1.77,ZoneEnter:Queue,"[209,137,34,62]",0.92
2025-11-26T12:56:25.000406Z,CAM02,432640,2.97,1.36,1.67,ZoneExit:FrontDesk,"[106,176,39,53]",0.99
2025-11-26T12:56:25.000406Z,CAM01,628951,0.86,0.86,1.48,ZoneEnter:Desk:R1,"[159,315,53,45]",0.95
2025-11-26T12:56:56.996294Z,CAM02,423776,3.71,1.27,1.63,ZoneExit:FrontDesk,"[211,273,48,36]",0.94
2025-11-26T12:56:56.996294Z,CAM01,499950,0.7,0.86,1.45,ZoneEnter:Desk:R2,"[81,139,55,65]",0.97
2025-11-26T12:57:10.046272Z,CAM01,791014,1.86,1.02,1.53,ZoneEnter:Queue,"[99,303,56,57]",0.88
2025-11-26T12:57:22.057236Z,CAM01,561462,1.95,0.77,1.51,ZoneEnter:Queue,"[97,314,68,50]",0.94
2025-11-26T12:58:10.871682Z,CAM01,158788,0.71,0.95,1.77,ZoneEnter:Desk:R1,"[156,257,63,36]",0.93
2025-11-26T12:58:10.871682Z,CAM02,628951,3.08,1.12,1.72,ZoneExit:FrontDesk,"[132,131,61,30]",0.95
2025-11-26T13:00:31.159261Z,CAM01,675999,1.71,0.85,1.52,ZoneEnter:Queue,"[200,168,65,33]",0.95
2025-11-26T13:01:11.504351Z,CAM01,342670,0.97,0.97,1.64,ZoneEnter:Desk:R1,"[90,166,58,62]",0.93
2025-11-26T13:01:11.504351Z,CAM02,158788,3.21,0.9,1.51,ZoneExit:FrontDesk,"[139,274,51,40]",0.95
2025-11-26T13:01:32.223692Z,CAM01,669428,1.7,0.9,1.59,ZoneEnter:Queue,"[116,246,35,45]",0.93
2025-11-26T13:02:07.610766Z,CAM01,520223,0.82,0.97,1.68,ZoneEnter:Desk:R2,"[106,166,66,52]",0.91
2025-11-26T13:02:07.610766Z,CAM02,499950,2.96,0.84,1.6,ZoneExit:FrontDesk,"[103,159,31,34]",0.98
2025-11-26T13:04:16.651936Z,CAM02,520223,3.38,0.96,1.65,ZoneExit:FrontDesk,"[190,164,52,35]",0.98
2025-11-26T13:04:16.651936Z,CAM01,204132,0.73,0.97,1.64,ZoneEnter:Desk:R2,"[133,298,60,55]",0.92
2025-11-26T13:05:14.196572Z,CAM01,492122,1.47,0.76,1.49,ZoneEnter:Queue,"[166,213,32,53]",0.97
2025-11-26T13:07:31.385916Z,CAM01,358723,2.03,1.02,1.82,ZoneEnter:Queue,"[102,139,58,34]",0.9
2025-11-26T13:08:06.647853Z,CAM02,204132,3.33,1.28,1.75,ZoneExit:FrontDesk,"[94,203,62,39]",0.92
2025-11-26T13:08:06.647853Z,CAM01,926705,0.71,0.95,1.79,ZoneEnter:Desk:R2,"[113,265,43,58]",0.99
2025-11-26T13:11:16.704387Z,CAM01,381246,1.68,0.86,1.56,ZoneEnter:Queue,"[217,226,35,53]",0.93
2025-11-26T13:11:21.245184Z,CAM01,791014,0.96,0.89,1.72,ZoneEnter:Desk:R1,"[92,168,51,42]",0.93
2025-11-26T13:11:21.245184Z,CAM02,342670,2.91,0.89,1.66,ZoneExit:FrontDesk,"[169,233,62,65]",0.95
2025-11-26T13:11:33.188271Z,CAM01,723260,1.71,0.97,1.68,ZoneEnter:Queue,"[140,255,31,68]",0.99
2025-11-26T13:12:33.001043Z,CAM01,561462,0.82,1.0,1.65,ZoneEnter:Desk:R2,"[168,137,56,36]",0.96
2025-11-26T13:12:33.001043Z,CAM02,926705,2.71,1.09,1.71,ZoneExit:FrontDesk,"[81,168,35,49]",0.94
2025-11-26T13:14:04.762351Z,CAM01,718765,1.86,0.62,1.66,ZoneEnter:Queue,"[181,149,60,64]",0.97
2025-11-26T13:15:11.284180Z,CAM02,561462,3.28,1.05,1.6,ZoneExit:FrontDesk,"[142,196,62,42]",0.97
2025-11-26T13:15:11.284180Z,CAM01,675999,0.77,1.12,1.49,ZoneEnter:Desk:R2,"[122,189,41,54]",0.93
2025-11-26T13:16:45.275750Z,CAM01,597890,1.7,0.8,1.61,ZoneEnter:Queue,"[145,228,31,61]",0.92
2025-11-26T13:18:44.290970Z,CAM01,669428,0.51,0.97,1.75,ZoneEnter:Desk:R1,"[91,153,65,30]",0.88
2025-11-26T13:18:44.290970Z,CAM02,791014,2.87,1.2,1.56,ZoneExit:FrontDesk,"[186,211,34,36]",0.95
2025-11-26T13:19:29.787806Z,CAM01,795413,2.01,0.83,1.68,ZoneEnter:Queue,"[144,136,57,45]",0.97
2025-11-26T13:20:06.205985Z,CAM02,675999,3.06,0.91,1.46,ZoneExit:FrontDesk,"[194,309,61,39]",0.91
2025-11-26T13:20:06.205985Z,CAM01,492122,0.86,0.88,1.78,ZoneEnter:Desk:R2,"[92,181,43,56]",0.98
2025-11-26T13:21:04.470217Z,CAM01,177902,1.9,0.87,1.46,ZoneEnter:Queue,"[148,193,40,48]",0.95
2025-11-26T13:21:26.536190Z,CAM01,320850,1.84,0.67,1.58,ZoneEnter:Queue,"[110,224,68,41]",0.92
2025-11-26T13:23:47.132313Z,CAM01,181767,2.1,0.72,1.58,ZoneEnter:Queue,"[117,235,31,48]",0.96
2025-11-26T13:23:49.371035Z,CAM01,815533,1.51,0.94,1.62,ZoneEnter:Queue,"[130,130,69,61]",0.98
2025-11-26T13:24:33.203577Z,CAM01,358723,1.08,0.79,1.68,ZoneEnter:Desk:R1,"[86,224,60,36]",0.92
2025-11-26T13:24:33.203577Z,CAM02,669428,3.52,1.16,1.62,ZoneExit:FrontDesk,"[177,187,65,65]",0.91
2025-11-26T13:27:03.304257Z,CAM01,858346,1.54,0.74,1.76,ZoneEnter:Queue,"[99,281,37,41]",0.95
2025-11-26T13:27:40.333340Z,CAM01,823184,1.66,0.74,1.59,ZoneEnter:Queue,"[86,217,67,62]",0.98
2025-11-26T13:28:34.803575Z,CAM02,492122,3.07,1.02,1.68,ZoneExit:FrontDesk,"[191,215,51,54]",0.95
2025-11-26T13:28:34.803575Z,CAM01,381246,0.89,0.89,1.69,ZoneEnter:Desk:R2,"[180,241,40,67]",0.98
2025-11-26T13:28:43.657997Z,CAM02,358723,3.42,1.02,1.52,ZoneExit:FrontDesk,"[172,205,62,44]",0.91
2025-11-26T13:28:43.657997Z,CAM01,723260,0.56,0.89,1.61,ZoneEnter:Desk:R1,"[179,297,44,66]",0.97
2025-11-26T13:29:01.610904Z,CAM01,450996,1.48,0.72,1.63,ZoneEnter:Queue,"[100,252,66,68]",0.97
2025-11-26T13:30:12.305600Z,CAM01,670401,1.4,0.81,1.77,ZoneEnter:Queue,"[133,202,69,62]",0.99
2025-11-26T13:32:51.234114Z,CAM02,723260,2.68,1.01,1.7,ZoneExit:FrontDesk,"[117,300,51,46]",0.93
2025-11-26T13:32:51.234114Z,CAM01,718765,1.11,0.73,1.68,ZoneEnter:Desk:R1,"[160,135,64,54]",0.93
2025-11-26T13:33:16.856275Z,CAM01,578878,1.69,1.05,1.79,ZoneEnter:Queue,"[198,211,63,42]",0.95
2025-11-26T13:35:02.761993Z,CAM02,381246,3.18,1.16,1.83,ZoneExit:FrontDesk,"[81,241,32,61]",0.94
2025-11-26T13:35:02.761993Z,CAM01,597890,0.86,0.91,1.55,ZoneEnter:Desk:R2,"[212,134,50,69]",0.92
2025-11-26T13:35:43.139099Z,CAM01,824161,1.85,0.77,1.61,ZoneEnter:Queue,"[89,128,46,51]",0.98
2025-11-26T13:36:08.204162Z,CAM01,138719,1.79,0.67,1.67,ZoneEnter:Queue,"[215,138,58,56]",0.96
2025-11-26T13:37:35.323762Z,CAM01,280922,1.82,0.69,1.78,ZoneEnter:Queue,"[138,157,51,30]",0.94
2025-11-26T13:38:46.694416Z,CAM01,876262,1.72,0.82,1.6,ZoneEnter:Queue,"[159,192,31,50]",0.96
2025-11-26T13:39:03.515047Z,CAM02,597890,3.31,1.37,1.63,ZoneExit:FrontDesk,"[88,217,33,50]",0.93
2025-11-26T13:39:03.515047Z,CAM01,795413,0.98,0.79,1.74,ZoneEnter:Desk:R2,"[187,126,45,60]",0.95
2025-11-26T13:39:04.784937Z,CAM02,718765,2.96,1.14,1.63,ZoneExit:FrontDesk,"[213,246,36,69]",0.92
2025-11-26T13:39:04.784937Z,CAM01,177902,0.68,1.09,1.53,ZoneEnter:Desk:R1,"[203,232,45,49]",0.99
2025-11-26T13:39:42.116030Z,CAM01,417630,1.6,0.82,1.61,ZoneEnter:Queue,"[132,258,33,61]",0.99
2025-11-26T13:42:09.506651Z,CAM01,320850,0.94,1.12,1.8,ZoneEnter:Desk:R2,"[199,231,41,62]",0.97
2025-11-26T13:42:09.506651Z,CAM02,795413,2.81,1.05,1.56,ZoneExit:FrontDesk,"[87,179,31,59]",0.95
2025-11-26T13:42:59.012240Z,CAM01,181767,1.21,0.95,1.66,ZoneEnter:Desk:R1,"[87,259,49,33]",0.99
2025-11-26T13:42:59.012240Z,CAM02,177902,3.17,1.03,1.47,ZoneExit:FrontDesk,"[212,174,52,58]",0.99
2025-11-26T13:44:04.158378Z,CAM01,565787,1.9,0.93,1.58,ZoneEnter:Queue,"[178,275,53,54]",0.97
2025-11-26T13:45:25.491366Z,CAM01,526008,1.2,0.87,1.63,ZoneEnter:Queue,"[166,293,56,45]",0.97
2025-11-26T13:47:19.880722Z,CAM01,815533,0.82,0.85,1.67,ZoneEnter:Desk:R2,"[120,154,42,54]",0.92
2025-11-26T13:47:19.880722Z,CAM02,320850,3.01,1.59,1.66,ZoneExit:FrontDesk,"[98,198,42,36]",0.99
2025-11-26T13:47:37.761625Z,CAM01,858346,0.98,0.85,1.7,ZoneEnter:Desk:R1,"[122,139,69,54]",0.95
2025-11-26T13:47:37.761625Z,CAM02,181767,3.09,0.96,1.66,ZoneExit:FrontDesk,"[175,121,43,61]",0.92
2025-11-26T13:48:14.648116Z,CAM01,507340,1.55,0.97,1.68,ZoneEnter:Queue,"[141,196,48,40]",0.96
2025-11-26T13:48:32.418976Z,CAM01,620480,2.06,0.85,1.69,ZoneEnter:Queue,"[214,192,35,44]",0.94
2025-11-26T13:48:50.330897Z,CAM01,960029,1.52,1.04,1.55,ZoneEnter:Queue,"[96,195,61,65]",0.92
2025-11-26T13:49:05.824938Z,CAM01,404072,1.67,1.02,1.7,ZoneEnter:Queue,"[113,198,49,59]",0.96
2025-11-26T13:49:07.787652Z,CAM01,472940,1.63,0.55,1.63,ZoneEnter:Queue,"[197,240,37,32]",0.94
2025-11-26T13:50:55.137801Z,CAM01,635807,1.69,0.97,1.71,ZoneEnter:Queue,"[163,275,48,53]",0.89
2025-11-26T13:51:44.387554Z,CAM01,991503,1.54,0.69,1.68,ZoneEnter:Queue,"[211,233,64,40]",0.98
2025-11-26T13:52:53.669219Z,CAM02,858346,3.48,1.08,1.67,ZoneExit:FrontDesk,"[145,260,31,52]",0.95
2025-11-26T13:52:53.669219Z,CAM01,823184,1.1,0.97,1.72,ZoneEnter:Desk:R1,"[95,127,64,64]",0.95
2025-11-26T13:53:34.150467Z,CAM01,450996,0.98,0.76,1.61,ZoneEnter:Desk:R2,"[89,184,60,69]",0.93
2025-11-26T13:53:34.150467Z,CAM02,815533,3.14,1.23,1.81,ZoneExit:FrontDesk,"[133,237,37,40]",0.94
2025-11-26T13:55:57.898696Z,CAM01,995212,1.46,0.83,1.59,ZoneEnter:Queue,"[122,270,57,62]",0.94
2025-11-26T13:56:50.052992Z,CAM01,670401,0.88,0.9,1.58,ZoneEnter:Desk:R2,"[217,206,62,34]",0.98
2025-11-26T13:56:50.052992Z,CAM02,450996,3.21,0.93,1.5,ZoneExit:FrontDesk,"[113,271,69,69]",0.98
2025-11-26T13:57:16.886809Z,CAM02,823184,2.92,1.21,1.59,ZoneExit:FrontDesk,"[165,201,42,32]",0.92
2025-11-26T13:57:16.886809Z,CAM01,578878,0.91,0.84,1.83,ZoneEnter:Desk:R1,"[125,185,40,30]",0.92
2025-11-26T14:01:27.524148Z,CAM01,642150,1.89,1.0,1.64,ZoneEnter:Queue,"[160,252,33,52]",0.94
2025-11-26T14:01:40.044546Z,CAM01,824161,1.07,0.74,1.83,ZoneEnter:Desk:R1,"[130,165,54,64]",0.99
2025-11-26T14:01:40.044546Z,CAM02,578878,3.94,0.98,1.72,ZoneExit:FrontDesk,"[215,183,37,39]",0.93
2025-11-26T14:01:59.773553Z,CAM01,223310,1.94,0.82,1.64,ZoneEnter:Queue,"[207,267,37,35]",0.96
2025-11-26T14:02:10.138128Z,CAM01,139145,1.72,0.76,1.91,ZoneEnter:Queue,"[195,204,50,37]",0.94
2025-11-26T14:03:37.599059Z,CAM01,330480,1.76,0.89,1.68,ZoneEnter:Queue,"[161,255,44,45]",0.97
2025-11-26T14:04:00.934876Z,CAM01,138719,0.66,0.98,1.63,ZoneEnter:Desk:R2,"[166,315,34,68]",0.95
2025-11-26T14:04:00.934876Z,CAM02,670401,2.73,1.05,1.6,ZoneExit:FrontDesk,"[123,275,54,62]",0.91
2025-11-26T14:04:49.825735Z,CAM01,550083,1.11,0.9,1.63,ZoneEnter:Queue,"[208,197,58,52]",0.91
2025-11-26T14:05:42.911842Z,CAM01,213547,1.59,0.51,1.47,ZoneEnter:Queue,"[90,171,58,49]",0.94
2025-11-26T14:06:09.813991Z,CAM01,280922,0.64,0.98,1.75,ZoneEnter:Desk:R2,"[97,304,33,43]",0.89
2025-11-26T14:06:09.813991Z,CAM02,138719,3.3,1.17,1.61,ZoneExit:FrontDesk,"[207,185,43,69]",0.97
2025-11-26T14:07:30.252179Z,CAM02,824161,2.9,1.11,1.64,ZoneExit:FrontDesk,"[90,208,62,64]",0.97
2025-11-26T14:07:30.252179Z,CAM01,876262,0.85,1.12,1.42,ZoneEnter:Desk:R1,"[208,237,50,65]",0.99
2025-11-26T14:08:36.926064Z,CAM01,417630,0.67,0.82,1.63,ZoneEnter:Desk:R2,"[161,188,53,68]",0.9
2025-11-26T14:08:36.926064Z,CAM02,280922,3.19,1.22,1.7,ZoneExit:FrontDesk,"[181,277,58,42]",0.93
2025-11-26T14:08:53.756670Z,CAM01,901908,1.7,1.09,1.68,ZoneEnter:Queue,"[117,140,44,56]",0.95
2025-11-26T14:10:55.151860Z,CAM01,565787,0.87,0.84,1.65,ZoneEnter:Desk:R1,"[142,216,49,58]",0.94
2025-11-26T14:10:55.151860Z,CAM02,876262,3.17,1.08,1.73,ZoneExit:FrontDesk,"[82,302,37,31]",0.92
2025-11-26T14:11:05.050203Z,CAM02,417630,2.9,1.16,1.6,ZoneExit:FrontDesk,"[110,120,38,69]",0.91
2025-11-26T14:11:05.050203Z,CAM01,526008,0.86,0.93,1.78,ZoneEnter:Desk:R2,"[83,277,31,44]",0.92
2025-11-26T14:11:22.790570Z,CAM01,594444,1.91,0.78,1.63,ZoneEnter:Queue,"[174,290,55,68]",0.98
2025-11-26T14:11:45.234695Z,CAM01,967933,2.24,0.97,1.41,ZoneEnter:Queue,"[174,224,38,53]",0.99
2025-11-26T14:13:47.034401Z,CAM01,829981,1.74,0.75,1.73,ZoneEnter:Queue,"[179,279,42,32]",0.98
2025-11-26T14:14:18.738414Z,CAM01,435476,1.34,0.85,1.49,ZoneEnter:Queue,"[93,317,36,45]",0.99
2025-11-26T14:15:00.543413Z,CAM01,856703,1.85,0.77,1.51,ZoneEnter:Queue,"[80,294,36,38]",0.93
2025-11-26T14:15:37.623082Z,CAM02,565787,2.71,1.08,1.7,ZoneExit:FrontDesk,"[184,120,56,40]",0.95
2025-11-26T14:15:37.623082Z,CAM01,507340,0.55,1.08,1.7,ZoneEnter:Desk:R1,"[133,295,47,45]",0.96
2025-11-26T14:16:36.020261Z,CAM02,526008,3.31,0.87,1.78,ZoneExit:FrontDesk,"[208,232,40,65]",0.96
2025-11-26T14:16:36.020261Z,CAM01,620480,0.74,0.95,1.64,ZoneEnter:Desk:R2,"[120,198,30,35]",0.93
2025-11-26T14:17:45.457128Z,CAM01,815217,1.88,0.67,1.71,ZoneEnter:Queue,"[168,144,60,54]",0.94
2025-11-26T14:21:01.007930Z,CAM01,190840,1.64,0.96,1.68,ZoneEnter:Queue,"[193,255,33,54]",0.92
2025-11-26T14:21:26.949030Z,CAM01,960029,0.94,0.86,1.76,ZoneEnter:Desk:R2,"[89,209,33,59]",0.9
2025-11-26T14:21:26.949030Z,CAM02,620480,3.26,1.29,1.67,ZoneExit:FrontDesk,"[130,233,52,53]",0.97
2025-11-26T14:21:44.719831Z,CAM01,582548,1.74,0.72,1.72,ZoneEnter:Queue,"[124,178,66,31]",0.98
2025-11-26T14:21:59.267201Z,CAM01,404072,0.95,1.0,1.57,ZoneEnter:Desk:R1,"[143,218,50,69]",0.97
2025-11-26T14:21:59.267201Z,CAM02,507340,3.36,0.94,1.73,ZoneExit:FrontDesk,"[163,184,67,51]",0.91
2025-11-26T14:25:15.108645Z,CAM01,600170,1.5,0.8,1.75,ZoneEnter:Queue,"[194,313,40,31]",0.95
2025-11-26T14:26:18.453024Z,CAM01,101683,2.13,0.77,1.68,ZoneEnter:Queue,"[196,255,54,43]",0.95
2025-11-26T14:26:56.973639Z,CAM01,361575,1.81,0.78,1.69,ZoneEnter:Queue,"[143,136,54,58]",0.96
2025-11-26T14:27:02.364141Z,CAM02,960029,3.52,1.13,1.71,ZoneExit:FrontDesk,"[170,247,58,43]",0.92
2025-11-26T14:27:02.364141Z,CAM01,472940,0.96,0.79,1.61,ZoneEnter:Desk:R2,"[159,173,57,50]",0.91
2025-11-26T14:27:59.381424Z,CAM01,635807,0.7,0.77,1.61,ZoneEnter:Desk:R1,"[120,262,42,36]",0.97
2025-11-26T14:27:59.381424Z,CAM02,404072,3.54,1.11,1.68,ZoneExit:FrontDesk,"[155,158,31,44]",0.99
2025-11-26T14:28:27.468559Z,CAM01,307516,1.89,0.72,1.65,ZoneEnter:Queue,"[159,168,30,58]",0.96
2025-11-26T14:31:11.115185Z,CAM01,251389,1.9,0.84,1.7,ZoneEnter:Queue,"[103,287,42,50]",0.94
2025-11-26T14:31:11.924844Z,CAM02,635807,3.48,1.03,1.76,ZoneExit:FrontDesk,"[113,286,36,38]",0.92
2025-11-26T14:31:11.924844Z,CAM01,991503,0.81,0.93,1.7,ZoneEnter:Desk:R1,"[112,259,59,49]",0.92
2025-11-26T14:32:02.492183Z,CAM01,995212,0.85,0.82,1.65,ZoneEnter:Desk:R2,"[199,280,39,34]",0.97
2025-11-26T14:32:02.492183Z,CAM02,472940,3.07,0.98,1.69,ZoneExit:FrontDesk,"[164,289,43,48]",0.92
2025-11-26T14:32:37.403564Z,CAM01,294243,2.01,0.81,1.6,ZoneEnter:Queue,"[212,173,52,37]",0.97
2025-11-26T14:36:34.976580Z,CAM01,642150,0.8,0.71,1.69,ZoneEnter:Desk:R2,"[218,138,35,30]",0.93
2025-11-26T14:36:34.976580Z,CAM02,995212,3.44,1.28,1.61,ZoneExit:FrontDesk,"[127,242,59,57]",0.97
2025-11-26T14:36:35.276241Z,CAM01,223310,0.64,0.99,1.53,ZoneEnter:Desk:R1,"[195,222,59,60]",0.94
2025-11-26T14:36:35.276241Z,CAM02,991503,3.15,1.11,1.58,ZoneExit:FrontDesk,"[134,174,52,51]",0.91
2025-11-26T14:38:49.010579Z,CAM02,642150,3.22,1.18,1.68,ZoneExit:FrontDesk,"[158,276,66,49]",0.93
2025-11-26T14:38:49.010579Z,CAM01,139145,0.81,0.93,1.62,ZoneEnter:Desk:R2,"[99,314,48,62]",0.96
2025-11-26T14:39:08.443350Z,CAM01,422105,1.37,0.78,1.63,ZoneEnter:Queue,"[99,220,49,58]",0.93
2025-11-26T14:40:21.153070Z,CAM01,963626,1.77,0.81,1.53,ZoneEnter:Queue,"[125,264,53,40]",0.94
2025-11-26T14:40:28.381132Z,CAM01,376495,1.85,0.89,1.59,ZoneEnter:Queue,"[167,165,67,41]",0.96
2025-11-26T14:40:49.555712Z,CAM01,330480,0.62,0.97,1.41,ZoneEnter:Desk:R2,"[124,311,68,55]",0.97
2025-11-26T14:40:49.555712Z,CAM02,139145,3.66,1.04,1.77,ZoneExit:FrontDesk,"[146,133,53,56]",0.97
2025-11-26T14:41:59.458383Z,CAM01,483424,1.83,0.56,1.77,ZoneEnter:Queue,"[156,290,50,48]",0.96
2025-11-26T14:42:42.044860Z,CAM01,550083,0.41,0.87,1.55,ZoneEnter:Desk:R1,"[108,162,40,64]",0.99
2025-11-26T14:42:42.044860Z,CAM02,223310,3.84,1.05,1.55,ZoneExit:FrontDesk,"[210,147,30,36]",0.94
2025-11-26T14:44:36.207949Z,CAM01,198365,1.95,0.86,1.6,ZoneEnter:Queue,"[100,229,62,63]",0.96
2025-11-26T14:44:36.446203Z,CAM01,461869,1.64,0.77,1.53,ZoneEnter:Queue,"[213,132,69,47]",0.95
2025-11-26T14:44:56.148207Z,CAM01,232518,1.31,0.9,1.6,ZoneEnter:Queue,"[192,207,37,67]",0.96
2025-11-26T14:45:07.355308Z,CAM01,831405,1.89,0.8,1.57,ZoneEnter:Queue,"[82,167,66,69]",0.92
2025-11-26T14:45:30.655639Z,CAM01,213547,0.9,0.86,1.63,ZoneEnter:Desk:R2,"[146,157,30,40]",0.96
2025-11-26T14:45:30.655639Z,CAM02,330480,2.67,1.42,1.61,ZoneExit:FrontDesk,"[146,163,66,66]",0.96
2025-11-26T14:46:46.966072Z,CAM01,147760,1.87,0.88,1.49,ZoneEnter:Queue,"[183,183,33,42]",0.99
2025-11-26T14:47:07.159058Z,CAM01,681635,2.06,1.11,1.81,ZoneEnter:Queue,"[160,209,61,64]",0.93
2025-11-26T14:48:06.011323Z,CAM01,901908,0.83,1.08,1.65,ZoneEnter:Desk:R2,"[214,303,34,64]",0.99
2025-11-26T14:48:06.011323Z,CAM02,213547,3.53,1.22,1.6,ZoneExit:FrontDesk,"[87,231,45,44]",0.99
2025-11-26T14:49:36.939990Z,CAM01,594444,0.61,0.88,1.5,ZoneEnter:Desk:R1,"[180,212,47,30]",0.98
2025-11-26T14:49:36.939990Z,CAM02,550083,2.88,1.16,1.71,ZoneExit:FrontDesk,"[190,164,67,67]",0.99
2025-11-26T14:50:16.560243Z,CAM01,208480,2.0,0.91,1.63,ZoneEnter:Queue,"[104,171,48,42]",0.99
2025-11-26T14:50:50.119036Z,CAM01,422791,2.16,0.81,1.78,ZoneEnter:Queue,"[132,243,65,32]",0.96
2025-11-26T14:53:09.073471Z,CAM01,967933,0.74,1.11,1.43,ZoneEnter:Desk:R2,"[148,130,44,57]",0.95
2025-11-26T14:53:09.073471Z,CAM02,901908,2.72,1.08,1.65,ZoneExit:FrontDesk,"[163,265,40,36]",0.93
2025-11-26T14:53:16.561865Z,CAM01,829981,1.05,1.02,1.59,ZoneEnter:Desk:R1,"[95,222,34,62]",0.95
2025-11-26T14:53:16.561865Z,CAM02,594444,3.21,1.16,1.69,ZoneExit:FrontDesk,"[97,264,43,56]",0.95
2025-11-26T14:54:49.768671Z,CAM01,750561,1.6,0.79,1.52,ZoneEnter:Queue,"[178,184,55,55]",0.99
2025-11-26T14:55:53.137398Z,CAM01,597764,1.55,0.95,1.64,ZoneEnter:Queue,"[124,187,53,54]",0.97
2025-11-26T14:56:10.403367Z,CAM01,435476,1.13,1.09,1.56,ZoneEnter:Desk:R1,"[93,250,50,34]",0.99
2025-11-26T14:56:10.403367Z,CAM02,829981,2.75,1.05,1.74,ZoneExit:FrontDesk,"[85,144,44,65]",0.94
2025-11-26T14:57:02.586783Z,CAM01,601201,1.77,0.84,1.83,ZoneEnter:Queue,"[186,219,52,42]",0.92
2025-11-26T14:57:36.978921Z,CAM02,967933,2.83,1.07,1.55,ZoneExit:FrontDesk,"[212,285,45,41]",0.95
2025-11-26T14:57:36.978921Z,CAM01,856703,0.9,0.89,1.79,ZoneEnter:Desk:R2,"[200,292,32,32]",0.95
2025-11-26T14:59:47.490177Z,CAM01,133613,1.91,0.77,1.78,ZoneEnter:Queue,"[154,211,63,40]",0.92
2025-11-26T15:03:44.819411Z,CAM01,815217,0.73,0.92,1.64,ZoneEnter:Desk:R1,"[199,249,37,62]",0.9
2025-11-26T15:03:44.819411Z,CAM02,435476,2.77,1.02,1.55,ZoneExit:FrontDesk,"[214,258,57,66]",0.92
2025-11-26T15:05:00.398978Z,CAM02,856703,2.79,1.24,1.54,ZoneExit:FrontDesk,"[101,123,45,53]",0.94
2025-11-26T15:05:00.398978Z,CAM01,190840,0.69,1.04,1.67,ZoneEnter:Desk:R2,"[162,258,32,32]",0.98
2025-11-26T15:05:22.021946Z,CAM01,741161,1.39,0.64,1.77,ZoneEnter:Queue,"[170,304,48,53]",0.99
2025-11-26T15:08:15.092632Z,CAM02,815217,2.95,0.94,1.67,ZoneExit:FrontDesk,"[202,269,49,57]",0.9
2025-11-26T15:08:15.092632Z,CAM01,582548,1.11,1.02,1.76,ZoneEnter:Desk:R1,"[85,227,65,48]",0.98
2025-11-26T15:09:47.696928Z,CAM01,400249,1.25,0.92,1.84,ZoneEnter:Queue,"[132,121,32,46]",0.94
2025-11-26T15:10:34.418204Z,CAM02,582548,3.47,0.82,1.66,ZoneExit:FrontDesk,"[117,270,38,32]",0.92
2025-11-26T15:10:34.418204Z,CAM01,600170,0.71,1.01,1.69,ZoneEnter:Desk:R1,"[158,140,34,59]",0.88
2025-11-26T15:11:40.757265Z,CAM02,190840,3.24,1.21,1.65,ZoneExit:FrontDesk,"[169,264,64,32]",0.93
2025-11-26T15:11:40.757265Z,CAM01,101683,0.93,0.88,1.63,ZoneEnter:Desk:R2,"[83,138,44,57]",0.93
2025-11-26T15:12:09.213591Z,CAM01,170695,1.31,0.79,1.79,ZoneEnter:Queue,"[115,291,39,38]",0.99
2025-11-26T15:17:12.947191Z,CAM01,361575,0.76,0.7,1.48,ZoneEnter:Desk:R2,"[144,230,69,65]",0.97
2025-11-26T15:17:12.947191Z,CAM02,101683,2.83,1.01,1.75,ZoneExit:FrontDesk,"[126,197,67,62]",0.92
2025-11-26T15:18:57.398717Z,CAM01,912263,1.76,0.82,1.55,ZoneEnter:Queue,"[103,144,44,36]",0.89
2025-11-26T15:21:09.886462Z,CAM02,361575,2.78,1.05,1.66,ZoneExit:FrontDesk,"[170,206,52,51]",0.97
2025-11-26T15:21:09.886462Z,CAM01,307516,0.74,1.04,1.6,ZoneEnter:Desk:R2,"[199,223,47,39]",0.95
2025-11-26T15:23:28.345756Z,CAM01,251389,0.94,0.95,1.77,ZoneEnter:Desk:R1,"[160,246,52,31]",0.92
2025-11-26T15:23:28.345756Z,CAM02,600170,3.37,1.41,1.67,ZoneExit:FrontDesk,"[95,201,53,31]",0.98
2025-11-26T15:27:23.426219Z,CAM01,294243,0.71,0.82,1.6,ZoneEnter:Desk:R1,"[97,205,41,54]",0.99
2025-11-26T15:27:23.426219Z,CAM02,251389,3.5,0.98,1.56,ZoneExit:FrontDesk,"[170,170,36,55]",0.96
2025-11-26T15:28:38.114049Z,CAM01,422105,0.92,1.08,1.6,ZoneEnter:Desk:R2,"[187,147,58,56]",0.97
2025-11-26T15:28:38.114049Z,CAM02,307516,3.05,1.14,1.58,ZoneExit:FrontDesk,"[161,218,45,49]",0.94
2025-11-26T15:30:20.812303Z,CAM01,958386,1.96,0.89,1.6,ZoneEnter:Queue,"[94,203,57,65]",0.95
2025-11-26T15:32:10.161122Z,CAM01,963626,1.0,0.96,1.75,ZoneEnter:Desk:R1,"[82,241,49,67]",0.94
2025-11-26T15:32:10.161122Z,CAM02,294243,3.06,0.93,1.7,ZoneExit:FrontDesk,"[87,266,35,45]",0.96
2025-11-26T15:34:43.497672Z,CAM01,376495,0.9,0.76,1.73,ZoneEnter:Desk:R2,"[134,291,39,53]",0.96
2025-11-26T15:34:43.497672Z,CAM02,422105,3.24,0.9,1.53,ZoneExit:FrontDesk,"[97,289,48,40]",0.95
2025-11-26T15:36:17.700102Z,CAM01,135264,1.43,0.8,1.53,ZoneEnter:Queue,"[115,288,65,41]",0.9
2025-11-26T15:37:30.403378Z,CAM01,446713,1.87,0.91,1.59,ZoneEnter:Queue,"[95,269,56,63]",0.96
2025-11-26T15:37:46.103538Z,CAM01,153827,1.57,0.86,1.72,ZoneEnter:Queue,"[143,205,45,40]",0.98
2025-11-26T15:38:53.905558Z,CAM02,963626,2.96,1.13,1.69,ZoneExit:FrontDesk,"[197,213,56,59]",0.96
2025-11-26T15:38:53.905558Z,CAM01,483424,1.03,0.99,1.79,ZoneEnter:Desk:R1,"[216,312,55,38]",0.92
2025-11-26T15:39:17.937186Z,CAM02,376495,3.02,1.16,1.65,ZoneExit:FrontDesk,"[143,292,67,51]",0.91
2025-11-26T15:39:17.937186Z,CAM01,198365,1.01,0.92,1.66,ZoneEnter:Desk:R2,"[196,143,55,65]",0.99
2025-11-26T15:40:10.810657Z,CAM01,633626,1.97,0.76,1.74,ZoneEnter:Queue,"[176,213,53,33]",0.94
2025-11-26T15:42:13.553561Z,CAM02,198365,3.61,0.82,1.52,ZoneExit:FrontDesk,"[89,233,51,48]",0.94
2025-11-26T15:42:13.553561Z,CAM01,461869,0.78,0.84,1.83,ZoneEnter:Desk:R2,"[195,246,50,37]",0.97
2025-11-26T15:43:47.358721Z,CAM02,483424,2.89,1.05,1.6,ZoneExit:FrontDesk,"[91,181,63,68]",0.99
2025-11-26T15:43:47.358721Z,CAM01,232518,0.79,0.81,1.64,ZoneEnter:Desk:R1,"[97,293,46,62]",0.96
2025-11-26T15:45:36.626238Z,CAM02,461869,3.38,1.17,1.8,ZoneExit:FrontDesk,"[148,196,33,69]",0.89
2025-11-26T15:45:36.626238Z,CAM01,831405,0.67,0.83,1.71,ZoneEnter:Desk:R2,"[137,151,67,32]",0.97
2025-11-26T15:47:01.865916Z,CAM01,276231,1.64,0.86,1.55,ZoneEnter:Queue,"[94,289,34,54]",0.9
2025-11-26T15:48:18.788024Z,CAM01,147760,0.51,1.04,1.85,ZoneEnter:Desk:R2,"[158,162,54,51]",0.93
2025-11-26T15:48:18.788024Z,CAM02,831405,3.37,1.15,1.6,ZoneExit:FrontDesk,"[199,235,44,54]",0.98
2025-11-26T15:49:23.705831Z,CAM02,232518,2.69,1.17,1.55,ZoneExit:FrontDesk,"[107,120,41,32]",0.93
2025-11-26T15:49:23.705831Z,CAM01,681635,1.04,0.78,1.74,ZoneEnter:Desk:R1,"[144,316,36,63]",0.95
2025-11-26T15:52:03.603913Z,CAM01,208480,0.73,1.06,1.6,ZoneEnter:Desk:R2,"[130,193,39,63]",0.93
2025-11-26T15:52:03.603913Z,CAM02,147760,3.43,1.15,1.55,ZoneExit:FrontDesk,"[90,176,35,53]",0.92
2025-11-26T15:52:57.622758Z,CAM02,681635,3.72,1.08,1.67,ZoneExit:FrontDesk,"[206,141,34,62]",0.93
2025-11-26T15:52:57.622758Z,CAM01,422791,0.92,0.89,1.64,ZoneEnter:Desk:R1,"[173,257,42,50]",0.99
2025-11-26T15:54:07.263921Z,CAM01,617814,1.47,0.93,1.6,ZoneEnter:Queue,"[118,121,54,68]",0.97
2025-11-26T15:54:51.831443Z,CAM01,750561,0.84,0.82,1.69,ZoneEnter:Desk:R1,"[190,175,39,52]",0.95
2025-11-26T15:54:51.831443Z,CAM02,422791,3.46,1.05,1.56,ZoneExit:FrontDesk,"[219,122,60,67]",0.92
2025-11-26T15:56:43.637969Z,CAM02,208480,3.29,1.28,1.63,ZoneExit:FrontDesk,"[99,194,36,46]",0.97
2025-11-26T15:56:43.637969Z,CAM01,597764,0.82,0.88,1.78,ZoneEnter:Desk:R2,"[114,199,35,53]",0.98
2025-11-26T15:59:24.805264Z,CAM01,248389,1.69,0.93,1.6,ZoneEnter:Queue,"[119,143,57,58]",0.98
2025-11-26T15:59:27.943070Z,CAM02,597764,3.4,1.13,1.64,ZoneExit:FrontDesk,"[218,317,36,58]",0.97
2025-11-26T15:59:27.943070Z,CAM01,601201,1.01,0.86,1.49,ZoneEnter:Desk:R2,"[100,190,58,47]",0.94
2025-11-26T16:00:08.016525Z,CAM01,439190,1.95,0.95,1.83,ZoneEnter:Queue,"[160,180,51,46]",0.99
2025-11-26T16:02:17.498753Z,CAM02,750561,3.24,1.22,1.65,ZoneExit:FrontDesk,"[117,139,66,36]",0.97
2025-11-26T16:02:17.498753Z,CAM01,133613,0.81,0.89,1.62,ZoneEnter:Desk:R1,"[96,296,41,41]",0.98
2025-11-26T16:03:20.171082Z,CAM01,470937,1.34,0.89,1.71,ZoneEnter:Queue,"[202,163,60,34]",0.92
2025-11-26T16:03:21.610437Z,CAM02,601201,3.16,1.05,1.56,ZoneExit:FrontDesk,"[217,301,69,60]",0.9
2025-11-26T16:03:21.610437Z,CAM01,741161,0.95,0.91,1.56,ZoneEnter:Desk:R2,"[199,319,51,65]",0.98
2025-11-26T16:04:47.380693Z,CAM01,400249,0.5,0.81,1.64,ZoneEnter:Desk:R2,"[117,203,39,62]",0.93
2025-11-26T16:04:47.380693Z,CAM02,741161,2.79,1.33,1.58,ZoneExit:FrontDesk,"[102,211,35,42]",0.98
2025-11-26T16:04:56.526377Z,CAM01,544405,1.54,0.82,1.56,ZoneEnter:Queue,"[168,147,50,33]",0.95
2025-11-26T16:06:02.446430Z,CAM02,133613,3.12,1.18,1.76,ZoneExit:FrontDesk,"[118,177,57,58]",0.9
2025-11-26T16:06:02.446430Z,CAM01,170695,0.73,1.01,1.63,ZoneEnter:Desk:R1,"[134,129,69,58]",0.92
2025-11-26T16:06:24.171528Z,CAM01,397135,1.43,0.87,1.53,ZoneEnter:Queue,"[152,215,65,40]",0.96
2025-11-26T16:07:20.374271Z,CAM02,400249,2.94,1.16,1.4,ZoneExit:FrontDesk,"[171,263,41,38]",0.96
2025-11-26T16:07:20.374271Z,CAM01,912263,0.77,0.99,1.75,ZoneEnter:Desk:R2,"[190,312,51,62]",0.93
2025-11-26T16:08:05.730355Z,CAM01,664299,1.65,0.99,1.5,ZoneEnter:Queue,"[111,278,60,58]",0.92
2025-11-26T16:09:43.461058Z,CAM01,958386,1.01,0.86,1.68,ZoneEnter:Desk:R1,"[179,140,43,54]",0.93
2025-11-26T16:09:43.461058Z,CAM02,170695,2.88,1.13,1.8,ZoneExit:FrontDesk,"[170,179,42,30]",0.98
2025-11-26T16:13:01.628867Z,CAM02,912263,3.56,1.3,1.7,ZoneExit:FrontDesk,"[97,193,32,50]",0.97
2025-11-26T16:13:01.628867Z,CAM01,135264,0.7,0.95,1.73,ZoneEnter:Desk:R2,"[119,130,44,37]",0.95
2025-11-26T16:14:55.825955Z,CAM02,958386,2.93,0.92,1.76,ZoneExit:FrontDesk,"[108,256,53,39]",0.92
2025-11-26T16:14:55.825955Z,CAM01,446713,0.8,0.8,1.61,ZoneEnter:Desk:R1,"[208,210,53,63]",0.97
2025-11-26T16:16:40.952125Z,CAM01,153827,0.75,1.0,1.82,ZoneEnter:Desk:R2,"[192,242,33,34]",0.89
2025-11-26T16:16:40.952125Z,CAM02,135264,3.4,1.39,1.59,ZoneExit:FrontDesk,"[144,123,55,34]",0.99
2025-11-26T16:18:14.017445Z,CAM01,633626,0.91,0.81,1.62,ZoneEnter:Desk:R1,"[214,283,44,60]",0.94
2025-11-26T16:18:14.017445Z,CAM02,446713,3.14,1.13,1.57,ZoneExit:FrontDesk,"[193,288,33,32]",0.88
2025-11-26T16:22:59.064877Z,CAM01,190040,1.94,0.67,1.76,ZoneEnter:Queue,"[130,206,53,52]",0.91
2025-11-26T16:23:44.501469Z,CAM01,276231,0.76,0.83,1.4,ZoneEnter:Desk:R1,"[182,158,33,32]",0.98
2025-11-26T16:23:44.501469Z,CAM02,633626,3.56,1.3,1.59,ZoneExit:FrontDesk,"[96,136,67,66]",0.97
2025-11-26T16:25:09.426607Z,CAM02,153827,2.86,1.28,1.58,ZoneExit:FrontDesk,"[206,202,39,66]",0.96
2025-11-26T16:25:09.426607Z,CAM01,617814,0.59,1.02,1.69,ZoneEnter:Desk:R2,"[208,256,55,44]",0.92
2025-11-26T16:25:54.444824Z,CAM01,623193,1.84,0.86,1.75,ZoneEnter:Queue,"[186,259,67,46]",0.93
2025-11-26T16:27:36.944584Z,CAM02,276231,3.56,0.96,1.6,ZoneExit:FrontDesk,"[218,303,37,32]",0.97
2025-11-26T16:27:36.944584Z,CAM01,248389,0.82,0.82,1.71,ZoneEnter:Desk:R1,"[130,205,37,61]",0.97
2025-11-26T16:29:15.149922Z,CAM01,439190,1.01,0.7,1.71,ZoneEnter:Desk:R2,"[191,146,31,69]",0.94
2025-11-26T16:29:15.149922Z,CAM02,617814,3.21,1.06,1.47,ZoneExit:FrontDesk,"[193,148,45,47]",0.93
2025-11-26T16:32:35.801508Z,CAM01,470937,0.77,0.88,1.85,ZoneEnter:Desk:R1,"[191,197,59,35]",0.93
2025-11-26T16:32:35.801508Z,CAM02,248389,3.25,1.22,1.77,ZoneExit:FrontDesk,"[219,268,46,36]",0.94
2025-11-26T16:32:45.920155Z,CAM01,544405,0.82,0.84,1.57,ZoneEnter:Desk:R2,"[179,302,61,67]",0.99
2025-11-26T16:32:45.920155Z,CAM02,439190,3.7,1.17,1.77,ZoneExit:FrontDesk,"[208,312,39,46]",0.97
2025-11-26T16:35:01.780214Z,CAM02,544405,2.93,1.3,1.75,ZoneExit:FrontDesk,"[93,174,62,64]",0.94
2025-11-26T16:35:01.780214Z,CAM01,397135,0.76,0.81,1.65,ZoneEnter:Desk:R2,"[174,274,69,52]",0.98
2025-11-26T16:35:40.875692Z,CAM02,470937,3.34,1.1,1.76,ZoneExit:FrontDesk,"[97,226,39,54]",0.94
2025-11-26T16:35:40.875692Z,CAM01,664299,0.85,1.01,1.66,ZoneEnter:Desk:R1,"[137,311,69,30]",0.98
2025-11-26T16:36:53.166775Z,CAM02,397135,3.65,1.13,1.63,ZoneExit:FrontDesk,"[109,267,48,35]",0.95
2025-11-26T16:36:53.166775Z,CAM01,190040,0.67,0.89,1.54,ZoneEnter:Desk:R2,"[120,121,64,68]",0.95
2025-11-26T16:37:39.089124Z,CAM01,470218,1.65,1.03,1.73,ZoneEnter:Queue,"[87,242,45,60]",0.99
2025-11-26T16:39:40.523355Z,CAM02,664299,2.94,0.92,1.7,ZoneExit:FrontDesk,"[216,232,44,35]",0.94
2025-11-26T16:39:40.523355Z,CAM01,623193,0.8,0.9,1.62,ZoneEnter:Desk:R1,"[90,243,67,43]",0.99
2025-11-26T16:40:59.462877Z,CAM01,470218,0.97,0.87,1.56,ZoneEnter:Desk:R2,"[154,219,43,37]",0.98
2025-11-26T16:40:59.462877Z,CAM02,190040,3.34,1.05,1.58,ZoneExit:FrontDesk,"[86,136,58,53]",0.97
2025-11-26T16:43:03.140798Z,CAM02,623193,3.16,1.26,1.74,ZoneExit:FrontDesk,"[113,140,48,60]",0.97
2025-11-26T16:43:30.894129Z,CAM01,476218,1.45,1.0,1.54,ZoneEnter:Queue,"[123,166,59,50]",0.87
2025-11-26T16:43:30.894129Z,CAM01,476218,0.94,0.92,1.79,ZoneEnter:Desk:R1,"[172,227,33,53]",0.95
2025-11-26T16:44:34.252766Z,CAM02,470218,2.81,1.41,1.57,ZoneExit:FrontDesk,"[199,297,62,38]",0.94
2025-11-26T16:47:56.787122Z,CAM02,476218,3.42,1.1,1.56,ZoneExit:FrontDesk,"[80,250,51,38]",0.96
2025-11-26T16:48:15.668744Z,CAM01,742914,1.48,0.81,1.61,ZoneEnter:Queue,"[155,165,67,50]",0.93
2025-11-26T16:48:15.668744Z,CAM01,742914,0.81,0.97,1.74,ZoneEnter:Desk:R2,"[137,233,35,35]",0.93
2025-11-26T16:48:17.106120Z,CAM01,393587,0.85,0.82,1.41,ZoneEnter:Desk:R1,"[217,299,39,64]",0.91
2025-11-26T16:48:17.106120Z,CAM01,393587,2.13,0.94,1.86,ZoneEnter:Queue,"[161,282,34,41]",0.95
2025-11-26T16:54:13.990896Z,CAM02,742914,2.82,1.15,1.84,ZoneExit:FrontDesk,"[203,191,68,69]",0.96
2025-11-26T16:54:51.615448Z,CAM02,393587,2.7,1.16,1.66,ZoneExit:FrontDesk,"[85,169,37,66]",0.91
2025-11-26T16:55:30.602252Z,CAM01,619217,1.94,0.82,1.7,ZoneEnter:Queue,"[104,265,68,42]",0.96
2025-11-26T16:55:30.602252Z,CAM01,619217,0.87,0.84,1.74,ZoneEnter:Desk:R2,"[120,259,59,66]",0.98
2025-11-26T17:01:40.625007Z,CAM02,619217,2.78,0.9,1.53,ZoneExit:FrontDesk,"[94,146,40,53]",0.95
2025-11-26T17:03:54.114187Z,CAM01,560809,1.87,0.57,1.61,ZoneEnter:Queue,"[80,157,32,47]",0.97
2025-11-26T17:03:54.114187Z,CAM01,560809,0.45,0.91,1.8,ZoneEnter:Desk:R1,"[108,176,67,46]",0.93
2025-11-26T17:07:16.268464Z,CAM02,560809,3.43,1.23,1.58,ZoneExit:FrontDesk,"[86,181,63,62]",0.95
2025-11-26T17:08:55.845889Z,CAM01,165303,0.52,0.9,1.46,ZoneEnter:Desk:R2,"[148,194,59,41]",0.94
2025-11-26T17:08:55.845889Z,CAM01,165303,1.6,0.77,1.75,ZoneEnter:Queue,"[133,141,41,42]",0.96
2025-11-26T17:09:37.091384Z,CAM01,243874,1.26,0.93,1.73,ZoneEnter:Queue,"[206,158,39,52]",0.93
2025-11-26T17:09:37.091384Z,CAM01,243874,0.86,0.76,1.58,ZoneEnter:Desk:R1,"[158,261,47,57]",0.97
2025-11-26T17:12:28.702750Z,CAM01,801491,1.47,0.81,1.69,ZoneEnter:Queue,"[121,248,50,61]",0.99
2025-11-26T17:13:05.340380Z,CAM02,243874,3.18,1.03,1.48,ZoneExit:FrontDesk,"[105,191,50,55]",0.94
2025-11-26T17:13:05.340380Z,CAM01,801491,0.76,1.0,1.65,ZoneEnter:Desk:R1,"[211,185,47,33]",0.99
2025-11-26T17:13:41.970673Z,CAM01,983153,1.47,1.03,1.72,ZoneEnter:Queue,"[153,302,46,65]",0.97
2025-11-26T17:15:08.404389Z,CAM02,165303,3.57,0.93,1.87,ZoneExit:FrontDesk,"[154,170,65,59]",0.99
2025-11-26T17:15:08.404389Z,CAM01,983153,1.0,0.73,1.66,ZoneEnter:Desk:R2,"[114,286,51,63]",0.92
2025-11-26T17:17:33.803898Z,CAM02,801491,3.27,1.21,1.62,ZoneExit:FrontDesk,"[140,210,35,56]",0.96
2025-11-26T17:23:19.044819Z,CAM02,983153,2.5,1.2,1.59,ZoneExit:FrontDesk,"[133,216,62,41]",0.98
2025-11-26T17:23:29.083520Z,CAM01,866864,1.36,0.89,1.68,ZoneEnter:Queue,"[183,236,37,50]",0.94
2025-11-26T17:23:29.083520Z,CAM01,866864,0.88,1.1,1.58,ZoneEnter:Desk:R1,"[163,254,46,42]",0.91
2025-11-26T17:33:54.745170Z,CAM02,866864,3.23,1.13,1.54,ZoneExit:FrontDesk,"[161,259,42,59]",0.93
2025-11-26T17:36:56.409999Z,CAM01,362444,1.99,0.63,1.75,ZoneEnter:Queue,"[111,212,41,36]",0.94
2025-11-26T17:36:56.409999Z,CAM01,362444,0.54,0.9,1.62,ZoneEnter:Desk:R2,"[149,153,31,56]",0.93
2025-11-26T17:40:58.931073Z,CAM01,298079,0.79,1.01,1.66,ZoneEnter:Desk:R1,"[80,131,34,40]",0.99
2025-11-26T17:40:58.931073Z,CAM01,298079,1.61,0.86,1.65,ZoneEnter:Queue,"[171,236,56,63]",0.99
2025-11-26T17:41:15.908936Z,CAM02,362444,3.34,1.15,1.54,ZoneExit:FrontDesk,"[197,315,56,42]",0.94
2025-11-26T17:44:37.904007Z,CAM01,791208,2.05,0.97,1.58,ZoneEnter:Queue,"[165,292,60,41]",0.91
2025-11-26T17:44:37.904007Z,CAM01,791208,0.97,0.9,1.8,ZoneEnter:Desk:R2,"[163,149,37,32]",0.98
2025-11-26T17:45:38.045530Z,CAM02,298079,2.98,1.11,1.66,ZoneExit:FrontDesk,"[138,236,49,34]",0.95
2025-11-26T17:48:38.889729Z,CAM01,483883,1.8,0.9,1.74,ZoneEnter:Queue,"[159,254,66,46]",0.91
2025-11-26T17:48:38.889729Z,CAM01,483883,0.72,0.94,1.74,ZoneEnter:Desk:R1,"[170,168,69,40]",0.92
2025-11-26T17:49:00.459227Z,CAM02,791208,2.8,1.27,1.5,ZoneExit:FrontDesk,"[196,195,34,61]",0.95
2025-11-26T17:50:02.310076Z,CAM01,677385,1.77,0.84,1.78,ZoneEnter:Queue,"[105,162,31,30]",0.95
2025-11-26T17:50:02.310076Z,CAM01,677385,0.64,0.89,1.65,ZoneEnter:Desk:R2,"[110,227,32,67]",0.95
2025-11-26T17:53:14.892874Z,CAM02,483883,3.06,1.18,1.7,ZoneExit:FrontDesk,"[88,172,65,61]",0.96
2025-11-26T17:53:35.504702Z,CAM02,677385,2.96,1.23,1.59,ZoneExit:FrontDesk,"[95,121,56,38]",0.94
2025-11-26T18:04:26.198918Z,CAM01,771291,2.0,0.88,1.62,ZoneEnter:Queue,"[177,263,35,48]",0.98
2025-11-26T18:04:26.198918Z,CAM01,771291,0.82,0.79,1.75,ZoneEnter:Desk:R1,"[128,238,40,45]",0.97
2025-11-26T18:05:04.865030Z,CAM01,326985,1.59,1.13,1.7,ZoneEnter:Queue,"[100,278,66,48]",0.93
2025-11-26T18:05:04.865030Z,CAM01,326985,0.8,0.75,1.86,ZoneEnter:Desk:R2,"[209,137,36,37]",0.96
2025-11-26T18:08:56.314664Z,CAM02,771291,3.27,1.22,1.71,ZoneExit:FrontDesk,"[168,249,41,36]",0.95
2025-11-26T18:09:08.818071Z,CAM01,316592,0.73,0.88,1.67,ZoneEnter:Desk:R1,"[125,142,69,55]",0.92
2025-11-26T18:09:08.818071Z,CAM01,316592,1.75,0.93,1.68,ZoneEnter:Queue,"[215,317,52,49]",0.93
2025-11-26T18:12:16.965395Z,CAM01,789964,1.7,0.83,1.65,ZoneEnter:Queue,"[194,304,54,62]",0.97
2025-11-26T18:12:35.742266Z,CAM02,316592,3.7,1.31,1.5,ZoneExit:FrontDesk,"[123,142,30,65]",0.91
2025-11-26T18:12:35.742266Z,CAM01,789964,1.05,0.83,1.66,ZoneEnter:Desk:R1,"[148,137,58,53]",0.93
2025-11-26T18:14:43.001823Z,CAM01,570091,1.75,0.78,1.74,ZoneEnter:Queue,"[140,138,67,37]",0.95
2025-11-26T18:15:29.250006Z,CAM02,326985,3.56,1.16,1.77,ZoneExit:FrontDesk,"[184,125,38,38]",0.97
2025-11-26T18:15:29.250006Z,CAM01,570091,0.67,0.93,1.69,ZoneEnter:Desk:R2,"[209,148,55,66]",0.9
2025-11-26T18:16:21.913695Z,CAM01,384551,1.82,1.14,1.83,ZoneEnter:Queue,"[95,146,57,45]",0.91
2025-11-26T18:20:20.110991Z,CAM01,384551,0.9,0.74,1.71,ZoneEnter:Desk:R1,"[83,211,38,48]",0.98
2025-11-26T18:20:20.110991Z,CAM02,789964,3.1,1.05,1.54,ZoneExit:FrontDesk,"[212,214,59,37]",0.99
2025-11-26T18:20:48.718696Z,CAM02,570091,3.38,1.32,1.67,ZoneExit:FrontDesk,"[128,274,45,46]",0.96
2025-11-26T18:20:59.698330Z,CAM01,382925,1.53,0.88,1.73,ZoneEnter:Queue,"[157,270,40,36]",0.96
2025-11-26T18:20:59.698330Z,CAM01,382925,0.87,0.97,1.5,ZoneEnter:Desk:R2,"[132,234,34,50]",0.96
2025-11-26T18:22:25.246272Z,CAM02,384551,2.89,1.03,1.67,ZoneExit:FrontDesk,"[124,312,36,42]",0.93
2025-11-26T18:23:22.240284Z,CAM02,382925,2.96,1.13,1.51,ZoneExit:FrontDesk,"[155,127,48,46]",0.9
2025-11-26T18:24:40.125270Z,CAM01,806112,0.97,0.97,1.74,ZoneEnter:Desk:R1,"[137,131,61,62]",0.96
2025-11-26T18:24:40.125270Z,CAM01,806112,2.14,0.99,1.72,ZoneEnter:Queue,"[211,281,50,39]",0.99
2025-11-26T18:28:49.726589Z,CAM02,806112,3.12,1.21,1.76,ZoneExit:FrontDesk,"[107,273,62,50]",0.97
2025-11-26T18:30:42.086422Z,CAM01,780502,0.92,0.88,1.64,ZoneEnter:Desk:R2,"[147,211,47,62]",0.91
2025-11-26T18:30:42.086422Z,CAM01,780502,1.56,0.81,1.49,ZoneEnter:Queue,"[102,241,55,47]",0.98
2025-11-26T18:31:37.156366Z,CAM01,910161,1.51,1.14,1.72,ZoneEnter:Queue,"[202,245,65,31]",0.94
2025-11-26T18:31:37.156366Z,CAM01,910161,0.92,0.89,1.7,ZoneEnter:Desk:R1,"[177,298,49,41]",0.99
2025-11-26T18:32:56.709066Z,CAM01,806621,1.97,0.7,1.75,ZoneEnter:Queue,"[105,225,57,58]",0.93
2025-11-26T18:33:15.369266Z,CAM01,198092,1.66,0.93,1.73,ZoneEnter:Queue,"[181,249,66,56]",0.95
2025-11-26T18:34:05.947106Z,CAM01,384284,1.71,0.79,1.57,ZoneEnter:Queue,"[109,137,66,34]",0.95
2025-11-26T18:34:30.058481Z,CAM02,780502,3.47,0.93,1.76,ZoneExit:FrontDesk,"[150,216,52,66]",0.97
2025-11-26T18:34:30.058481Z,CAM01,806621,0.71,0.91,1.81,ZoneEnter:Desk:R2,"[218,160,37,46]",0.91
2025-11-26T18:35:35.685766Z,CAM01,914894,2.02,0.77,1.57,ZoneEnter:Queue,"[92,185,64,33]",0.9
2025-11-26T18:36:21.146780Z,CAM02,910161,3.35,1.31,1.73,ZoneExit:FrontDesk,"[196,212,55,33]",0.99
2025-11-26T18:36:21.146780Z,CAM01,198092,0.94,0.99,1.5,ZoneEnter:Desk:R1,"[151,147,52,55]",0.92
2025-11-26T18:38:13.370897Z,CAM02,806621,3.08,1.21,1.79,ZoneExit:FrontDesk,"[204,268,66,48]",0.99
2025-11-26T18:38:13.370897Z,CAM01,384284,0.7,0.89,1.57,ZoneEnter:Desk:R2,"[151,143,61,47]",0.92
2025-11-26T18:41:17.212463Z,CAM01,285194,2.05,0.83,1.55,ZoneEnter:Queue,"[137,262,59,67]",0.92
2025-11-26T18:42:17.958396Z,CAM01,914894,0.75,1.12,1.63,ZoneEnter:Desk:R2,"[110,150,51,45]",0.94
2025-11-26T18:42:17.958396Z,CAM02,384284,3.65,0.97,1.7,ZoneExit:FrontDesk,"[209,202,35,44]",0.9
2025-11-26T18:42:21.590116Z,CAM01,852862,1.78,0.71,1.67,ZoneEnter:Queue,"[82,167,55,36]",0.95
2025-11-26T18:44:47.656007Z,CAM01,285194,0.81,0.67,1.65,ZoneEnter:Desk:R1,"[192,237,47,62]",0.96
2025-11-26T18:44:47.656007Z,CAM02,198092,3.94,1.2,1.55,ZoneExit:FrontDesk,"[208,136,42,68]",0.95
2025-11-26T18:45:16.409753Z,CAM01,801935,1.78,0.81,1.71,ZoneEnter:Queue,"[177,182,50,38]",0.9
2025-11-26T18:45:24.486472Z,CAM01,820900,1.59,0.81,1.77,ZoneEnter:Queue,"[136,268,41,33]",0.97
2025-11-26T18:45:35.270498Z,CAM02,914894,3.28,0.94,1.63,ZoneExit:FrontDesk,"[127,175,30,33]",0.89
2025-11-26T18:45:35.270498Z,CAM01,852862,0.85,1.02,1.56,ZoneEnter:Desk:R2,"[208,138,65,63]",0.92
2025-11-26T18:46:42.623446Z,CAM01,739914,1.71,0.76,1.69,ZoneEnter:Queue,"[208,195,47,69]",0.93
2025-11-26T18:47:33.076926Z,CAM01,446399,2.09,0.96,1.63,ZoneEnter:Queue,"[102,300,35,42]",0.95
2025-11-26T18:49:08.162434Z,CAM02,852862,3.4,1.0,1.64,ZoneExit:FrontDesk,"[115,151,68,60]",0.93
2025-11-26T18:49:08.162434Z,CAM01,801935,0.78,1.01,1.63,ZoneEnter:Desk:R2,"[157,296,51,47]",0.99
2025-11-26T18:49:44.882678Z,CAM02,285194,3.4,1.05,1.7,ZoneExit:FrontDesk,"[96,309,51,65]",0.96
2025-11-26T18:49:44.882678Z,CAM01,820900,1.09,0.79,1.8,ZoneEnter:Desk:R1,"[201,274,55,37]",0.9
2025-11-26T18:52:03.705970Z,CAM02,820900,3.44,1.05,1.62,ZoneExit:FrontDesk,"[115,231,54,39]",0.96
2025-11-26T18:52:03.705970Z,CAM01,739914,0.76,0.91,1.64,ZoneEnter:Desk:R1,"[98,215,50,52]",0.94
2025-11-26T18:53:23.254780Z,CAM01,595963,1.77,0.64,1.68,ZoneEnter:Queue,"[158,197,35,47]",0.99
2025-11-26T18:54:58.276461Z,CAM02,801935,3.21,1.23,1.72,ZoneExit:FrontDesk,"[103,155,63,50]",0.98
2025-11-26T18:54:58.276461Z,CAM01,446399,0.67,0.85,1.4,ZoneEnter:Desk:R2,"[181,281,35,34]",0.96
2025-11-26T18:56:02.991714Z,CAM02,739914,3.53,1.21,1.61,ZoneExit:FrontDesk,"[82,296,30,52]",0.95
2025-11-26T18:56:02.991714Z,CAM01,595963,0.93,0.77,1.7,ZoneEnter:Desk:R1,"[175,256,69,55]",0.99
2025-11-26T18:58:24.851505Z,CAM01,355207,1.74,0.95,1.71,ZoneEnter:Queue,"[102,311,50,30]",0.93
2025-11-26T18:58:32.598342Z,CAM01,355207,0.55,0.84,1.58,ZoneEnter:Desk:R2,"[81,200,31,54]",0.98
2025-11-26T18:58:32.598342Z,CAM02,446399,3.12,1.08,1.62,ZoneExit:FrontDesk,"[117,147,35,37]",0.94
2025-11-26T19:00:27.038375Z,CAM02,595963,3.72,1.08,1.66,ZoneExit:FrontDesk,"[219,148,43,69]",0.92
2025-11-26T19:03:27.282205Z,CAM01,478960,1.69,0.75,1.42,ZoneEnter:Queue,"[98,286,49,32]",0.9
2025-11-26T19:03:27.282205Z,CAM01,478960,0.84,1.03,1.87,ZoneEnter:Desk:R1,"[147,226,63,60]",0.98
2025-11-26T19:03:29.202244Z,CAM02,355207,3.31,0.92,1.66,ZoneExit:FrontDesk,"[103,147,40,38]",0.89
2025-11-26T19:04:16.955393Z,CAM01,822107,2.07,0.84,1.6,ZoneEnter:Queue,"[137,264,45,30]",0.94
2025-11-26T19:04:16.955393Z,CAM01,822107,0.7,1.06,1.62,ZoneEnter:Desk:R2,"[164,274,52,53]",0.97
2025-11-26T19:06:45.883421Z,CAM02,822107,2.88,1.06,1.69,ZoneExit:FrontDesk,"[172,265,54,42]",0.97
2025-11-26T19:07:30.833752Z,CAM01,405453,1.62,0.64,1.61,ZoneEnter:Queue,"[150,122,53,59]",0.9
2025-11-26T19:07:30.833752Z,CAM01,405453,0.8,1.1,1.68,ZoneEnter:Desk:R2,"[217,293,63,66]",0.88
2025-11-26T19:09:08.605029Z,CAM02,478960,2.56,0.94,1.64,ZoneExit:FrontDesk,"[81,182,63,31]",0.93
2025-11-26T19:10:07.641480Z,CAM01,440758,1.65,0.84,1.76,ZoneEnter:Queue,"[104,234,65,66]",0.93
2025-11-26T19:10:07.641480Z,CAM01,440758,0.98,0.92,1.57,ZoneEnter:Desk:R1,"[204,281,53,66]",0.9
2025-11-26T19:11:10.513942Z,CAM02,405453,3.12,1.11,1.73,ZoneExit:FrontDesk,"[135,148,55,35]",0.95
2025-11-26T19:13:44.381284Z,CAM02,440758,2.92,1.23,1.71,ZoneExit:FrontDesk,"[93,253,57,64]",0.94
2025-11-26T19:15:16.037007Z,CAM01,232424,0.77,0.63,1.72,ZoneEnter:Desk:R2,"[95,240,35,47]",0.92
2025-11-26T19:15:16.037007Z,CAM01,232424,1.83,0.92,1.51,ZoneEnter:Queue,"[123,150,58,48]",0.99
2025-11-26T19:15:21.788787Z,CAM01,444608,1.54,0.87,1.63,ZoneEnter:Queue,"[86,176,48,48]",0.98
2025-11-26T19:15:21.788787Z,CAM01,444608,0.78,0.9,1.7,ZoneEnter:Desk:R1,"[219,167,42,58]",0.94
2025-11-26T19:16:03.166130Z,CAM01,481305,1.68,0.97,1.68,ZoneEnter:Queue,"[182,173,31,40]",0.91
2025-11-26T19:17:15.977666Z,CAM01,526430,1.47,0.89,1.58,ZoneEnter:Queue,"[100,262,58,68]",0.91
2025-11-26T19:20:37.401447Z,CAM02,444608,2.6,1.24,1.49,ZoneExit:FrontDesk,"[208,205,41,48]",0.96
2025-11-26T19:20:37.401447Z,CAM01,481305,0.91,1.03,1.83,ZoneEnter:Desk:R1,"[144,140,39,30]",0.95
2025-11-26T19:22:23.283581Z,CAM01,362012,1.62,0.82,1.72,ZoneEnter:Queue,"[128,212,51,55]",0.94
2025-11-26T19:23:11.443016Z,CAM01,293537,2.1,0.73,1.78,ZoneEnter:Queue,"[152,211,62,31]",0.95
2025-11-26T19:25:40.694213Z,CAM02,232424,2.91,1.09,1.66,ZoneExit:FrontDesk,"[164,240,69,46]",0.98
2025-11-26T19:25:40.694213Z,CAM01,526430,0.67,0.82,1.57,ZoneEnter:Desk:R2,"[151,285,50,65]",0.94
2025-11-26T19:26:00.758208Z,CAM02,481305,3.17,1.15,1.69,ZoneExit:FrontDesk,"[87,279,34,54]",0.91
2025-11-26T19:26:00.758208Z,CAM01,362012,0.81,0.91,1.55,ZoneEnter:Desk:R1,"[126,202,34,30]",0.96
2025-11-26T19:26:38.375296Z,CAM01,101479,2.33,0.91,1.67,ZoneEnter:Queue,"[162,245,48,52]",0.92
2025-11-26T19:28:18.443015Z,CAM02,526430,3.27,1.05,1.68,ZoneExit:FrontDesk,"[98,133,30,61]",0.93
2025-11-26T19:28:18.443015Z,CAM01,293537,0.87,1.01,1.61,ZoneEnter:Desk:R2,"[209,154,41,62]",0.95
2025-11-26T19:29:03.399458Z,CAM01,352103,2.02,0.97,1.71,ZoneEnter:Queue,"[219,251,62,36]",0.95
2025-11-26T19:31:43.091799Z,CAM01,101479,0.97,1.09,1.67,ZoneEnter:Desk:R2,"[121,176,40,48]",0.99
2025-11-26T19:31:43.091799Z,CAM02,293537,3.42,1.16,1.53,ZoneExit:FrontDesk,"[161,174,40,59]",0.99
2025-11-26T19:33:33.214464Z,CAM02,362012,3.12,1.1,1.6,ZoneExit:FrontDesk,"[217,228,34,37]",0.95
2025-11-26T19:33:33.214464Z,CAM01,352103,0.46,1.02,1.54,ZoneEnter:Desk:R1,"[96,180,45,51]",0.95
2025-11-26T19:34:58.335811Z,CAM02,101479,3.53,1.13,1.64,ZoneExit:FrontDesk,"[93,165,49,56]",0.98
2025-11-26T19:38:29.890623Z,CAM02,352103,2.89,1.0,1.58,ZoneExit:FrontDesk,"[173,272,55,60]",0.93
2025-11-26T19:43:32.716947Z,CAM01,489632,1.74,1.03,1.82,ZoneEnter:Queue,"[87,146,67,49]",0.95
2025-11-26T19:43:32.716947Z,CAM01,489632,0.81,0.89,1.65,ZoneEnter:Desk:R2,"[131,191,44,58]",0.99
2025-11-26T19:47:03.085337Z,CAM02,489632,3.3,1.3,1.58,ZoneExit:FrontDesk,"[142,256,31,40]",0.94
2025-11-26T19:47:52.440042Z,CAM01,534900,1.7,0.86,1.64,ZoneEnter:Queue,"[219,138,49,69]",0.99
2025-11-26T19:47:52.440042Z,CAM01,534900,0.62,0.71,1.63,ZoneEnter:Desk:R1,"[87,282,63,48]",0.97
2025-11-26T19:48:11.807519Z,CAM01,200945,1.88,0.67,1.75,ZoneEnter:Queue,"[118,247,54,53]",0.97
2025-11-26T19:48:11.807519Z,CAM01,200945,0.96,0.9,1.62,ZoneEnter:Desk:R2,"[87,207,59,61]",0.95
2025-11-26T19:51:04.925154Z,CAM02,534900,3.37,1.19,1.69,ZoneExit:FrontDesk,"[92,283,57,46]",0.92
2025-11-26T19:52:51.611239Z,CAM02,200945,2.72,1.12,1.61,ZoneExit:FrontDesk,"[182,277,46,39]",0.98
2025-11-26T19:53:06.430618Z,CAM01,826222,1.5,0.73,1.54,ZoneEnter:Queue,"[213,133,46,64]",0.96
2025-11-26T19:53:06.430618Z,CAM01,826222,0.78,0.9,1.65,ZoneEnter:Desk:R1,"[207,311,65,32]",0.99
2025-11-26T19:54:21.931317Z,CAM01,168647,1.84,0.82,1.77,ZoneEnter:Queue,"[162,134,59,50]",0.99
2025-11-26T19:54:21.931317Z,CAM01,168647,0.92,0.91,1.52,ZoneEnter:Desk:R2,"[106,145,35,68]",0.93
2025-11-26T19:55:20.057262Z,CAM02,826222,3.28,1.27,1.66,ZoneExit:FrontDesk,"[212,261,55,38]",0.97
2025-11-26T19:57:41.138299Z,CAM02,168647,3.18,1.32,1.53,ZoneExit:FrontDesk,"[150,154,44,50]",0.96
2025-11-26T20:19:45.743969Z,CAM01,647761,0.69,0.87,1.64,ZoneEnter:Desk:R1,"[120,295,51,36]",0.98
2025-11-26T20:19:45.743969Z,CAM01,647761,1.92,0.97,1.61,ZoneEnter:Queue,"[110,277,56,33]",0.97
2025-11-26T20:23:56.962004Z,CAM01,761173,1.93,0.72,1.42,ZoneEnter:Queue,"[190,173,34,34]",0.92
2025-11-26T20:23:56.962004Z,CAM01,761173,1.06,0.95,1.47,ZoneEnter:Desk:R2,"[130,244,46,41]",0.97
2025-11-26T20:26:32.933505Z,CAM02,647761,3.37,1.12,1.7,ZoneExit:FrontDesk,"[133,288,43,43]",0.9
2025-11-26T20:29:21.558303Z,CAM02,761173,2.63,1.26,1.81,ZoneExit:FrontDesk,"[82,169,42,63]",0.99
2025-11-26T20:57:07.975836Z,CAM01,950095,1.77,0.84,1.71,ZoneEnter:Queue,"[111,262,35,31]",0.95
2025-11-26T20:57:07.975836Z,CAM01,950095,0.83,0.84,1.64,ZoneEnter:Desk:R1,"[112,127,35,31]",0.97
2025-11-26T21:04:14.446571Z,CAM01,729443,1.44,0.77,1.67,ZoneEnter:Queue,"[128,210,42,43]",0.9
2025-11-26T21:04:14.446571Z,CAM01,729443,0.79,0.91,1.85,ZoneEnter:Desk:R2,"[127,127,53,37]",0.9
2025-11-26T21:07:12.158088Z,CAM02,950095,2.97,1.13,1.72,ZoneExit:FrontDesk,"[209,309,40,43]",0.9
2025-11-26T21:07:52.263493Z,CAM02,729443,2.75,1.38,1.51,ZoneExit:FrontDesk,"[192,132,37,48]",0.93
2025-11-26T21:19:29.246616Z,CAM01,240907,1.74,0.69,1.63,ZoneEnter:Queue,"[90,279,51,66]",0.92
2025-11-26T21:19:29.246616Z,CAM01,240907,0.54,0.89,1.63,ZoneEnter:Desk:R1,"[201,259,41,33]",0.95
2025-11-26T21:24:56.091728Z,CAM01,708835,1.79,0.92,1.64,ZoneEnter:Queue,"[99,245,30,44]",0.94
2025-11-26T21:24:56.091728Z,CAM01,708835,1.01,0.73,1.45,ZoneEnter:Desk:R2,"[188,134,42,44]",0.94
2025-11-26T21:24:59.146282Z,CAM02,240907,2.92,1.0,1.53,ZoneExit:FrontDesk,"[109,180,42,66]",0.98
2025-11-26T21:29:28.537488Z,CAM02,708835,3.46,1.16,1.76,ZoneExit:FrontDesk,"[164,293,52,53]",0.98
2025-11-26T21:31:09.165973Z,CAM01,182970,0.86,0.68,1.54,ZoneEnter:Desk:R1,"[98,317,37,67]",0.99
2025-11-26T21:31:09.165973Z,CAM01,182970,1.82,0.78,1.58,ZoneEnter:Queue,"[181,163,40,45]",0.94
2025-11-26T21:33:45.836105Z,CAM02,182970,3.24,1.22,1.59,ZoneExit:FrontDesk,"[135,206,40,33]",0.94
2025-11-26T21:39:22.268815Z,CAM01,360073,1.72,1.0,1.9,ZoneEnter:Queue,"[158,229,31,53]",0.97
2025-11-26T21:39:22.268815Z,CAM01,360073,0.96,0.97,1.77,ZoneEnter:Desk:R2,"[172,218,59,41]",0.99
2025-11-26T21:44:28.498252Z,CAM02,360073,3.21,1.35,1.68,ZoneExit:FrontDesk,"[97,214,37,66]",0.93
2025-11-26T21:56:43.456535Z,CAM01,799444,1.71,0.91,1.65,ZoneEnter:Queue,"[203,295,44,53]",0.95
2025-11-26T21:56:43.456535Z,CAM01,799444,0.59,0.84,1.62,ZoneEnter:Desk:R1,"[132,161,39,66]",0.96
2025-11-26T21:57:05.328249Z,CAM01,788399,1.56,0.83,1.46,ZoneEnter:Queue,"[172,304,57,31]",0.96
2025-11-26T21:57:05.328249Z,CAM01,788399,0.76,0.88,1.66,ZoneEnter:Desk:R2,"[125,144,35,68]",0.94
2025-11-26T22:03:31.092077Z,CAM02,788399,2.72,1.12,1.67,ZoneExit:FrontDesk,"[197,121,48,42]",0.97
2025-11-26T22:04:54.703929Z,CAM02,799444,3.09,0.94,1.54,ZoneExit:FrontDesk,"[190,310,42,48]",0.95
2025-11-27T08:08:49.642186Z,CAM01,582321,1.75,0.88,1.52,ZoneEnter:Queue,"[114,195,48,33]",0.94
2025-11-27T08:08:49.642186Z,CAM01,582321,0.87,0.79,1.62,ZoneEnter:Desk:R1,"[100,276,64,66]",0.95
2025-11-27T08:10:15.281691Z,CAM01,784112,1.84,0.64,1.74,ZoneEnter:Queue,"[195,204,53,51]",0.92
2025-11-27T08:10:15.281691Z,CAM01,784112,0.95,0.82,1.7,ZoneEnter:Desk:R2,"[173,291,60,47]",0.92
2025-11-27T08:11:56.855718Z,CAM02,582321,2.69,1.06,1.67,ZoneExit:FrontDesk,"[99,271,39,34]",0.98
2025-11-27T08:13:25.902970Z,CAM02,784112,3.3,1.24,1.55,ZoneExit:FrontDesk,"[189,154,39,49]",0.99
2025-11-27T08:21:14.029594Z,CAM01,902939,0.96,0.85,1.68,ZoneEnter:Desk:R1,"[87,211,67,40]",0.93
2025-11-27T08:21:14.029594Z,CAM01,902939,1.85,0.98,1.64,ZoneEnter:Queue,"[84,179,46,53]",0.98
2025-11-27T08:27:04.520172Z,CAM02,902939,3.38,0.99,1.57,ZoneExit:FrontDesk,"[155,147,40,34]",0.94
2025-11-27T08:29:36.955596Z,CAM01,747061,1.49,1.0,1.67,ZoneEnter:Queue,"[212,234,30,39]",0.95
2025-11-27T08:29:36.955596Z,CAM01,747061,0.72,0.87,1.71,ZoneEnter:Desk:R2,"[196,186,52,61]",0.92
2025-11-27T08:34:15.772774Z,CAM01,182549,1.49,0.8,1.67,ZoneEnter:Queue,"[80,175,54,30]",0.96
2025-11-27T08:34:15.772774Z,CAM01,182549,0.54,0.96,1.71,ZoneEnter:Desk:R1,"[185,195,41,35]",0.97
2025-11-27T08:34:48.702973Z,CAM02,747061,3.4,1.13,1.71,ZoneExit:FrontDesk,"[173,282,41,51]",0.94
2025-11-27T08:43:02.889224Z,CAM02,182549,3.11,1.25,1.66,ZoneExit:FrontDesk,"[82,242,38,56]",0.96
2025-11-27T08:47:15.993991Z,CAM01,316256,1.85,0.68,1.67,ZoneEnter:Queue,"[135,310,48,42]",0.96
2025-11-27T08:47:15.993991Z,CAM01,316256,0.91,0.92,1.73,ZoneEnter:Desk:R2,"[147,131,42,63]",0.94
2025-11-27T08:50:18.533334Z,CAM02,316256,2.72,1.01,1.61,ZoneExit:FrontDesk,"[147,250,68,48]",0.93
2025-11-27T08:58:43.983985Z,CAM01,247646,1.45,1.06,1.69,ZoneEnter:Queue,"[154,166,49,47]",0.95
2025-11-27T08:58:43.983985Z,CAM01,247646,0.73,0.79,1.66,ZoneEnter:Desk:R1,"[125,310,65,57]",0.95
2025-11-27T09:02:31.979996Z,CAM02,247646,2.49,0.9,1.63,ZoneExit:FrontDesk,"[212,225,33,63]",0.99
2025-11-27T09:04:30.267632Z,CAM01,709229,1.47,0.87,1.77,ZoneEnter:Queue,"[112,148,52,46]",0.99
2025-11-27T09:04:30.267632Z,CAM01,709229,0.75,0.81,1.5,ZoneEnter:Desk:R2,"[136,134,64,57]",0.97
2025-11-27T09:08:11.886378Z,CAM02,709229,3.14,1.52,1.68,ZoneExit:FrontDesk,"[170,229,44,45]",0.9
2025-11-27T09:17:58.372990Z,CAM01,849484,0.86,1.06,1.76,ZoneEnter:Desk:R1,"[107,293,35,39]",0.96
2025-11-27T09:17:58.372990Z,CAM01,849484,1.46,0.9,1.6,ZoneEnter:Queue,"[204,243,67,45]",0.96
2025-11-27T09:20:57.097845Z,CAM01,566938,1.73,0.87,1.66,ZoneEnter:Queue,"[182,314,36,41]",0.91
2025-11-27T09:20:57.097845Z,CAM01,566938,0.75,0.87,1.54,ZoneEnter:Desk:R2,"[178,301,36,52]",0.97
2025-11-27T09:24:42.771104Z,CAM02,566938,3.01,1.06,1.75,ZoneExit:FrontDesk,"[122,212,38,48]",0.96
2025-11-27T09:25:47.142817Z,CAM02,849484,3.12,1.01,1.83,ZoneExit:FrontDesk,"[204,175,31,62]",0.92
2025-11-27T09:30:01.180126Z,CAM01,589286,1.95,0.77,1.69,ZoneEnter:Queue,"[125,292,42,37]",0.96
2025-11-27T09:30:01.180126Z,CAM01,589286,0.68,1.05,1.79,ZoneEnter:Desk:R2,"[212,138,68,64]",0.99
2025-11-27T09:31:38.684563Z,CAM01,527315,1.82,0.75,1.55,ZoneEnter:Queue,"[97,252,33,37]",0.92
2025-11-27T09:31:38.684563Z,CAM01,527315,0.9,0.9,1.67,ZoneEnter:Desk:R1,"[102,197,55,69]",0.95
2025-11-27T09:35:14.424529Z,CAM02,527315,2.87,1.12,1.58,ZoneExit:FrontDesk,"[134,183,48,36]",0.93
2025-11-27T09:35:37.514562Z,CAM02,589286,3.29,1.09,1.75,ZoneExit:FrontDesk,"[108,150,55,42]",0.99
2025-11-27T09:51:14.375149Z,CAM01,381635,1.76,1.05,1.53,ZoneEnter:Queue,"[136,195,47,55]",0.99
2025-11-27T09:51:14.375149Z,CAM01,381635,1.17,0.93,1.72,ZoneEnter:Desk:R1,"[169,312,62,63]",0.92
2025-11-27T09:54:08.472751Z,CAM02,381635,2.95,1.21,1.72,ZoneExit:FrontDesk,"[172,294,44,65]",0.96
2025-11-27T10:15:23.487886Z,CAM01,556425,0.85,0.89,1.64,ZoneEnter:Desk:R2,"[115,120,30,61]",0.89
2025-11-27T10:15:23.487886Z,CAM01,556425,1.8,0.91,1.68,ZoneEnter:Queue,"[208,197,40,55]",0.95
2025-11-27T10:20:37.106801Z,CAM01,169053,0.88,0.93,1.72,ZoneEnter:Desk:R1,"[157,171,32,47]",0.96
2025-11-27T10:20:37.106801Z,CAM01,169053,1.79,0.75,1.5,ZoneEnter:Queue,"[158,161,66,57]",0.96
2025-11-27T10:21:36.322100Z,CAM02,556425,2.76,1.15,1.79,ZoneExit:FrontDesk,"[113,190,48,64]",0.98
2025-11-27T10:26:54.870928Z,CAM02,169053,3.33,1.25,1.66,ZoneExit:FrontDesk,"[128,228,60,34]",0.98
2025-11-27T10:28:55.712589Z,CAM01,331391,1.81,0.73,1.61,ZoneEnter:Queue,"[157,183,45,37]",0.99
2025-11-27T10:28:55.712589Z,CAM01,331391,0.88,1.09,1.62,ZoneEnter:Desk:R2,"[108,248,56,36]",0.98
2025-11-27T10:32:26.636761Z,CAM01,906263,2.05,0.81,1.49,ZoneEnter:Queue,"[200,198,35,69]",0.95
2025-11-27T10:32:26.636761Z,CAM01,906263,0.56,0.98,1.62,ZoneEnter:Desk:R1,"[168,191,65,34]",0.99
2025-11-27T10:36:12.793817Z,CAM02,906263,3.22,1.15,1.56,ZoneExit:FrontDesk,"[142,238,41,36]",0.95
2025-11-27T10:37:38.463543Z,CAM02,331391,3.39,0.97,1.66,ZoneExit:FrontDesk,"[91,164,67,44]",0.95
2025-11-27T10:46:47.548052Z,CAM01,443421,1.47,1.0,1.49,ZoneEnter:Queue,"[122,221,58,64]",0.91
2025-11-27T10:46:47.548052Z,CAM01,443421,0.65,1.01,1.66,ZoneEnter:Desk:R1,"[189,279,43,62]",0.95
2025-11-27T10:50:31.694069Z,CAM02,443421,2.92,1.07,1.56,ZoneExit:FrontDesk,"[162,189,46,60]",0.92
2025-11-27T11:00:57.494286Z,CAM01,432019,1.09,0.98,1.59,ZoneEnter:Desk:R2,"[127,299,31,61]",0.96
2025-11-27T11:00:57.494286Z,CAM01,432019,1.69,1.0,1.42,ZoneEnter:Queue,"[123,314,43,34]",0.95
2025-11-27T11:03:11.208667Z,CAM01,492439,1.71,0.98,1.64,ZoneEnter:Queue,"[200,272,49,31]",0.93
2025-11-27T11:03:11.208667Z,CAM01,492439,0.84,1.02,1.68,ZoneEnter:Desk:R1,"[105,125,36,49]",0.99
2025-11-27T11:04:26.280942Z,CAM01,326512,1.57,0.91,1.59,ZoneEnter:Queue,"[186,286,66,59]",0.92
2025-11-27T11:08:31.728825Z,CAM01,326512,0.75,0.8,1.6,ZoneEnter:Desk:R2,"[100,254,35,64]",0.97
2025-11-27T11:08:31.728825Z,CAM02,432019,2.88,1.09,1.65,ZoneExit:FrontDesk,"[144,134,53,57]",0.92
2025-11-27T11:10:44.826382Z,CAM02,326512,3.43,1.09,1.71,ZoneExit:FrontDesk,"[213,240,44,43]",0.98
2025-11-27T11:11:27.452388Z,CAM01,397514,1.58,0.82,1.62,ZoneEnter:Queue,"[186,284,52,41]",0.93
2025-11-27T11:11:27.452388Z,CAM01,397514,0.83,0.85,1.59,ZoneEnter:Desk:R2,"[191,200,51,35]",0.94
2025-11-27T11:12:13.441957Z,CAM01,955388,1.66,0.93,1.59,ZoneEnter:Queue,"[189,154,56,36]",0.96
2025-11-27T11:12:18.150267Z,CAM01,955388,0.66,0.87,1.65,ZoneEnter:Desk:R1,"[118,141,51,47]",0.98
2025-11-27T11:12:18.150267Z,CAM02,492439,3.13,0.94,1.58,ZoneExit:FrontDesk,"[164,199,54,53]",0.95
2025-11-27T11:15:35.845991Z,CAM02,955388,3.35,0.78,1.62,ZoneExit:FrontDesk,"[200,131,48,37]",0.91
2025-11-27T11:16:24.875912Z,CAM02,397514,3.54,1.05,1.48,ZoneExit:FrontDesk,"[122,302,62,30]",0.91
2025-11-27T11:19:27.023043Z,CAM01,140820,2.16,0.79,1.36,ZoneEnter:Queue,"[176,255,33,60]",0.94
2025-11-27T11:19:27.023043Z,CAM01,140820,0.72,0.89,1.66,ZoneEnter:Desk:R1,"[99,270,60,35]",0.92
2025-11-27T11:21:43.410165Z,CAM01,245247,0.47,0.94,1.72,ZoneEnter:Desk:R2,"[201,198,62,46]",0.91
2025-11-27T11:21:43.410165Z,CAM01,245247,2.16,0.92,1.68,ZoneEnter:Queue,"[151,317,39,36]",0.98
2025-11-27T11:21:46.729415Z,CAM02,140820,2.72,0.91,1.71,ZoneExit:FrontDesk,"[84,176,67,54]",0.97
2025-11-27T11:22:16.754060Z,CAM01,948224,1.69,0.8,1.63,ZoneEnter:Queue,"[90,141,54,61]",0.95
2025-11-27T11:22:16.754060Z,CAM01,948224,0.73,1.02,1.74,ZoneEnter:Desk:R1,"[80,313,47,47]",0.97
2025-11-27T11:22:24.195959Z,CAM01,194341,1.81,1.26,1.76,ZoneEnter:Queue,"[143,192,67,42]",0.96
2025-11-27T11:22:25.711422Z,CAM01,997887,1.88,0.84,1.58,ZoneEnter:Queue,"[176,152,59,45]",0.94
2025-11-27T11:23:15.171131Z,CAM01,779204,1.84,0.88,1.82,ZoneEnter:Queue,"[167,177,49,67]",0.97
2025-11-27T11:24:27.422310Z,CAM01,855748,1.58,0.61,1.45,ZoneEnter:Queue,"[175,238,40,45]",0.95
2025-11-27T11:25:04.567485Z,CAM01,464835,1.22,0.75,1.5,ZoneEnter:Queue,"[130,225,55,32]",0.93
2025-11-27T11:25:24.326938Z,CAM02,245247,3.34,0.77,1.61,ZoneExit:FrontDesk,"[188,266,30,43]",0.98
2025-11-27T11:25:24.326938Z,CAM01,194341,1.02,0.77,1.67,ZoneEnter:Desk:R2,"[135,238,54,48]",0.94
2025-11-27T11:26:50.220372Z,CAM02,948224,2.49,1.0,1.67,ZoneExit:FrontDesk,"[191,198,32,68]",0.94
2025-11-27T11:26:50.220372Z,CAM01,997887,0.66,0.86,1.71,ZoneEnter:Desk:R1,"[136,186,44,35]",0.99
2025-11-27T11:26:58.766019Z,CAM01,447508,1.64,0.95,1.56,ZoneEnter:Queue,"[170,167,33,63]",0.98
2025-11-27T11:27:21.586800Z,CAM01,314892,1.48,0.75,1.68,ZoneEnter:Queue,"[170,287,39,45]",0.98
2025-11-27T11:28:20.733868Z,CAM01,674521,1.78,0.73,1.77,ZoneEnter:Queue,"[189,204,69,36]",0.95
2025-11-27T11:29:50.679858Z,CAM01,779204,0.52,1.14,1.57,ZoneEnter:Desk:R2,"[99,281,35,37]",0.93
2025-11-27T11:29:50.679858Z,CAM02,194341,3.52,1.04,1.54,ZoneExit:FrontDesk,"[118,162,52,57]",0.96
2025-11-27T11:30:19.082013Z,CAM01,855748,0.73,0.85,1.56,ZoneEnter:Desk:R1,"[83,173,54,63]",0.95
2025-11-27T11:30:19.082013Z,CAM02,997887,3.93,1.24,1.73,ZoneExit:FrontDesk,"[193,260,65,54]",0.93
2025-11-27T11:33:52.198269Z,CAM01,464835,0.81,0.88,1.76,ZoneEnter:Desk:R2,"[124,149,52,50]",0.93
2025-11-27T11:33:52.198269Z,CAM02,779204,3.08,1.08,1.61,ZoneExit:FrontDesk,"[114,240,49,39]",0.96
2025-11-27T11:34:42.203190Z,CAM01,964538,1.96,0.9,1.66,ZoneEnter:Queue,"[128,170,68,38]",0.9
2025-11-27T11:34:49.287457Z,CAM02,855748,3.29,0.89,1.69,ZoneExit:FrontDesk,"[208,263,65,59]",0.95
2025-11-27T11:34:49.287457Z,CAM01,447508,1.11,1.04,1.64,ZoneEnter:Desk:R1,"[177,252,43,31]",0.96
2025-11-27T11:36:33.594518Z,CAM01,660525,1.8,0.78,1.73,ZoneEnter:Queue,"[140,258,46,31]",0.92
2025-11-27T11:38:20.862598Z,CAM01,314892,0.83,0.99,1.65,ZoneEnter:Desk:R2,"[129,142,68,40]",0.98
2025-11-27T11:38:20.862598Z,CAM02,464835,2.71,1.0,1.62,ZoneExit:FrontDesk,"[116,312,36,56]",0.95
2025-11-27T11:38:28.940845Z,CAM01,100605,1.36,0.83,1.62,ZoneEnter:Queue,"[146,199,44,45]",0.91
2025-11-27T11:42:00.205545Z,CAM01,674521,0.6,0.75,1.69,ZoneEnter:Desk:R1,"[194,176,38,61]",0.99
2025-11-27T11:42:00.205545Z,CAM02,447508,3.49,1.09,1.58,ZoneExit:FrontDesk,"[136,242,61,41]",0.97
2025-11-27T11:44:04.268820Z,CAM01,726311,1.3,0.95,1.62,ZoneEnter:Queue,"[174,293,59,37]",0.97
2025-11-27T11:44:19.222958Z,CAM01,316915,1.47,0.57,1.78,ZoneEnter:Queue,"[157,300,41,46]",0.91
2025-11-27T11:44:19.971896Z,CAM01,964538,0.82,0.85,1.64,ZoneEnter:Desk:R2,"[149,240,35,34]",0.94
2025-11-27T11:44:19.971896Z,CAM02,314892,3.2,0.95,1.72,ZoneExit:FrontDesk,"[128,216,58,34]",0.94
2025-11-27T11:45:54.534686Z,CAM01,338753,1.56,0.73,1.69,ZoneEnter:Queue,"[111,158,67,59]",0.99
2025-11-27T11:47:33.131701Z,CAM01,156887,1.52,0.71,1.62,ZoneEnter:Queue,"[149,137,64,57]",0.91
2025-11-27T11:47:50.729807Z,CAM02,964538,3.62,1.1,1.69,ZoneExit:FrontDesk,"[198,211,38,34]",0.93
2025-11-27T11:47:50.729807Z,CAM01,660525,0.93,0.89,1.6,ZoneEnter:Desk:R2,"[103,259,64,53]",0.99
2025-11-27T11:48:27.300970Z,CAM01,100605,0.59,0.95,1.62,ZoneEnter:Desk:R1,"[124,194,41,37]",0.98
2025-11-27T11:48:27.300970Z,CAM02,674521,3.04,1.24,1.85,ZoneExit:FrontDesk,"[204,170,67,47]",0.99
2025-11-27T11:49:35.177600Z,CAM01,701113,1.81,0.89,1.7,ZoneEnter:Queue,"[182,298,35,38]",0.96
2025-11-27T11:52:49.474669Z,CAM01,726311,0.7,0.77,1.5,ZoneEnter:Desk:R1,"[203,156,46,53]",0.94
2025-11-27T11:52:49.474669Z,CAM02,100605,3.9,1.18,1.59,ZoneExit:FrontDesk,"[198,233,53,68]",0.96
2025-11-27T11:54:07.367795Z,CAM02,660525,3.04,1.0,1.66,ZoneExit:FrontDesk,"[170,155,35,48]",0.94
2025-11-27T11:54:07.367795Z,CAM01,316915,0.79,0.88,1.85,ZoneEnter:Desk:R2,"[169,278,65,60]",0.95
2025-11-27T11:55:09.387038Z,CAM01,722306,1.44,0.78,1.49,ZoneEnter:Queue,"[215,254,36,50]",0.97
2025-11-27T11:56:07.730302Z,CAM01,338753,1.1,0.74,1.6,ZoneEnter:Desk:R1,"[106,190,54,47]",0.94
2025-11-27T11:56:07.730302Z,CAM02,726311,3.27,1.01,1.76,ZoneExit:FrontDesk,"[183,282,33,47]",0.97
2025-11-27T11:56:37.102373Z,CAM01,474711,1.65,0.74,1.52,ZoneEnter:Queue,"[108,198,69,51]",0.93
2025-11-27T11:58:15.657287Z,CAM02,316915,3.28,1.18,1.7,ZoneExit:FrontDesk,"[134,198,64,56]",0.96
2025-11-27T11:58:15.657287Z,CAM01,156887,0.64,0.98,1.72,ZoneEnter:Desk:R2,"[213,140,49,44]",0.95
2025-11-27T11:58:46.351277Z,CAM02,338753,3.13,0.82,1.6,ZoneExit:FrontDesk,"[170,219,68,68]",0.97
2025-11-27T11:58:46.351277Z,CAM01,701113,0.48,1.03,1.69,ZoneEnter:Desk:R1,"[90,307,62,43]",0.92
2025-11-27T12:03:15.392574Z,CAM01,528672,1.68,0.93,1.65,ZoneEnter:Queue,"[97,231,51,38]",0.99
2025-11-27T12:03:55.087897Z,CAM02,701113,3.17,1.34,1.63,ZoneExit:FrontDesk,"[166,290,69,69]",0.96
2025-11-27T12:03:55.087897Z,CAM01,722306,0.86,1.03,1.62,ZoneEnter:Desk:R1,"[167,162,42,31]",0.92
2025-11-27T12:06:00.764709Z,CAM01,936022,1.84,0.76,1.59,ZoneEnter:Queue,"[129,213,62,39]",0.92
2025-11-27T12:06:25.236642Z,CAM01,474711,0.68,0.93,1.49,ZoneEnter:Desk:R1,"[125,222,53,30]",0.99
2025-11-27T12:06:25.236642Z,CAM02,722306,3.22,1.21,1.63,ZoneExit:FrontDesk,"[85,301,65,40]",0.95
2025-11-27T12:07:04.267033Z,CAM01,528672,0.62,0.81,1.55,ZoneEnter:Desk:R2,"[90,235,55,37]",0.96
2025-11-27T12:07:04.267033Z,CAM02,156887,2.74,1.03,1.69,ZoneExit:FrontDesk,"[123,185,66,46]",0.95
2025-11-27T12:09:37.249656Z,CAM02,474711,3.15,0.86,1.54,ZoneExit:FrontDesk,"[202,260,66,48]",0.96
2025-11-27T12:09:37.249656Z,CAM01,936022,0.9,0.84,1.71,ZoneEnter:Desk:R1,"[122,152,39,44]",0.96
2025-11-27T12:09:41.593563Z,CAM01,600109,1.38,0.93,1.71,ZoneEnter:Queue,"[89,227,56,68]",0.92
2025-11-27T12:11:31.869187Z,CAM01,600109,0.64,1.07,1.86,ZoneEnter:Desk:R2,"[132,184,41,35]",0.92
2025-11-27T12:11:31.869187Z,CAM02,528672,3.05,1.02,1.82,ZoneExit:FrontDesk,"[167,287,60,38]",0.93
2025-11-27T12:12:53.981869Z,CAM02,936022,3.13,1.33,1.66,ZoneExit:FrontDesk,"[91,265,40,58]",0.94
2025-11-27T12:13:18.511402Z,CAM01,108703,1.61,0.79,1.81,ZoneEnter:Queue,"[183,279,49,55]",0.97
2025-11-27T12:13:18.511402Z,CAM01,108703,1.08,0.81,1.6,ZoneEnter:Desk:R1,"[93,244,54,33]",0.94
2025-11-27T12:14:24.372978Z,CAM01,339636,1.79,0.74,1.63,ZoneEnter:Queue,"[202,239,67,59]",0.88
2025-11-27T12:15:29.017416Z,CAM01,662392,1.92,0.79,1.69,ZoneEnter:Queue,"[158,272,62,68]",0.98
2025-11-27T12:15:56.197220Z,CAM01,339636,0.59,0.82,1.68,ZoneEnter:Desk:R2,"[119,222,55,68]",0.93
2025-11-27T12:15:56.197220Z,CAM02,600109,3.44,1.21,1.64,ZoneExit:FrontDesk,"[198,267,34,51]",0.96
2025-11-27T12:16:37.709123Z,CAM01,662392,0.75,0.76,1.8,ZoneEnter:Desk:R1,"[115,165,34,51]",0.97
2025-11-27T12:16:37.709123Z,CAM02,108703,3.15,0.95,1.68,ZoneExit:FrontDesk,"[159,289,32,35]",0.94
2025-11-27T12:17:21.379532Z,CAM01,721861,1.97,1.07,1.57,ZoneEnter:Queue,"[180,226,41,36]",0.93
2025-11-27T12:17:44.506416Z,CAM01,833658,1.8,1.18,1.46,ZoneEnter:Queue,"[211,150,35,37]",0.93
2025-11-27T12:17:48.524967Z,CAM01,929101,1.31,0.67,1.57,ZoneEnter:Queue,"[132,136,64,59]",0.88
2025-11-27T12:18:22.826110Z,CAM01,398444,1.88,0.91,1.77,ZoneEnter:Queue,"[205,264,40,49]",0.98
2025-11-27T12:20:35.448549Z,CAM01,347922,1.57,0.75,1.58,ZoneEnter:Queue,"[183,309,36,39]",0.91
2025-11-27T12:20:53.652903Z,CAM02,662392,3.39,0.92,1.65,ZoneExit:FrontDesk,"[113,313,37,36]",0.92
2025-11-27T12:20:53.652903Z,CAM01,721861,0.89,0.86,1.59,ZoneEnter:Desk:R1,"[126,177,37,33]",0.96
2025-11-27T12:22:03.484292Z,CAM01,463834,1.83,0.86,1.46,ZoneEnter:Queue,"[200,186,51,53]",0.99
2025-11-27T12:22:46.356819Z,CAM01,229506,1.56,0.79,1.72,ZoneEnter:Queue,"[132,256,43,38]",0.99
2025-11-27T12:23:24.281887Z,CAM01,339282,1.65,0.75,1.67,ZoneEnter:Queue,"[131,190,43,52]",0.93
2025-11-27T12:23:38.562200Z,CAM01,131267,1.63,0.89,1.67,ZoneEnter:Queue,"[125,146,34,35]",0.94
2025-11-27T12:24:18.421765Z,CAM01,833658,0.74,0.88,1.61,ZoneEnter:Desk:R2,"[106,140,31,47]",0.96
2025-11-27T12:24:18.421765Z,CAM02,339636,3.14,1.07,1.86,ZoneExit:FrontDesk,"[169,238,64,68]",0.92
2025-11-27T12:26:20.232068Z,CAM02,721861,2.8,0.98,1.45,ZoneExit:FrontDesk,"[176,144,53,45]",0.94
2025-11-27T12:26:20.232068Z,CAM01,929101,0.98,0.77,1.63,ZoneEnter:Desk:R1,"[128,273,61,32]",0.98
2025-11-27T12:28:09.318306Z,CAM02,833658,3.31,1.07,1.61,ZoneExit:FrontDesk,"[106,285,64,61]",0.98
2025-11-27T12:28:09.318306Z,CAM01,398444,1.07,0.81,1.75,ZoneEnter:Desk:R2,"[91,271,48,67]",0.99
2025-11-27T12:30:50.570007Z,CAM02,398444,3.14,1.05,1.79,ZoneExit:FrontDesk,"[160,121,60,64]",0.99
2025-11-27T12:30:50.570007Z,CAM01,347922,0.68,0.87,1.49,ZoneEnter:Desk:R2,"[112,228,35,38]",0.92
2025-11-27T12:35:02.027033Z,CAM02,929101,3.41,1.5,1.75,ZoneExit:FrontDesk,"[175,142,54,33]",0.96
2025-11-27T12:35:02.027033Z,CAM01,463834,0.67,0.89,1.56,ZoneEnter:Desk:R1,"[82,294,34,54]",0.93
2025-11-27T12:35:28.520942Z,CAM02,347922,3.01,0.95,1.7,ZoneExit:FrontDesk,"[153,137,31,54]",0.97
2025-11-27T12:35:28.520942Z,CAM01,229506,0.67,0.85,1.74,ZoneEnter:Desk:R2,"[130,141,63,47]",0.99
2025-11-27T12:36:43.026198Z,CAM01,428980,1.64,1.05,1.52,ZoneEnter:Queue,"[138,165,46,40]",0.99
2025-11-27T12:38:27.452471Z,CAM02,229506,3.52,0.98,1.64,ZoneExit:FrontDesk,"[120,260,47,58]",0.93
2025-11-27T12:38:27.452471Z,CAM01,339282,0.81,0.78,1.79,ZoneEnter:Desk:R2,"[140,213,41,52]",0.91
2025-11-27T12:39:07.681680Z,CAM02,463834,3.19,0.93,1.58,ZoneExit:FrontDesk,"[88,180,68,45]",0.99
2025-11-27T12:39:07.681680Z,CAM01,131267,0.65,0.96,1.68,ZoneEnter:Desk:R1,"[187,240,40,66]",0.99
2025-11-27T12:39:25.053785Z,CAM01,382145,1.58,0.93,1.41,ZoneEnter:Queue,"[94,205,32,36]",0.95
2025-11-27T12:42:13.052609Z,CAM02,339282,3.08,1.04,1.63,ZoneExit:FrontDesk,"[187,139,67,66]",0.94
2025-11-27T12:42:13.052609Z,CAM01,428980,1.06,1.02,1.66,ZoneEnter:Desk:R2,"[194,134,65,49]",0.97
2025-11-27T12:42:46.049119Z,CAM01,112689,1.6,0.86,1.66,ZoneEnter:Queue,"[161,248,56,43]",0.97
2025-11-27T12:43:04.473393Z,CAM01,295294,2.13,0.79,1.49,ZoneEnter:Queue,"[104,245,54,51]",0.94
2025-11-27T12:44:43.408206Z,CAM01,841554,1.38,0.87,1.65,ZoneEnter:Queue,"[86,247,38,35]",0.91
2025-11-27T12:45:39.368544Z,CAM01,382145,0.69,1.0,1.8,ZoneEnter:Desk:R1,"[196,237,68,46]",0.97
2025-11-27T12:45:39.368544Z,CAM02,131267,3.1,1.11,1.59,ZoneExit:FrontDesk,"[210,170,61,36]",0.95
2025-11-27T12:46:01.094900Z,CAM01,269003,1.65,0.72,1.82,ZoneEnter:Queue,"[110,274,64,62]",0.91
2025-11-27T12:48:42.909851Z,CAM01,560665,1.82,0.95,1.61,ZoneEnter:Queue,"[212,181,68,38]",0.91
2025-11-27T12:49:04.675082Z,CAM01,112689,0.64,0.96,1.67,ZoneEnter:Desk:R2,"[176,157,53,34]",0.96
2025-11-27T12:49:04.675082Z,CAM02,428980,3.07,1.18,1.69,ZoneExit:FrontDesk,"[114,300,47,53]",0.9
2025-11-27T12:49:13.713112Z,CAM01,286375,1.89,1.22,1.53,ZoneEnter:Queue,"[185,140,63,50]",0.97
2025-11-27T12:51:57.515674Z,CAM02,382145,2.86,1.17,1.86,ZoneExit:FrontDesk,"[171,203,35,64]",0.91
2025-11-27T12:51:57.515674Z,CAM01,295294,0.96,0.69,1.69,ZoneEnter:Desk:R1,"[116,202,59,48]",0.93
2025-11-27T12:52:26.934048Z,CAM02,112689,3.03,0.88,1.72,ZoneExit:FrontDesk,"[108,246,40,44]",0.95
2025-11-27T12:52:26.934048Z,CAM01,841554,0.81,0.98,1.55,ZoneEnter:Desk:R2,"[155,164,56,69]",0.96
2025-11-27T12:53:37.818412Z,CAM01,697044,1.56,0.9,1.65,ZoneEnter:Queue,"[193,232,47,68]",0.98
2025-11-27T12:54:39.659957Z,CAM01,105335,1.33,0.79,1.66,ZoneEnter:Queue,"[125,160,35,67]",0.97
2025-11-27T12:55:00.076729Z,CAM01,269003,0.72,0.98,1.54,ZoneEnter:Desk:R2,"[165,223,60,39]",0.97
2025-11-27T12:55:00.076729Z,CAM02,841554,2.12,1.33,1.58,ZoneExit:FrontDesk,"[172,216,43,39]",0.91
2025-11-27T12:56:36.605829Z,CAM01,560665,0.89,0.79,1.72,ZoneEnter:Desk:R1,"[90,208,63,47]",0.9
2025-11-27T12:56:36.605829Z,CAM02,295294,3.13,1.21,1.59,ZoneExit:FrontDesk,"[173,163,57,34]",0.92
2025-11-27T12:57:14.199116Z,CAM01,286375,0.78,0.82,1.68,ZoneEnter:Desk:R2,"[179,146,32,32]",0.99
2025-11-27T12:57:14.199116Z,CAM02,269003,2.37,1.29,1.56,ZoneExit:FrontDesk,"[153,228,59,49]",0.88
2025-11-27T12:58:13.757039Z,CAM01,780146,1.37,0.98,1.85,ZoneEnter:Queue,"[202,274,64,30]",0.96
2025-11-27T12:59:24.950832Z,CAM01,880712,1.95,0.86,1.64,ZoneEnter:Queue,"[150,146,43,67]",0.94
2025-11-27T13:00:01.594816Z,CAM01,555990,1.44,0.76,1.84,ZoneEnter:Queue,"[208,245,33,39]",0.96
2025-11-27T13:00:09.060915Z,CAM01,957421,1.36,0.83,1.68,ZoneEnter:Queue,"[110,277,60,69]",0.94
2025-11-27T13:02:24.257318Z,CAM01,697044,0.87,0.97,1.54,ZoneEnter:Desk:R1,"[204,316,35,49]",0.94
2025-11-27T13:02:24.257318Z,CAM02,560665,3.3,1.1,1.75,ZoneExit:FrontDesk,"[195,125,37,57]",0.98
2025-11-27T13:02:40.337546Z,CAM01,291322,1.73,0.89,1.79,ZoneEnter:Queue,"[149,280,50,58]",0.96
2025-11-27T13:03:21.988143Z,CAM02,286375,3.06,0.92,1.61,ZoneExit:FrontDesk,"[102,176,41,37]",0.99
2025-11-27T13:03:21.988143Z,CAM01,105335,0.76,0.95,1.85,ZoneEnter:Desk:R2,"[148,214,32,57]",0.93
2025-11-27T13:05:00.806018Z,CAM01,279136,1.95,0.56,1.66,ZoneEnter:Queue,"[204,314,42,45]",0.93
2025-11-27T13:06:26.857852Z,CAM02,105335,3.33,1.26,1.52,ZoneExit:FrontDesk,"[201,160,55,41]",0.9
2025-11-27T13:06:26.857852Z,CAM01,780146,0.88,0.95,1.63,ZoneEnter:Desk:R2,"[84,254,66,64]",0.97
2025-11-27T13:07:54.524729Z,CAM01,787562,1.77,1.03,1.59,ZoneEnter:Queue,"[96,293,69,35]",0.92
2025-11-27T13:08:40.709848Z,CAM01,973814,1.87,0.59,1.63,ZoneEnter:Queue,"[165,260,33,37]",0.92
2025-11-27T13:08:43.792525Z,CAM02,697044,3.25,0.97,1.83,ZoneExit:FrontDesk,"[198,133,62,35]",0.95
2025-11-27T13:08:43.792525Z,CAM01,880712,0.55,0.97,1.83,ZoneEnter:Desk:R1,"[197,298,32,66]",0.94
2025-11-27T13:10:52.578774Z,CAM01,555990,0.73,0.85,1.45,ZoneEnter:Desk:R2,"[184,293,45,36]",0.97
2025-11-27T13:10:52.578774Z,CAM02,780146,3.43,1.24,1.49,ZoneExit:FrontDesk,"[108,190,36,34]",0.99
2025-11-27T13:13:03.121651Z,CAM01,957421,0.88,0.82,1.72,ZoneEnter:Desk:R2,"[83,161,41,63]",0.93
2025-11-27T13:13:03.121651Z,CAM02,555990,3.41,1.05,1.68,ZoneExit:FrontDesk,"[181,264,69,44]",0.97
2025-11-27T13:13:26.172058Z,CAM02,880712,2.8,1.13,1.43,ZoneExit:FrontDesk,"[87,164,34,63]",0.93
2025-11-27T13:13:26.172058Z,CAM01,291322,0.65,0.86,1.61,ZoneEnter:Desk:R1,"[158,166,61,31]",0.93
2025-11-27T13:14:59.245552Z,CAM02,957421,3.29,1.3,1.61,ZoneExit:FrontDesk,"[130,302,30,42]",0.95
2025-11-27T13:14:59.245552Z,CAM01,279136,0.9,0.99,1.75,ZoneEnter:Desk:R2,"[154,182,44,43]",0.94
2025-11-27T13:17:58.114839Z,CAM01,668247,1.96,1.04,1.59,ZoneEnter:Queue,"[115,294,55,53]",0.93
2025-11-27T13:18:27.807820Z,CAM01,404114,1.43,0.75,1.65,ZoneEnter:Queue,"[210,155,57,59]",0.98
2025-11-27T13:18:58.597698Z,CAM01,787562,0.65,0.79,1.52,ZoneEnter:Desk:R2,"[191,168,52,49]",0.92
2025-11-27T13:18:58.597698Z,CAM02,279136,3.41,1.52,1.48,ZoneExit:FrontDesk,"[194,155,46,30]",0.94
2025-11-27T13:19:03.598488Z,CAM01,973814,0.93,0.86,1.69,ZoneEnter:Desk:R1,"[133,275,54,43]",0.99
2025-11-27T13:19:03.598488Z,CAM02,291322,3.18,1.24,1.59,ZoneExit:FrontDesk,"[202,149,58,63]",0.95
2025-11-27T13:20:48.384084Z,CAM01,612738,1.53,0.84,1.47,ZoneEnter:Queue,"[91,260,44,41]",0.96
2025-11-27T13:22:34.787889Z,CAM01,668247,0.8,0.83,1.56,ZoneEnter:Desk:R1,"[163,179,40,65]",0.97
2025-11-27T13:22:34.787889Z,CAM02,973814,3.15,1.07,1.71,ZoneExit:FrontDesk,"[83,191,45,55]",0.96
2025-11-27T13:22:35.246111Z,CAM01,705320,1.74,0.94,1.53,ZoneEnter:Queue,"[190,215,63,54]",0.99
2025-11-27T13:23:56.982207Z,CAM01,404114,0.75,1.02,1.65,ZoneEnter:Desk:R2,"[147,215,52,34]",0.91
2025-11-27T13:23:56.982207Z,CAM02,787562,3.34,1.09,1.53,ZoneExit:FrontDesk,"[168,254,63,54]",0.92
2025-11-27T13:25:07.285850Z,CAM01,498321,1.66,0.53,1.67,ZoneEnter:Queue,"[179,182,61,66]",0.97
2025-11-27T13:26:14.714736Z,CAM01,612738,0.99,0.84,1.66,ZoneEnter:Desk:R1,"[200,180,31,36]",0.93
2025-11-27T13:26:14.714736Z,CAM02,668247,2.62,1.27,1.77,ZoneExit:FrontDesk,"[110,274,63,69]",0.99
2025-11-27T13:26:31.786762Z,CAM01,280449,1.43,0.76,1.77,ZoneEnter:Queue,"[126,132,66,61]",0.96
2025-11-27T13:27:18.319786Z,CAM01,270601,1.75,0.99,1.7,ZoneEnter:Queue,"[109,127,57,65]",0.98
2025-11-27T13:30:41.127642Z,CAM02,404114,2.83,1.36,1.53,ZoneExit:FrontDesk,"[201,141,50,52]",0.99
2025-11-27T13:30:41.127642Z,CAM01,705320,0.84,0.94,1.47,ZoneEnter:Desk:R2,"[207,175,54,52]",0.93
2025-11-27T13:30:59.483565Z,CAM01,714762,1.96,0.86,1.41,ZoneEnter:Queue,"[108,315,58,44]",0.97
2025-11-27T13:31:24.634465Z,CAM01,305189,1.84,1.06,1.65,ZoneEnter:Queue,"[134,195,64,35]",0.88
2025-11-27T13:31:55.045841Z,CAM02,705320,3.28,0.86,1.61,ZoneExit:FrontDesk,"[209,183,31,66]",0.92
2025-11-27T13:31:55.045841Z,CAM01,498321,0.81,0.82,1.68,ZoneEnter:Desk:R2,"[195,290,36,49]",0.94
2025-11-27T13:33:12.415085Z,CAM02,612738,3.42,1.18,1.66,ZoneExit:FrontDesk,"[211,276,52,35]",0.92
2025-11-27T13:33:12.415085Z,CAM01,280449,0.78,1.0,1.71,ZoneEnter:Desk:R1,"[94,253,34,51]",0.99
2025-11-27T13:34:58.556934Z,CAM02,498321,3.37,0.97,1.68,ZoneExit:FrontDesk,"[89,174,34,65]",0.95
2025-11-27T13:34:58.556934Z,CAM01,270601,0.82,0.78,1.46,ZoneEnter:Desk:R2,"[169,232,65,48]",0.94
2025-11-27T13:35:15.770575Z,CAM01,948969,2.19,0.69,1.66,ZoneEnter:Queue,"[150,122,56,42]",0.92
2025-11-27T13:36:15.055660Z,CAM01,597003,1.57,0.62,1.64,ZoneEnter:Queue,"[193,204,35,56]",0.94
2025-11-27T13:36:46.415924Z,CAM01,450140,1.89,1.01,1.72,ZoneEnter:Queue,"[182,169,34,30]",0.97
2025-11-27T13:38:33.780691Z,CAM02,280449,3.26,0.98,1.47,ZoneExit:FrontDesk,"[80,283,44,68]",0.93
2025-11-27T13:38:33.780691Z,CAM01,714762,1.01,0.86,1.59,ZoneEnter:Desk:R1,"[96,266,44,68]",0.9
2025-11-27T13:39:27.738240Z,CAM02,270601,3.3,0.84,1.64,ZoneExit:FrontDesk,"[215,306,32,44]",0.97
2025-11-27T13:39:27.738240Z,CAM01,305189,1.2,0.86,1.68,ZoneEnter:Desk:R2,"[108,289,42,51]",0.92
2025-11-27T13:43:35.494583Z,CAM02,714762,2.75,1.16,1.88,ZoneExit:FrontDesk,"[202,171,69,51]",0.91
2025-11-27T13:43:35.494583Z,CAM01,948969,0.71,0.83,1.59,ZoneEnter:Desk:R1,"[219,317,63,44]",0.96
2025-11-27T13:43:39.576554Z,CAM01,703638,1.47,0.97,1.69,ZoneEnter:Queue,"[146,208,41,53]",0.95
2025-11-27T13:44:41.408956Z,CAM02,305189,2.72,1.12,1.67,ZoneExit:FrontDesk,"[104,163,46,50]",0.91
2025-11-27T13:44:41.408956Z,CAM01,597003,0.67,0.96,1.72,ZoneEnter:Desk:R2,"[160,304,36,66]",0.99
2025-11-27T13:44:49.558842Z,CAM01,640707,1.66,0.98,1.68,ZoneEnter:Queue,"[175,305,67,68]",0.95
2025-11-27T13:46:02.181592Z,CAM01,570482,1.83,0.66,1.56,ZoneEnter:Queue,"[92,242,53,48]",0.97
2025-11-27T13:47:01.941635Z,CAM01,618458,1.76,0.79,1.76,ZoneEnter:Queue,"[207,286,52,66]",0.99
2025-11-27T13:48:13.569002Z,CAM01,500404,1.97,1.02,1.56,ZoneEnter:Queue,"[132,309,35,61]",0.9
2025-11-27T13:49:15.431535Z,CAM02,597003,3.06,1.12,1.56,ZoneExit:FrontDesk,"[189,222,33,57]",0.93
2025-11-27T13:49:15.431535Z,CAM01,450140,0.84,0.74,1.68,ZoneEnter:Desk:R2,"[157,308,64,62]",0.97
2025-11-27T13:49:19.264638Z,CAM01,805972,1.38,0.63,1.64,ZoneEnter:Queue,"[199,158,58,33]",0.89
2025-11-27T13:49:27.245636Z,CAM02,948969,3.79,1.12,1.64,ZoneExit:FrontDesk,"[165,172,52,50]",0.92
2025-11-27T13:49:27.245636Z,CAM01,703638,0.79,0.74,1.65,ZoneEnter:Desk:R1,"[168,307,53,58]",0.95
2025-11-27T13:51:39.584917Z,CAM01,881133,1.61,0.82,1.46,ZoneEnter:Queue,"[102,206,69,34]",0.93
2025-11-27T13:53:32.383771Z,CAM01,640707,1.14,0.8,1.81,ZoneEnter:Desk:R1,"[101,267,50,51]",0.96
2025-11-27T13:53:32.383771Z,CAM02,703638,3.33,1.23,1.79,ZoneExit:FrontDesk,"[198,219,62,44]",0.93
2025-11-27T13:53:46.280635Z,CAM01,992742,1.71,0.54,1.55,ZoneEnter:Queue,"[215,259,49,55]",0.92
2025-11-27T13:54:13.770313Z,CAM01,594323,1.32,1.0,1.62,ZoneEnter:Queue,"[143,311,64,47]",0.89
2025-11-27T13:56:11.097290Z,CAM01,570482,0.83,0.84,1.68,ZoneEnter:Desk:R2,"[154,214,54,63]",0.91
2025-11-27T13:56:11.097290Z,CAM02,450140,2.99,1.15,1.57,ZoneExit:FrontDesk,"[152,296,35,38]",0.95
2025-11-27T13:59:13.027930Z,CAM01,618458,0.36,1.12,1.59,ZoneEnter:Desk:R1,"[108,263,49,59]",0.97
2025-11-27T13:59:13.027930Z,CAM02,640707,3.22,1.15,1.69,ZoneExit:FrontDesk,"[110,285,67,54]",0.97
2025-11-27T13:59:36.806089Z,CAM01,500404,0.96,1.05,1.57,ZoneEnter:Desk:R2,"[112,296,45,42]",0.93
2025-11-27T13:59:36.806089Z,CAM02,570482,2.84,1.24,1.72,ZoneExit:FrontDesk,"[117,202,65,63]",0.99
2025-11-27T14:00:05.151756Z,CAM01,553915,1.52,0.77,1.55,ZoneEnter:Queue,"[166,184,40,65]",0.98
2025-11-27T14:00:44.028552Z,CAM01,635025,1.53,0.94,1.78,ZoneEnter:Queue,"[168,145,66,64]",0.94
2025-11-27T14:02:30.059819Z,CAM01,582042,1.73,0.85,1.69,ZoneEnter:Queue,"[164,159,62,59]",0.95
2025-11-27T14:03:30.172265Z,CAM02,500404,3.29,1.09,1.74,ZoneExit:FrontDesk,"[207,318,38,49]",0.9
2025-11-27T14:03:30.172265Z,CAM01,805972,0.77,0.89,1.58,ZoneEnter:Desk:R2,"[99,201,67,55]",0.93
2025-11-27T14:04:11.743923Z,CAM01,881133,0.53,0.98,1.52,ZoneEnter:Desk:R1,"[198,315,56,41]",0.95
2025-11-27T14:04:11.743923Z,CAM02,618458,3.27,0.83,1.72,ZoneExit:FrontDesk,"[132,292,48,52]",0.9
2025-11-27T14:05:57.382588Z,CAM01,782395,1.38,0.8,1.82,ZoneEnter:Queue,"[110,224,61,60]",0.96
2025-11-27T14:06:06.343507Z,CAM01,619473,1.71,0.64,1.58,ZoneEnter:Queue,"[158,121,54,65]",0.99
2025-11-27T14:09:06.088993Z,CAM01,560161,1.81,0.79,1.56,ZoneEnter:Queue,"[177,131,36,46]",0.94
2025-11-27T14:10:43.700167Z,CAM02,805972,3.8,1.01,1.38,ZoneExit:FrontDesk,"[124,302,35,47]",0.99
2025-11-27T14:10:43.700167Z,CAM01,992742,0.74,1.03,1.58,ZoneEnter:Desk:R2,"[141,140,54,60]",0.99
2025-11-27T14:10:53.722497Z,CAM02,881133,3.0,1.2,1.62,ZoneExit:FrontDesk,"[150,240,42,32]",0.9
2025-11-27T14:10:53.722497Z,CAM01,594323,0.55,0.87,1.64,ZoneEnter:Desk:R1,"[151,194,68,44]",0.91
2025-11-27T14:11:36.172252Z,CAM01,481181,1.99,0.76,1.64,ZoneEnter:Queue,"[202,224,55,39]",0.96
2025-11-27T14:13:54.232137Z,CAM02,992742,3.58,1.0,1.89,ZoneExit:FrontDesk,"[182,292,57,54]",0.95
2025-11-27T14:13:54.232137Z,CAM01,553915,0.91,0.93,1.91,ZoneEnter:Desk:R2,"[142,273,42,60]",0.97
2025-11-27T14:14:40.346123Z,CAM01,510215,1.72,0.88,1.58,ZoneEnter:Queue,"[135,285,47,37]",0.93
2025-11-27T14:15:27.374609Z,CAM02,553915,2.64,1.01,1.77,ZoneExit:FrontDesk,"[162,235,56,61]",0.92
2025-11-27T14:15:27.374609Z,CAM01,635025,0.59,1.01,1.77,ZoneEnter:Desk:R2,"[138,202,59,52]",0.91
2025-11-27T14:16:49.642537Z,CAM01,137057,1.71,0.71,1.71,ZoneEnter:Queue,"[89,259,36,60]",0.95
2025-11-27T14:17:20.263755Z,CAM01,582042,0.55,0.97,1.81,ZoneEnter:Desk:R1,"[213,254,67,67]",0.99
2025-11-27T14:17:20.263755Z,CAM02,594323,3.26,1.02,1.9,ZoneExit:FrontDesk,"[203,209,34,60]",0.9
2025-11-27T14:17:21.231436Z,CAM01,684246,1.86,0.8,1.73,ZoneEnter:Queue,"[218,268,58,61]",0.89
2025-11-27T14:19:28.779954Z,CAM01,401055,1.5,0.71,1.64,ZoneEnter:Queue,"[178,165,65,61]",0.97
2025-11-27T14:20:32.912718Z,CAM01,782395,0.78,0.87,1.72,ZoneEnter:Desk:R2,"[105,143,36,37]",0.89
2025-11-27T14:20:32.912718Z,CAM02,635025,3.36,1.14,1.61,ZoneExit:FrontDesk,"[128,222,59,40]",0.99
2025-11-27T14:20:33.516971Z,CAM01,520539,1.87,0.96,1.52,ZoneEnter:Queue,"[207,206,46,68]",0.98
2025-11-27T14:20:55.499655Z,CAM01,218966,1.54,1.08,1.58,ZoneEnter:Queue,"[160,243,60,50]",0.94
2025-11-27T14:22:56.423694Z,CAM01,994723,1.85,0.76,1.73,ZoneEnter:Queue,"[121,200,57,69]",0.93
2025-11-27T14:23:55.592182Z,CAM02,782395,3.35,0.92,1.67,ZoneExit:FrontDesk,"[96,157,69,42]",0.97
2025-11-27T14:23:55.592182Z,CAM01,619473,1.03,0.73,1.62,ZoneEnter:Desk:R2,"[89,177,68,53]",0.97
2025-11-27T14:24:07.382289Z,CAM01,560161,0.66,1.07,1.7,ZoneEnter:Desk:R1,"[97,188,35,35]",0.94
2025-11-27T14:24:07.382289Z,CAM02,582042,3.12,1.25,1.54,ZoneExit:FrontDesk,"[173,271,40,61]",0.97
2025-11-27T14:24:24.695765Z,CAM01,768802,1.93,0.69,1.65,ZoneEnter:Queue,"[111,190,43,43]",0.95
2025-11-27T14:26:39.750467Z,CAM01,587360,1.55,1.08,1.52,ZoneEnter:Queue,"[189,230,56,63]",0.98
2025-11-27T14:27:05.006054Z,CAM01,277011,1.63,0.9,1.76,ZoneEnter:Queue,"[153,165,67,60]",0.93
2025-11-27T14:27:40.721268Z,CAM01,481181,0.63,0.85,1.61,ZoneEnter:Desk:R2,"[115,219,59,30]",0.97
2025-11-27T14:27:40.721268Z,CAM02,619473,2.67,1.22,1.65,ZoneExit:FrontDesk,"[103,188,55,50]",0.95
2025-11-27T14:29:26.305697Z,CAM01,763822,1.86,0.86,1.7,ZoneEnter:Queue,"[167,170,37,41]",0.99
2025-11-27T14:30:54.060678Z,CAM01,695154,2.05,0.72,1.79,ZoneEnter:Queue,"[211,229,65,57]",0.95
2025-11-27T14:30:54.520977Z,CAM01,510215,0.93,0.71,1.78,ZoneEnter:Desk:R1,"[216,300,57,57]",0.95
2025-11-27T14:30:54.520977Z,CAM02,560161,2.95,1.15,1.53,ZoneExit:FrontDesk,"[178,266,62,52]",0.99
2025-11-27T14:33:41.795969Z,CAM01,218158,1.98,0.85,1.62,ZoneEnter:Queue,"[198,287,37,33]",0.99
2025-11-27T14:34:16.995733Z,CAM01,960810,1.67,0.79,1.73,ZoneEnter:Queue,"[210,156,54,62]",0.98
2025-11-27T14:35:58.362918Z,CAM01,137057,0.52,0.84,1.7,ZoneEnter:Desk:R2,"[206,198,44,55]",0.9
2025-11-27T14:35:58.362918Z,CAM02,481181,2.71,1.16,1.8,ZoneExit:FrontDesk,"[198,277,38,32]",0.98
2025-11-27T14:36:05.748170Z,CAM01,937080,1.37,0.95,1.66,ZoneEnter:Queue,"[143,314,48,36]",0.91
2025-11-27T14:37:15.464550Z,CAM01,887832,1.97,0.62,1.83,ZoneEnter:Queue,"[194,292,40,66]",0.97
2025-11-27T14:39:55.992999Z,CAM02,510215,2.81,1.03,1.77,ZoneExit:FrontDesk,"[157,184,56,55]",0.93
2025-11-27T14:39:55.992999Z,CAM01,684246,0.75,0.75,1.63,ZoneEnter:Desk:R1,"[183,170,55,46]",0.96
2025-11-27T14:40:55.203678Z,CAM01,459598,1.78,1.02,1.8,ZoneEnter:Queue,"[81,253,59,46]",0.96
2025-11-27T14:40:58.257690Z,CAM02,137057,3.65,1.12,1.54,ZoneExit:FrontDesk,"[144,226,31,43]",0.89
2025-11-27T14:40:58.257690Z,CAM01,401055,0.79,1.03,1.91,ZoneEnter:Desk:R2,"[120,136,56,52]",0.95
2025-11-27T14:44:35.720169Z,CAM01,520539,0.85,0.88,1.71,ZoneEnter:Desk:R2,"[109,262,44,55]",0.94
2025-11-27T14:44:35.720169Z,CAM02,401055,3.13,1.33,1.6,ZoneExit:FrontDesk,"[185,309,52,69]",0.92
2025-11-27T14:44:37.286546Z,CAM02,684246,3.53,1.26,1.81,ZoneExit:FrontDesk,"[118,275,46,37]",0.99
2025-11-27T14:44:37.286546Z,CAM01,218966,0.65,1.01,1.49,ZoneEnter:Desk:R1,"[186,224,66,38]",0.98
2025-11-27T14:47:35.981370Z,CAM01,818653,1.58,0.63,1.7,ZoneEnter:Queue,"[174,166,60,32]",0.93
2025-11-27T14:47:59.308776Z,CAM01,199358,1.53,1.08,1.75,ZoneEnter:Queue,"[199,134,56,57]",0.92
2025-11-27T14:48:48.557035Z,CAM01,994723,0.53,0.94,1.8,ZoneEnter:Desk:R2,"[87,217,60,48]",0.94
2025-11-27T14:48:48.557035Z,CAM02,520539,2.71,1.23,1.66,ZoneExit:FrontDesk,"[156,198,49,53]",0.99
2025-11-27T14:49:22.309261Z,CAM01,666441,1.57,0.87,1.63,ZoneEnter:Queue,"[126,281,57,55]",0.96
2025-11-27T14:50:07.355951Z,CAM01,556112,1.95,0.84,1.65,ZoneEnter:Queue,"[213,140,44,33]",0.96
2025-11-27T14:50:38.757430Z,CAM01,411233,1.66,1.04,1.6,ZoneEnter:Queue,"[116,307,31,53]",0.98
2025-11-27T14:51:26.286050Z,CAM01,768802,0.91,0.72,1.74,ZoneEnter:Desk:R1,"[144,284,53,54]",0.99
2025-11-27T14:51:26.286050Z,CAM02,218966,3.36,0.97,1.67,ZoneExit:FrontDesk,"[108,210,36,66]",0.95
2025-11-27T14:52:01.448882Z,CAM01,651171,1.45,0.72,1.58,ZoneEnter:Queue,"[98,155,48,43]",0.94
2025-11-27T14:52:41.475035Z,CAM01,259391,1.85,0.72,1.64,ZoneEnter:Queue,"[141,138,68,59]",0.96
2025-11-27T14:54:05.026516Z,CAM01,735877,1.7,0.9,1.6,ZoneEnter:Queue,"[114,258,34,68]",0.97
2025-11-27T14:54:58.095907Z,CAM01,162341,1.08,0.85,1.7,ZoneEnter:Queue,"[195,291,67,58]",0.99
2025-11-27T14:56:17.334307Z,CAM01,795365,1.93,0.9,1.55,ZoneEnter:Queue,"[81,148,41,49]",0.92
2025-11-27T14:56:26.250841Z,CAM01,587360,0.66,0.86,1.58,ZoneEnter:Desk:R2,"[151,150,60,48]",0.96
2025-11-27T14:56:26.250841Z,CAM02,994723,3.22,1.2,1.63,ZoneExit:FrontDesk,"[88,238,32,69]",0.95
2025-11-27T14:56:51.203106Z,CAM02,768802,3.45,1.27,1.62,ZoneExit:FrontDesk,"[117,153,44,36]",0.95
2025-11-27T14:56:51.203106Z,CAM01,277011,0.86,1.06,1.78,ZoneEnter:Desk:R1,"[192,151,65,62]",0.99
2025-11-27T15:01:01.983254Z,CAM02,587360,3.57,0.93,1.55,ZoneExit:FrontDesk,"[156,305,39,42]",0.96
2025-11-27T15:01:01.983254Z,CAM01,763822,0.92,0.94,1.49,ZoneEnter:Desk:R2,"[200,306,31,65]",0.93
2025-11-27T15:01:22.088701Z,CAM02,277011,2.98,0.78,1.73,ZoneExit:FrontDesk,"[113,160,39,62]",0.99
2025-11-27T15:01:22.088701Z,CAM01,695154,1.03,0.93,1.55,ZoneEnter:Desk:R1,"[90,220,59,43]",0.99
2025-11-27T15:05:53.203866Z,CAM02,763822,2.77,1.26,1.67,ZoneExit:FrontDesk,"[119,122,37,55]",0.99
2025-11-27T15:05:53.203866Z,CAM01,218158,0.78,0.89,1.65,ZoneEnter:Desk:R2,"[215,206,41,42]",0.95
2025-11-27T15:06:01.415205Z,CAM01,663386,1.92,1.2,1.75,ZoneEnter:Queue,"[131,189,43,30]",0.94
2025-11-27T15:08:36.764079Z,CAM02,695154,3.81,1.02,1.6,ZoneExit:FrontDesk,"[206,169,68,50]",0.93
2025-11-27T15:08:36.764079Z,CAM01,960810,0.88,0.89,1.6,ZoneEnter:Desk:R1,"[126,291,66,47]",0.93
2025-11-27T15:09:01.222536Z,CAM02,218158,2.88,1.09,1.5,ZoneExit:FrontDesk,"[201,265,42,65]",0.93
2025-11-27T15:09:01.222536Z,CAM01,937080,0.99,0.78,1.9,ZoneEnter:Desk:R2,"[86,232,62,69]",0.95
2025-11-27T15:11:27.774820Z,CAM01,684299,1.58,0.85,1.82,ZoneEnter:Queue,"[144,208,68,62]",0.97
2025-11-27T15:11:28.939712Z,CAM01,539955,1.64,0.78,1.6,ZoneEnter:Queue,"[81,139,36,33]",0.97
2025-11-27T15:11:46.186588Z,CAM02,960810,3.11,0.83,1.51,ZoneExit:FrontDesk,"[161,125,60,58]",0.89
2025-11-27T15:11:46.186588Z,CAM01,887832,0.71,0.87,1.79,ZoneEnter:Desk:R1,"[137,171,49,34]",0.97
2025-11-27T15:12:54.565545Z,CAM01,459598,0.83,0.84,1.76,ZoneEnter:Desk:R2,"[197,137,58,38]",0.95
2025-11-27T15:12:54.565545Z,CAM02,937080,3.4,1.48,1.78,ZoneExit:FrontDesk,"[154,268,52,30]",0.98
2025-11-27T15:19:52.065229Z,CAM01,818653,0.93,1.08,1.42,ZoneEnter:Desk:R1,"[175,202,48,33]",0.94
2025-11-27T15:19:52.065229Z,CAM02,887832,3.38,1.41,1.69,ZoneExit:FrontDesk,"[160,139,59,58]",0.94
2025-11-27T15:20:00.446475Z,CAM01,199358,0.99,0.9,1.7,ZoneEnter:Desk:R2,"[205,297,56,38]",0.92
2025-11-27T15:20:00.446475Z,CAM02,459598,2.97,1.11,1.6,ZoneExit:FrontDesk,"[203,252,31,49]",0.98
2025-11-27T15:20:37.974440Z,CAM01,952431,1.65,0.91,1.74,ZoneEnter:Queue,"[185,226,37,53]",0.99
2025-11-27T15:22:00.133092Z,CAM01,509139,1.85,0.94,1.66,ZoneEnter:Queue,"[140,266,32,59]",0.99
2025-11-27T15:23:42.294399Z,CAM02,199358,2.71,0.97,1.74,ZoneExit:FrontDesk,"[146,145,32,56]",0.99
2025-11-27T15:23:42.294399Z,CAM01,666441,0.93,0.96,1.81,ZoneEnter:Desk:R2,"[139,316,53,46]",0.95
2025-11-27T15:24:02.452631Z,CAM02,818653,3.58,1.11,1.5,ZoneExit:FrontDesk,"[176,231,58,58]",0.95
2025-11-27T15:24:02.452631Z,CAM01,556112,0.87,0.88,1.68,ZoneEnter:Desk:R1,"[157,139,32,54]",0.97
2025-11-27T15:25:28.771112Z,CAM01,411233,0.89,0.9,1.7,ZoneEnter:Desk:R2,"[152,189,38,46]",0.92
2025-11-27T15:25:28.771112Z,CAM02,666441,3.21,0.98,1.68,ZoneExit:FrontDesk,"[161,304,47,69]",0.96
2025-11-27T15:28:49.030676Z,CAM01,651171,0.68,0.95,1.65,ZoneEnter:Desk:R1,"[111,204,45,38]",0.95
2025-11-27T15:28:49.030676Z,CAM02,556112,3.28,1.19,1.56,ZoneExit:FrontDesk,"[117,199,34,62]",0.96
2025-11-27T15:30:52.301853Z,CAM02,411233,2.86,1.34,1.44,ZoneExit:FrontDesk,"[196,135,51,35]",0.91
2025-11-27T15:30:52.301853Z,CAM01,259391,0.73,0.83,1.87,ZoneEnter:Desk:R2,"[186,243,55,59]",0.91
2025-11-27T15:31:46.019545Z,CAM02,651171,3.12,1.2,1.81,ZoneExit:FrontDesk,"[209,243,62,57]",0.95
2025-11-27T15:31:46.019545Z,CAM01,735877,0.85,0.88,1.49,ZoneEnter:Desk:R1,"[166,298,64,37]",0.92
2025-11-27T15:35:28.432473Z,CAM01,162341,0.85,0.93,1.64,ZoneEnter:Desk:R2,"[190,313,46,30]",0.94
2025-11-27T15:35:28.432473Z,CAM02,259391,3.31,1.16,1.96,ZoneExit:FrontDesk,"[216,162,69,48]",0.97
2025-11-27T15:35:50.997119Z,CAM01,795365,0.85,0.73,1.59,ZoneEnter:Desk:R1,"[94,120,47,49]",0.97
2025-11-27T15:35:50.997119Z,CAM02,735877,3.82,1.09,1.7,ZoneExit:FrontDesk,"[95,240,55,56]",0.94
2025-11-27T15:37:34.574877Z,CAM01,663386,0.91,0.85,1.72,ZoneEnter:Desk:R2,"[95,151,58,32]",0.97
2025-11-27T15:37:34.574877Z,CAM02,162341,3.21,1.16,1.95,ZoneExit:FrontDesk,"[80,128,68,34]",0.96
2025-11-27T15:37:44.363389Z,CAM02,795365,3.11,0.95,1.64,ZoneExit:FrontDesk,"[131,167,63,32]",0.96
2025-11-27T15:37:44.363389Z,CAM01,684299,0.71,0.76,1.74,ZoneEnter:Desk:R1,"[137,166,44,69]",0.92
2025-11-27T15:38:15.057400Z,CAM01,984956,2.22,0.85,1.61,ZoneEnter:Queue,"[142,221,62,36]",0.95
2025-11-27T15:41:54.967102Z,CAM02,663386,3.07,1.07,1.94,ZoneExit:FrontDesk,"[84,207,67,37]",0.92
2025-11-27T15:41:54.967102Z,CAM01,539955,0.93,0.94,1.56,ZoneEnter:Desk:R2,"[160,277,59,63]",0.93
2025-11-27T15:43:38.439808Z,CAM01,952431,0.69,0.8,1.79,ZoneEnter:Desk:R1,"[176,124,62,59]",0.94
2025-11-27T15:43:38.439808Z,CAM02,684299,2.82,1.15,1.55,ZoneExit:FrontDesk,"[126,131,56,45]",0.94
2025-11-27T15:45:33.039108Z,CAM02,539955,3.05,1.09,1.72,ZoneExit:FrontDesk,"[81,293,63,48]",0.97
2025-11-27T15:45:33.039108Z,CAM01,509139,0.91,0.74,1.82,ZoneEnter:Desk:R2,"[156,125,47,62]",0.94
2025-11-27T15:48:47.162395Z,CAM02,952431,3.12,1.05,1.66,ZoneExit:FrontDesk,"[191,128,58,39]",0.94
2025-11-27T15:48:47.162395Z,CAM01,984956,0.8,0.72,1.77,ZoneEnter:Desk:R1,"[154,172,44,50]",0.92
2025-11-27T15:49:30.154521Z,CAM02,509139,3.06,1.29,1.63,ZoneExit:FrontDesk,"[142,124,32,44]",0.93
2025-11-27T15:50:26.329074Z,CAM01,523290,1.7,0.88,1.69,ZoneEnter:Queue,"[157,252,30,52]",0.96
2025-11-27T15:50:26.329074Z,CAM01,523290,1.12,0.77,1.52,ZoneEnter:Desk:R2,"[124,270,42,54]",0.95
2025-11-27T15:50:55.684937Z,CAM01,249489,1.35,0.83,1.71,ZoneEnter:Queue,"[156,281,60,68]",0.93
2025-11-27T15:52:28.396567Z,CAM01,674643,1.78,0.79,1.61,ZoneEnter:Queue,"[104,144,39,55]",0.97
2025-11-27T15:54:39.692899Z,CAM02,984956,2.75,1.24,1.6,ZoneExit:FrontDesk,"[148,175,57,34]",0.91
2025-11-27T15:54:39.692899Z,CAM01,249489,0.84,0.9,1.68,ZoneEnter:Desk:R1,"[165,255,58,34]",0.92
2025-11-27T15:55:39.303393Z,CAM01,566188,1.77,0.88,1.55,ZoneEnter:Queue,"[169,241,68,34]",0.96
2025-11-27T15:56:28.464565Z,CAM02,523290,3.57,1.24,1.5,ZoneExit:FrontDesk,"[206,262,58,47]",0.91
2025-11-27T15:56:28.464565Z,CAM01,674643,0.69,1.01,1.77,ZoneEnter:Desk:R2,"[89,243,43,39]",0.94
2025-11-27T15:56:39.560446Z,CAM01,138601,1.84,0.72,1.59,ZoneEnter:Queue,"[217,196,44,38]",0.95
2025-11-27T15:59:23.412789Z,CAM01,566188,1.12,0.85,1.69,ZoneEnter:Desk:R1,"[204,128,37,39]",0.94
2025-11-27T15:59:23.412789Z,CAM02,249489,3.3,0.9,1.47,ZoneExit:FrontDesk,"[101,191,63,53]",0.99
2025-11-27T16:00:04.829069Z,CAM01,138601,0.97,0.89,1.68,ZoneEnter:Desk:R2,"[89,307,69,45]",0.98
2025-11-27T16:00:04.829069Z,CAM02,674643,2.81,1.05,1.63,ZoneExit:FrontDesk,"[209,132,69,37]",0.91
2025-11-27T16:02:57.086778Z,CAM02,566188,3.01,1.28,1.68,ZoneExit:FrontDesk,"[188,282,59,31]",0.95
2025-11-27T16:04:08.125809Z,CAM02,138601,3.8,1.1,1.85,ZoneExit:FrontDesk,"[166,213,58,30]",0.92
2025-11-27T16:17:55.752775Z,CAM01,336499,1.97,0.65,1.69,ZoneEnter:Queue,"[195,211,59,53]",0.98
2025-11-27T16:17:55.752775Z,CAM01,336499,0.8,0.83,1.74,ZoneEnter:Desk:R1,"[97,134,47,31]",0.99
2025-11-27T16:19:18.426333Z,CAM01,870313,1.92,0.88,1.75,ZoneEnter:Queue,"[166,181,46,67]",0.99
2025-11-27T16:19:18.426333Z,CAM01,870313,0.74,0.87,1.57,ZoneEnter:Desk:R2,"[89,283,38,63]",0.91
2025-11-27T16:20:21.226408Z,CAM01,370348,1.72,1.05,1.42,ZoneEnter:Queue,"[102,247,61,33]",0.94
2025-11-27T16:22:05.502617Z,CAM01,370348,0.74,0.95,1.61,ZoneEnter:Desk:R1,"[121,237,47,56]",0.93
2025-11-27T16:22:05.502617Z,CAM02,336499,3.41,1.08,1.74,ZoneExit:FrontDesk,"[95,161,49,35]",0.93
2025-11-27T16:23:41.692921Z,CAM02,870313,3.21,1.25,1.84,ZoneExit:FrontDesk,"[217,164,36,50]",0.97
2025-11-27T16:24:15.053575Z,CAM01,138025,1.56,0.97,1.57,ZoneEnter:Queue,"[113,157,42,67]",0.91
2025-11-27T16:24:15.053575Z,CAM01,138025,0.97,1.0,1.76,ZoneEnter:Desk:R2,"[129,162,52,63]",0.97
2025-11-27T16:25:54.016060Z,CAM02,370348,3.03,1.07,1.87,ZoneExit:FrontDesk,"[91,200,37,59]",0.93
2025-11-27T16:27:48.418979Z,CAM01,933960,1.93,0.81,1.77,ZoneEnter:Queue,"[197,179,37,35]",0.99
2025-11-27T16:27:48.418979Z,CAM01,933960,0.83,0.92,1.74,ZoneEnter:Desk:R1,"[85,277,32,39]",0.89
2025-11-27T16:28:22.823427Z,CAM02,138025,3.31,0.95,1.57,ZoneExit:FrontDesk,"[117,295,39,66]",0.98
2025-11-27T16:30:13.378085Z,CAM01,694119,1.52,0.88,1.62,ZoneEnter:Queue,"[117,196,48,34]",0.98
2025-11-27T16:30:13.378085Z,CAM01,694119,0.98,1.17,1.63,ZoneEnter:Desk:R2,"[181,268,68,47]",0.97
2025-11-27T16:34:16.125794Z,CAM02,694119,3.05,1.19,1.63,ZoneExit:FrontDesk,"[115,178,59,57]",0.93
2025-11-27T16:34:23.756976Z,CAM01,569626,1.49,0.87,1.59,ZoneEnter:Queue,"[158,162,59,64]",0.95
2025-11-27T16:34:23.756976Z,CAM01,569626,0.89,0.8,1.5,ZoneEnter:Desk:R2,"[158,149,35,32]",0.9
2025-11-27T16:36:25.977315Z,CAM02,933960,2.95,0.97,1.74,ZoneExit:FrontDesk,"[166,305,61,69]",0.92
2025-11-27T16:36:51.855815Z,CAM01,589842,1.29,0.76,1.47,ZoneEnter:Queue,"[97,197,52,32]",0.98
2025-11-27T16:36:51.855815Z,CAM01,589842,0.85,0.94,1.87,ZoneEnter:Desk:R1,"[106,297,56,66]",0.92
2025-11-27T16:37:34.717262Z,CAM02,569626,3.16,1.1,1.7,ZoneExit:FrontDesk,"[128,122,39,56]",0.9
2025-11-27T16:39:16.115396Z,CAM01,670609,1.94,0.73,1.63,ZoneEnter:Queue,"[137,162,48,45]",0.94
2025-11-27T16:39:16.115396Z,CAM01,670609,1.03,0.8,1.8,ZoneEnter:Desk:R2,"[214,244,51,66]",0.94
2025-11-27T16:39:21.949703Z,CAM02,589842,3.32,1.13,1.76,ZoneExit:FrontDesk,"[97,313,53,67]",0.93
2025-11-27T16:48:03.255711Z,CAM02,670609,2.91,1.16,1.62,ZoneExit:FrontDesk,"[125,311,63,43]",0.94
2025-11-27T16:54:42.093003Z,CAM01,313169,1.34,0.72,1.7,ZoneEnter:Queue,"[135,315,39,63]",0.97
2025-11-27T16:54:42.093003Z,CAM01,313169,0.73,1.01,1.63,ZoneEnter:Desk:R1,"[116,286,50,67]",0.9
2025-11-27T16:57:05.405449Z,CAM01,684332,1.31,0.65,1.63,ZoneEnter:Queue,"[169,270,45,45]",0.93
2025-11-27T16:57:05.405449Z,CAM01,684332,1.02,0.92,1.56,ZoneEnter:Desk:R2,"[184,148,68,30]",0.94
2025-11-27T16:58:41.567666Z,CAM02,684332,3.04,1.24,1.62,ZoneExit:FrontDesk,"[125,296,44,32]",0.95
2025-11-27T17:01:48.554807Z,CAM02,313169,3.74,1.23,1.59,ZoneExit:FrontDesk,"[195,188,39,41]",0.92
2025-11-27T17:04:04.491958Z,CAM01,153902,0.6,0.8,1.53,ZoneEnter:Desk:R2,"[103,261,48,68]",0.9
2025-11-27T17:04:04.491958Z,CAM01,153902,1.25,1.18,1.54,ZoneEnter:Queue,"[130,129,50,45]",0.92
2025-11-27T17:08:54.757088Z,CAM02,153902,3.0,1.14,1.57,ZoneExit:FrontDesk,"[168,275,46,32]",0.99
2025-11-27T17:09:49.011735Z,CAM01,877962,1.56,1.04,1.48,ZoneEnter:Queue,"[183,238,38,57]",0.96
2025-11-27T17:09:49.011735Z,CAM01,877962,0.71,0.98,1.59,ZoneEnter:Desk:R1,"[183,255,35,43]",0.95
2025-11-27T17:10:26.261314Z,CAM01,162838,1.81,0.89,1.6,ZoneEnter:Queue,"[184,306,52,33]",0.95
2025-11-27T17:10:26.261314Z,CAM01,162838,0.7,0.82,1.69,ZoneEnter:Desk:R2,"[205,128,65,55]",0.96
2025-11-27T17:15:10.464653Z,CAM02,162838,3.23,0.88,1.6,ZoneExit:FrontDesk,"[192,304,53,54]",0.99
2025-11-27T17:16:20.966474Z,CAM02,877962,3.53,1.09,1.82,ZoneExit:FrontDesk,"[198,162,33,40]",0.98
2025-11-27T17:19:37.783994Z,CAM01,221207,0.79,0.8,1.56,ZoneEnter:Desk:R2,"[218,204,65,68]",0.95
2025-11-27T17:19:37.783994Z,CAM01,221207,1.74,0.53,1.5,ZoneEnter:Queue,"[134,149,40,49]",0.97
2025-11-27T17:25:14.442555Z,CAM02,221207,2.78,1.05,1.51,ZoneExit:FrontDesk,"[146,250,34,50]",0.91
2025-11-27T17:30:39.548967Z,CAM01,279474,1.56,1.03,1.6,ZoneEnter:Queue,"[209,306,38,31]",0.91
2025-11-27T17:30:39.548967Z,CAM01,279474,0.84,0.88,1.52,ZoneEnter:Desk:R1,"[153,183,59,54]",0.92
2025-11-27T17:38:17.082050Z,CAM02,279474,2.98,1.1,1.82,ZoneExit:FrontDesk,"[186,268,62,66]",0.97
2025-11-27T17:51:05.507585Z,CAM01,948028,1.78,0.64,1.73,ZoneEnter:Queue,"[194,279,69,58]",0.94
2025-11-27T17:51:05.507585Z,CAM01,948028,0.82,0.83,1.54,ZoneEnter:Desk:R2,"[177,145,53,46]",0.96
2025-11-27T17:52:56.160581Z,CAM01,572943,1.85,0.74,1.51,ZoneEnter:Queue,"[200,219,41,63]",0.92
2025-11-27T17:52:56.160581Z,CAM01,572943,1.0,0.8,1.56,ZoneEnter:Desk:R1,"[165,227,48,69]",0.98
2025-11-27T17:54:07.448295Z,CAM02,948028,3.35,1.02,1.73,ZoneExit:FrontDesk,"[156,197,51,47]",0.93
2025-11-27T17:55:43.859820Z,CAM01,442708,2.06,0.81,1.54,ZoneEnter:Queue,"[130,295,67,57]",0.93
2025-11-27T17:55:43.859820Z,CAM01,442708,0.82,0.98,1.63,ZoneEnter:Desk:R2,"[181,301,46,58]",0.99
2025-11-27T17:56:03.810503Z,CAM01,240065,1.71,0.96,1.63,ZoneEnter:Queue,"[219,193,48,55]",0.99
2025-11-27T17:58:42.508878Z,CAM01,240065,0.8,0.87,1.61,ZoneEnter:Desk:R2,"[157,167,31,30]",0.94
2025-11-27T17:58:42.508878Z,CAM02,442708,2.99,0.89,1.71,ZoneExit:FrontDesk,"[205,128,59,30]",0.93
2025-11-27T18:00:41.522110Z,CAM02,572943,2.81,1.22,1.67,ZoneExit:FrontDesk,"[115,147,50,44]",0.97
2025-11-27T18:04:39.685776Z,CAM02,240065,3.29,1.37,1.67,ZoneExit:FrontDesk,"[141,200,41,55]",0.94
2025-11-27T18:05:26.597792Z,CAM01,370610,1.97,0.85,1.76,ZoneEnter:Queue,"[93,298,66,51]",0.99
2025-11-27T18:05:26.597792Z,CAM01,370610,0.56,0.86,1.68,ZoneEnter:Desk:R1,"[204,195,47,60]",0.97
2025-11-27T18:08:53.267122Z,CAM01,796797,0.72,0.85,1.71,ZoneEnter:Desk:R2,"[86,175,55,31]",0.96
2025-11-27T18:08:53.267122Z,CAM01,796797,1.83,0.67,1.52,ZoneEnter:Queue,"[147,151,48,46]",0.94
2025-11-27T18:10:10.868869Z,CAM01,144318,1.98,0.91,1.72,ZoneEnter:Queue,"[145,319,68,54]",0.97
2025-11-27T18:11:57.473444Z,CAM02,370610,2.9,1.21,1.63,ZoneExit:FrontDesk,"[129,214,33,30]",0.96
2025-11-27T18:11:57.473444Z,CAM01,144318,0.76,0.94,1.6,ZoneEnter:Desk:R1,"[161,211,63,63]",0.94
2025-11-27T18:12:53.672819Z,CAM02,796797,3.13,1.14,1.86,ZoneExit:FrontDesk,"[168,146,50,65]",0.91
2025-11-27T18:14:57.581264Z,CAM02,144318,3.59,1.12,1.67,ZoneExit:FrontDesk,"[82,313,47,36]",0.95
2025-11-27T18:15:32.657334Z,CAM01,931174,1.46,0.68,1.73,ZoneEnter:Queue,"[136,298,52,63]",0.91
2025-11-27T18:15:32.657334Z,CAM01,931174,0.91,0.9,1.55,ZoneEnter:Desk:R2,"[166,249,37,38]",0.95
2025-11-27T18:19:18.152558Z,CAM01,563322,1.7,0.74,1.71,ZoneEnter:Queue,"[189,205,66,65]",0.94
2025-11-27T18:19:18.152558Z,CAM01,563322,0.98,0.84,1.59,ZoneEnter:Desk:R1,"[177,150,37,37]",0.98
2025-11-27T18:21:23.257877Z,CAM02,931174,3.18,0.93,1.47,ZoneExit:FrontDesk,"[130,248,52,40]",0.99
2025-11-27T18:23:29.886912Z,CAM02,563322,3.41,0.98,1.56,ZoneExit:FrontDesk,"[206,239,41,57]",0.97
2025-11-27T18:25:14.389128Z,CAM01,297309,1.88,1.12,1.56,ZoneEnter:Queue,"[90,286,58,58]",0.99
2025-11-27T18:25:14.389128Z,CAM01,297309,0.94,0.9,1.49,ZoneEnter:Desk:R2,"[164,178,36,49]",0.95
2025-11-27T18:26:55.139602Z,CAM01,127038,2.06,0.9,1.68,ZoneEnter:Queue,"[117,188,67,57]",0.91
2025-11-27T18:26:55.139602Z,CAM01,127038,0.81,0.86,1.69,ZoneEnter:Desk:R1,"[211,173,38,52]",0.99
2025-11-27T18:30:35.841974Z,CAM01,817771,1.59,0.91,1.6,ZoneEnter:Queue,"[172,263,60,41]",0.97
2025-11-27T18:30:42.604247Z,CAM01,817771,0.92,0.91,1.52,ZoneEnter:Desk:R2,"[168,204,32,68]",0.99
2025-11-27T18:30:42.604247Z,CAM02,297309,2.96,0.96,1.68,ZoneExit:FrontDesk,"[146,146,44,47]",0.92
2025-11-27T18:30:58.728108Z,CAM01,501285,1.89,0.8,1.63,ZoneEnter:Queue,"[137,264,32,56]",0.91
2025-11-27T18:31:54.508117Z,CAM01,501285,0.86,0.83,1.59,ZoneEnter:Desk:R1,"[167,287,54,48]",0.93
2025-11-27T18:31:54.508117Z,CAM02,127038,3.79,1.07,1.64,ZoneExit:FrontDesk,"[113,208,49,46]",0.97
2025-11-27T18:32:55.087525Z,CAM01,436842,1.57,0.78,1.62,ZoneEnter:Queue,"[87,310,49,41]",0.98
2025-11-27T18:34:43.531017Z,CAM02,501285,3.29,1.03,1.6,ZoneExit:FrontDesk,"[172,230,35,65]",0.95
2025-11-27T18:34:43.531017Z,CAM01,436842,0.95,0.82,1.68,ZoneEnter:Desk:R1,"[95,169,63,31]",0.99
2025-11-27T18:35:10.223364Z,CAM02,817771,3.7,0.95,1.65,ZoneExit:FrontDesk,"[154,172,57,37]",0.96
2025-11-27T18:38:52.929347Z,CAM01,433252,1.2,0.98,1.6,ZoneEnter:Queue,"[165,151,34,47]",0.93
2025-11-27T18:38:52.929347Z,CAM01,433252,0.99,0.97,1.67,ZoneEnter:Desk:R2,"[91,270,55,58]",0.92
2025-11-27T18:40:08.508267Z,CAM02,436842,3.01,0.96,1.71,ZoneExit:FrontDesk,"[187,198,55,45]",0.99
2025-11-27T18:40:47.519020Z,CAM01,829368,1.79,1.0,1.67,ZoneEnter:Queue,"[100,318,33,55]",0.93
2025-11-27T18:40:47.519020Z,CAM01,829368,0.64,0.96,1.63,ZoneEnter:Desk:R1,"[111,281,55,56]",0.97
2025-11-27T18:41:36.438550Z,CAM01,783953,1.72,0.91,1.77,ZoneEnter:Queue,"[192,309,31,39]",0.9
2025-11-27T18:43:16.257928Z,CAM02,433252,3.05,0.9,1.59,ZoneExit:FrontDesk,"[109,263,63,50]",0.94
2025-11-27T18:43:16.257928Z,CAM01,783953,0.83,0.62,1.72,ZoneEnter:Desk:R2,"[87,160,54,51]",0.93
2025-11-27T18:46:12.706631Z,CAM01,347364,1.45,1.07,1.68,ZoneEnter:Queue,"[187,300,35,68]",0.9
2025-11-27T18:47:17.051879Z,CAM01,347364,0.91,0.95,1.73,ZoneEnter:Desk:R2,"[211,150,44,52]",0.96
2025-11-27T18:47:17.051879Z,CAM02,783953,3.18,0.99,1.72,ZoneExit:FrontDesk,"[201,298,50,54]",0.93
2025-11-27T18:47:36.865560Z,CAM02,829368,3.17,1.19,1.72,ZoneExit:FrontDesk,"[101,301,51,47]",0.96
2025-11-27T18:49:26.591655Z,CAM01,938297,1.6,0.83,1.59,ZoneEnter:Queue,"[151,155,50,46]",0.96
2025-11-27T18:49:26.591655Z,CAM01,938297,0.58,0.96,1.62,ZoneEnter:Desk:R1,"[158,194,45,38]",0.95
2025-11-27T18:50:33.385491Z,CAM01,225987,1.41,0.83,1.74,ZoneEnter:Queue,"[176,123,63,36]",0.91
2025-11-27T18:51:33.553392Z,CAM02,347364,3.45,1.01,1.63,ZoneExit:FrontDesk,"[117,252,45,47]",0.93
2025-11-27T18:51:33.553392Z,CAM01,225987,0.64,0.97,1.66,ZoneEnter:Desk:R2,"[173,145,57,53]",0.92
2025-11-27T18:51:38.091893Z,CAM01,356338,1.47,0.64,1.63,ZoneEnter:Queue,"[119,213,62,52]",0.93
2025-11-27T18:54:15.161692Z,CAM02,225987,3.62,0.81,1.46,ZoneExit:FrontDesk,"[148,163,68,41]",0.97
2025-11-27T18:54:15.161692Z,CAM01,356338,0.91,1.06,1.79,ZoneEnter:Desk:R2,"[170,234,37,34]",0.96
2025-11-27T18:56:02.047798Z,CAM01,367739,1.9,0.8,1.66,ZoneEnter:Queue,"[163,274,43,68]",0.99
2025-11-27T18:56:55.353709Z,CAM01,693747,2.17,1.07,1.63,ZoneEnter:Queue,"[172,207,56,63]",0.96
2025-11-27T18:57:36.071695Z,CAM02,356338,3.25,1.06,1.77,ZoneExit:FrontDesk,"[120,164,43,53]",0.92
2025-11-27T18:57:36.071695Z,CAM01,367739,0.81,0.96,1.58,ZoneEnter:Desk:R2,"[199,260,58,52]",0.93
2025-11-27T18:58:24.267505Z,CAM01,140363,2.0,0.91,1.61,ZoneEnter:Queue,"[219,289,31,69]",0.98
2025-11-27T18:58:46.753587Z,CAM02,938297,3.53,0.94,1.62,ZoneExit:FrontDesk,"[162,123,33,57]",0.98
2025-11-27T18:58:46.753587Z,CAM01,693747,0.66,0.91,1.75,ZoneEnter:Desk:R1,"[128,219,58,63]",0.95
2025-11-27T19:00:15.830879Z,CAM01,880045,1.54,0.84,1.53,ZoneEnter:Queue,"[197,292,47,34]",0.94
2025-11-27T19:02:11.319276Z,CAM01,140363,0.6,0.92,1.77,ZoneEnter:Desk:R2,"[87,313,54,42]",0.99
2025-11-27T19:02:11.319276Z,CAM02,367739,3.31,1.07,1.66,ZoneExit:FrontDesk,"[88,260,34,34]",0.96
2025-11-27T19:03:45.759052Z,CAM01,230055,1.57,0.96,1.48,ZoneEnter:Queue,"[190,146,52,30]",0.96
2025-11-27T19:05:00.898779Z,CAM02,140363,3.68,1.24,1.47,ZoneExit:FrontDesk,"[163,261,65,37]",0.99
2025-11-27T19:05:00.898779Z,CAM01,880045,0.76,0.94,1.88,ZoneEnter:Desk:R2,"[87,299,52,45]",0.97
2025-11-27T19:07:03.073121Z,CAM02,693747,2.61,0.9,1.79,ZoneExit:FrontDesk,"[85,221,39,55]",0.95
2025-11-27T19:07:03.073121Z,CAM01,230055,0.75,0.86,1.62,ZoneEnter:Desk:R1,"[153,287,51,55]",0.96
2025-11-27T19:07:12.871449Z,CAM01,108475,1.75,0.77,1.57,ZoneEnter:Queue,"[198,156,34,39]",0.99
2025-11-27T19:09:47.907519Z,CAM01,108475,0.47,1.02,1.72,ZoneEnter:Desk:R2,"[207,207,38,66]",0.96
2025-11-27T19:09:47.907519Z,CAM02,880045,2.83,0.92,1.74,ZoneExit:FrontDesk,"[182,274,53,62]",0.96
2025-11-27T19:13:07.508047Z,CAM02,108475,3.12,0.96,1.61,ZoneExit:FrontDesk,"[182,202,61,42]",0.92
2025-11-27T19:13:57.629364Z,CAM01,864574,1.5,0.66,1.73,ZoneEnter:Queue,"[82,192,45,31]",0.88
2025-11-27T19:13:57.629364Z,CAM01,864574,0.91,1.0,1.69,ZoneEnter:Desk:R2,"[172,256,42,48]",0.96
2025-11-27T19:15:48.064580Z,CAM02,230055,3.22,0.89,1.64,ZoneExit:FrontDesk,"[98,211,47,32]",0.99
2025-11-27T19:16:42.424155Z,CAM01,714728,1.47,1.0,1.72,ZoneEnter:Queue,"[93,228,40,33]",0.91
2025-11-27T19:16:42.424155Z,CAM01,714728,0.75,0.91,1.64,ZoneEnter:Desk:R1,"[201,310,65,62]",0.93
2025-11-27T19:18:15.805485Z,CAM02,864574,3.64,0.83,1.83,ZoneExit:FrontDesk,"[86,297,41,63]",0.95
2025-11-27T19:19:01.209246Z,CAM02,714728,3.39,0.91,1.63,ZoneExit:FrontDesk,"[209,220,57,34]",0.95
2025-11-27T19:20:08.991345Z,CAM01,267867,0.9,0.89,1.96,ZoneEnter:Desk:R2,"[207,164,49,60]",0.93
2025-11-27T19:20:08.991345Z,CAM01,267867,1.62,1.02,1.8,ZoneEnter:Queue,"[98,175,68,64]",0.95
2025-11-27T19:22:35.495610Z,CAM01,503920,1.75,0.66,1.72,ZoneEnter:Queue,"[146,128,68,43]",0.95
2025-11-27T19:22:35.495610Z,CAM01,503920,0.87,0.88,1.67,ZoneEnter:Desk:R1,"[195,213,46,45]",0.93
2025-11-27T19:24:58.060704Z,CAM01,804166,1.75,0.93,1.76,ZoneEnter:Queue,"[92,130,39,66]",0.98
2025-11-27T19:25:18.256284Z,CAM01,758119,1.63,0.84,1.63,ZoneEnter:Queue,"[215,236,69,31]",0.99
2025-11-27T19:26:32.913772Z,CAM02,503920,2.93,1.09,1.74,ZoneExit:FrontDesk,"[173,233,63,31]",0.94
2025-11-27T19:26:32.913772Z,CAM01,804166,0.75,0.82,1.5,ZoneEnter:Desk:R1,"[158,284,67,46]",0.95
2025-11-27T19:28:04.973612Z,CAM02,267867,3.49,1.02,1.66,ZoneExit:FrontDesk,"[122,271,67,43]",0.9
2025-11-27T19:28:04.973612Z,CAM01,758119,0.57,0.88,1.94,ZoneEnter:Desk:R2,"[121,259,49,49]",0.96
2025-11-27T19:28:10.377057Z,CAM01,762884,1.4,0.87,1.67,ZoneEnter:Queue,"[166,242,37,55]",0.9
2025-11-27T19:29:53.405149Z,CAM01,762884,0.64,1.02,1.74,ZoneEnter:Desk:R1,"[173,192,53,49]",0.97
2025-11-27T19:29:53.405149Z,CAM02,804166,3.07,1.25,1.42,ZoneExit:FrontDesk,"[198,121,43,54]",0.91
2025-11-27T19:31:25.817654Z,CAM01,282215,1.44,0.76,1.57,ZoneEnter:Queue,"[94,169,38,42]",0.99
2025-11-27T19:31:54.838379Z,CAM01,408388,1.41,0.94,1.58,ZoneEnter:Queue,"[109,299,55,41]",0.98
2025-11-27T19:32:31.125740Z,CAM02,758119,3.36,1.21,1.74,ZoneExit:FrontDesk,"[216,312,44,63]",0.94
2025-11-27T19:32:31.125740Z,CAM01,282215,0.83,0.75,1.65,ZoneEnter:Desk:R2,"[190,209,39,47]",0.99
2025-11-27T19:35:28.254235Z,CAM01,408388,0.95,1.07,1.6,ZoneEnter:Desk:R1,"[94,175,47,52]",0.94
2025-11-27T19:35:28.254235Z,CAM02,762884,4.22,1.2,1.62,ZoneExit:FrontDesk,"[198,272,36,31]",0.96
2025-11-27T19:38:46.717727Z,CAM02,408388,2.98,1.08,1.5,ZoneExit:FrontDesk,"[185,187,67,63]",0.99
2025-11-27T19:39:52.908788Z,CAM01,141937,1.64,0.99,1.63,ZoneEnter:Queue,"[207,215,44,38]",0.94
2025-11-27T19:39:52.908788Z,CAM01,141937,0.94,0.79,1.6,ZoneEnter:Desk:R1,"[207,144,65,59]",0.92
2025-11-27T19:39:59.842132Z,CAM01,673221,1.86,1.05,1.64,ZoneEnter:Queue,"[210,291,32,40]",0.99
2025-11-27T19:42:16.926938Z,CAM01,673221,1.07,0.9,1.67,ZoneEnter:Desk:R2,"[127,257,44,42]",0.97
2025-11-27T19:42:16.926938Z,CAM02,282215,2.73,1.14,1.79,ZoneExit:FrontDesk,"[164,240,64,45]",0.96
2025-11-27T19:43:25.863571Z,CAM01,545918,1.59,1.08,1.87,ZoneEnter:Queue,"[217,259,63,39]",0.96
2025-11-27T19:45:12.759729Z,CAM02,673221,3.53,1.35,1.69,ZoneExit:FrontDesk,"[92,179,44,53]",0.93
2025-11-27T19:45:12.759729Z,CAM01,545918,0.84,0.81,1.61,ZoneEnter:Desk:R2,"[119,178,38,34]",0.94
2025-11-27T19:45:33.806848Z,CAM01,644916,1.43,0.73,1.75,ZoneEnter:Queue,"[133,144,57,69]",0.9
2025-11-27T19:46:49.419025Z,CAM01,428799,1.74,0.78,1.46,ZoneEnter:Queue,"[193,309,57,54]",0.94
2025-11-27T19:49:11.795884Z,CAM02,141937,3.26,1.21,1.59,ZoneExit:FrontDesk,"[166,218,52,50]",0.9
2025-11-27T19:49:11.795884Z,CAM01,644916,0.84,0.98,1.68,ZoneEnter:Desk:R1,"[111,227,39,42]",0.97
2025-11-27T19:49:36.747542Z,CAM02,545918,3.34,1.02,1.79,ZoneExit:FrontDesk,"[118,293,44,59]",0.92
2025-11-27T19:49:36.747542Z,CAM01,428799,0.62,1.01,1.57,ZoneEnter:Desk:R2,"[113,305,31,48]",0.92
2025-11-27T19:50:18.729052Z,CAM01,425419,1.74,0.92,1.74,ZoneEnter:Queue,"[147,211,43,34]",0.95
2025-11-27T19:52:22.889754Z,CAM01,151457,2.16,0.86,1.67,ZoneEnter:Queue,"[136,220,38,62]",0.94
2025-11-27T19:54:05.274094Z,CAM01,425419,0.64,0.9,1.59,ZoneEnter:Desk:R2,"[189,170,42,57]",0.94
2025-11-27T19:54:05.274094Z,CAM02,428799,3.22,1.11,1.44,ZoneExit:FrontDesk,"[211,291,47,63]",0.96
2025-11-27T19:54:40.888115Z,CAM01,151919,1.72,0.82,1.73,ZoneEnter:Queue,"[116,208,37,47]",0.96
2025-11-27T19:55:09.382138Z,CAM02,644916,3.1,1.09,1.77,ZoneExit:FrontDesk,"[85,139,47,30]",0.94
2025-11-27T19:55:09.382138Z,CAM01,151457,0.71,0.92,1.71,ZoneEnter:Desk:R1,"[169,176,44,49]",0.94
2025-11-27T19:56:53.686757Z,CAM01,151919,0.89,1.05,1.63,ZoneEnter:Desk:R2,"[105,290,63,63]",0.94
2025-11-27T19:56:53.686757Z,CAM02,425419,3.12,1.13,1.6,ZoneExit:FrontDesk,"[137,175,30,63]",0.99
2025-11-27T19:57:22.384217Z,CAM01,340831,1.3,1.01,1.59,ZoneEnter:Queue,"[203,156,65,35]",0.97
2025-11-27T19:58:50.362393Z,CAM01,340831,0.71,0.98,1.57,ZoneEnter:Desk:R1,"[84,205,69,44]",0.95
2025-11-27T19:58:50.362393Z,CAM02,151457,3.4,1.14,1.63,ZoneExit:FrontDesk,"[161,225,34,64]",0.97
2025-11-27T19:59:36.461587Z,CAM01,166442,1.34,1.03,1.6,ZoneEnter:Queue,"[193,164,61,30]",0.97
2025-11-27T19:59:43.681442Z,CAM02,151919,3.17,1.21,1.75,ZoneExit:FrontDesk,"[141,204,31,56]",0.99
2025-11-27T19:59:43.681442Z,CAM01,166442,0.67,1.0,1.57,ZoneEnter:Desk:R2,"[152,189,52,33]",0.9
2025-11-27T20:03:20.457215Z,CAM01,718204,1.97,0.75,1.5,ZoneEnter:Queue,"[138,151,47,33]",0.92
2025-11-27T20:05:17.273042Z,CAM01,327934,1.56,0.75,1.55,ZoneEnter:Queue,"[100,283,64,39]",0.89
2025-11-27T20:05:51.179661Z,CAM02,166442,2.96,1.1,1.66,ZoneExit:FrontDesk,"[103,188,37,49]",0.86
2025-11-27T20:05:51.179661Z,CAM01,718204,0.8,0.92,1.76,ZoneEnter:Desk:R2,"[213,174,45,64]",0.94
2025-11-27T20:07:31.520596Z,CAM01,327934,0.78,0.73,1.67,ZoneEnter:Desk:R2,"[169,246,65,61]",0.95
2025-11-27T20:07:31.520596Z,CAM02,718204,3.42,0.96,1.74,ZoneExit:FrontDesk,"[168,163,69,43]",0.96
2025-11-27T20:08:14.587067Z,CAM02,340831,3.41,1.16,1.7,ZoneExit:FrontDesk,"[187,285,31,61]",0.97
2025-11-27T20:15:59.009728Z,CAM02,327934,3.21,1.19,1.54,ZoneExit:FrontDesk,"[113,191,47,42]",0.99
2025-11-27T20:24:02.380995Z,CAM01,183020,1.77,0.67,1.66,ZoneEnter:Queue,"[200,160,63,67]",0.97
2025-11-27T20:24:02.380995Z,CAM01,183020,0.94,0.89,1.73,ZoneEnter:Desk:R1,"[185,182,59,40]",0.92
2025-11-27T20:26:42.436225Z,CAM02,183020,2.89,1.13,1.6,ZoneExit:FrontDesk,"[142,223,49,67]",0.9
2025-11-27T20:45:23.064027Z,CAM01,954639,1.63,0.91,1.41,ZoneEnter:Queue,"[104,143,54,42]",0.99
2025-11-27T20:45:23.064027Z,CAM01,954639,0.83,0.92,1.75,ZoneEnter:Desk:R2,"[130,188,57,65]",0.96
2025-11-27T20:45:32.295869Z,CAM01,311097,1.9,0.86,1.8,ZoneEnter:Queue,"[204,249,49,40]",0.97
2025-11-27T20:45:32.295869Z,CAM01,311097,0.96,0.66,1.74,ZoneEnter:Desk:R1,"[126,298,59,37]",0.99
2025-11-27T20:48:26.728272Z,CAM02,311097,3.6,1.05,1.65,ZoneExit:FrontDesk,"[113,172,54,47]",0.93
2025-11-27T20:51:36.666418Z,CAM02,954639,3.5,1.06,1.72,ZoneExit:FrontDesk,"[182,275,34,61]",0.92
2025-11-27T21:01:16.034576Z,CAM01,657874,1.61,0.94,1.55,ZoneEnter:Queue,"[152,241,58,47]",0.97
2025-11-27T21:01:16.034576Z,CAM01,657874,0.59,0.86,1.45,ZoneEnter:Desk:R1,"[137,251,50,31]",0.92
2025-11-27T21:06:11.455608Z,CAM02,657874,3.1,1.03,1.71,ZoneExit:FrontDesk,"[219,129,40,68]",0.97
2025-11-27T21:54:49.188593Z,CAM01,211393,1.17,0.85,1.58,ZoneEnter:Desk:R2,"[134,305,30,40]",0.94
2025-11-27T21:54:49.188593Z,CAM01,211393,1.92,1.05,1.76,ZoneEnter:Queue,"[153,152,54,34]",0.99
2025-11-27T21:59:21.288667Z,CAM02,211393,2.99,0.96,1.6,ZoneExit:FrontDesk,"[218,137,58,52]",0.96
2025-11-28T08:06:57.920140Z,CAM01,466537,1.91,0.9,1.75,ZoneEnter:Queue,"[197,156,60,60]",0.89
2025-11-28T08:06:57.920140Z,CAM01,466537,0.66,0.76,1.59,ZoneEnter:Desk:R1,"[212,264,37,52]",0.86
2025-11-28T08:08:30.375945Z,CAM01,291753,1.42,0.91,1.64,ZoneEnter:Queue,"[185,281,45,43]",0.95
2025-11-28T08:08:30.375945Z,CAM01,291753,0.72,0.86,1.71,ZoneEnter:Desk:R2,"[87,252,66,45]",0.97
2025-11-28T08:10:35.655671Z,CAM01,859085,1.77,0.96,1.62,ZoneEnter:Queue,"[211,233,52,44]",0.94
2025-11-28T08:10:50.357754Z,CAM02,466537,3.22,0.93,1.58,ZoneExit:FrontDesk,"[219,154,30,33]",0.91
2025-11-28T08:10:50.357754Z,CAM01,859085,0.84,0.92,1.65,ZoneEnter:Desk:R1,"[164,256,59,40]",0.93
2025-11-28T08:11:09.594480Z,CAM02,291753,3.07,1.02,1.73,ZoneExit:FrontDesk,"[90,149,62,56]",0.93
2025-11-28T08:14:00.135363Z,CAM01,397755,2.01,0.82,1.77,ZoneEnter:Queue,"[127,288,48,47]",0.97
2025-11-28T08:14:00.135363Z,CAM01,397755,0.67,0.95,1.65,ZoneEnter:Desk:R2,"[213,261,42,66]",0.93
2025-11-28T08:14:52.800991Z,CAM02,859085,3.35,1.02,1.63,ZoneExit:FrontDesk,"[214,181,46,42]",0.96
2025-11-28T08:16:59.133469Z,CAM02,397755,2.76,1.09,1.68,ZoneExit:FrontDesk,"[195,166,67,60]",0.99
2025-11-28T08:53:57.967580Z,CAM01,588476,1.5,0.89,1.75,ZoneEnter:Queue,"[151,151,38,64]",0.91
2025-11-28T08:53:57.967580Z,CAM01,588476,0.82,1.0,1.84,ZoneEnter:Desk:R1,"[216,244,47,59]",0.99
2025-11-28T08:57:29.963114Z,CAM01,939361,2.08,1.16,1.62,ZoneEnter:Queue,"[213,282,49,35]",0.94
2025-11-28T08:57:29.963114Z,CAM01,939361,0.85,0.99,1.65,ZoneEnter:Desk:R2,"[140,287,61,51]",0.92
2025-11-28T08:59:14.299636Z,CAM02,588476,3.26,1.02,1.59,ZoneExit:FrontDesk,"[124,243,50,57]",0.99
2025-11-28T09:01:47.159341Z,CAM02,939361,3.56,1.37,1.62,ZoneExit:FrontDesk,"[172,249,59,62]",0.97
2025-11-28T09:02:42.912780Z,CAM01,612671,1.49,0.82,1.61,ZoneEnter:Queue,"[170,234,51,38]",0.99
2025-11-28T09:02:42.912780Z,CAM01,612671,0.55,0.89,1.69,ZoneEnter:Desk:R1,"[87,134,48,48]",0.95
2025-11-28T09:05:53.691739Z,CAM02,612671,3.21,1.24,1.64,ZoneExit:FrontDesk,"[150,260,31,33]",0.95
2025-11-28T09:11:13.615240Z,CAM01,892706,1.71,0.69,1.82,ZoneEnter:Queue,"[160,193,69,51]",0.96
2025-11-28T09:11:13.615240Z,CAM01,892706,0.8,0.95,1.55,ZoneEnter:Desk:R2,"[121,274,58,47]",0.96
2025-11-28T09:15:45.163326Z,CAM02,892706,3.07,1.11,1.58,ZoneExit:FrontDesk,"[168,236,40,30]",0.95
2025-11-28T09:20:01.825051Z,CAM01,534943,0.95,0.94,1.78,ZoneEnter:Desk:R1,"[104,246,34,53]",0.95
2025-11-28T09:20:01.825051Z,CAM01,534943,1.84,0.8,1.78,ZoneEnter:Queue,"[126,242,46,58]",0.96
2025-11-28T09:21:11.244673Z,CAM01,918002,1.83,0.78,1.57,ZoneEnter:Queue,"[157,318,45,53]",0.88
2025-11-28T09:21:11.244673Z,CAM01,918002,0.59,0.81,1.61,ZoneEnter:Desk:R2,"[150,203,38,45]",0.9
2025-11-28T09:23:39.254980Z,CAM02,918002,2.95,1.16,1.75,ZoneExit:FrontDesk,"[87,124,55,56]",0.94
2025-11-28T09:27:57.868688Z,CAM02,534943,2.94,0.89,1.66,ZoneExit:FrontDesk,"[209,195,42,56]",0.93
2025-11-28T09:37:03.519065Z,CAM01,497303,1.35,0.65,1.6,ZoneEnter:Queue,"[129,161,52,30]",0.98
2025-11-28T09:37:03.519065Z,CAM01,497303,0.88,0.84,1.44,ZoneEnter:Desk:R2,"[143,266,33,40]",0.89
2025-11-28T09:40:46.610640Z,CAM01,779912,1.19,0.9,1.56,ZoneEnter:Desk:R1,"[117,224,65,65]",0.96
2025-11-28T09:40:46.610640Z,CAM01,779912,2.02,0.84,1.71,ZoneEnter:Queue,"[199,214,61,30]",0.97
2025-11-28T09:41:23.529497Z,CAM02,497303,2.78,1.1,1.68,ZoneExit:FrontDesk,"[161,190,43,41]",0.99
2025-11-28T09:46:20.017553Z,CAM02,779912,3.54,0.96,1.56,ZoneExit:FrontDesk,"[154,246,43,67]",0.94
2025-11-28T09:51:44.009396Z,CAM01,582656,1.44,0.81,1.69,ZoneEnter:Queue,"[182,142,42,62]",0.93
2025-11-28T09:51:44.009396Z,CAM01,582656,0.73,0.91,1.64,ZoneEnter:Desk:R2,"[81,126,62,68]",0.99
2025-11-28T09:54:45.136223Z,CAM02,582656,2.86,1.25,1.79,ZoneExit:FrontDesk,"[104,181,38,56]",0.95
2025-11-28T09:56:25.592809Z,CAM01,223025,2.24,0.74,1.53,ZoneEnter:Queue,"[145,172,50,52]",0.95
2025-11-28T09:56:25.592809Z,CAM01,223025,0.99,0.8,1.66,ZoneEnter:Desk:R1,"[169,166,40,57]",0.94
2025-11-28T09:59:58.676072Z,CAM02,223025,3.13,1.2,1.62,ZoneExit:FrontDesk,"[158,279,44,46]",0.95
2025-11-28T10:04:31.121921Z,CAM01,974758,2.18,0.74,1.71,ZoneEnter:Queue,"[154,151,31,69]",0.94
2025-11-28T10:04:31.121921Z,CAM01,974758,0.48,0.78,1.54,ZoneEnter:Desk:R2,"[181,286,50,61]",0.97
2025-11-28T10:08:06.166796Z,CAM02,974758,3.56,1.19,1.76,ZoneExit:FrontDesk,"[218,284,34,50]",0.99
2025-11-28T10:16:35.472751Z,CAM01,365186,1.86,0.72,1.57,ZoneEnter:Queue,"[193,146,46,66]",0.99
2025-11-28T10:16:35.472751Z,CAM01,365186,0.44,1.04,1.65,ZoneEnter:Desk:R1,"[210,289,46,43]",0.96
2025-11-28T10:20:24.445607Z,CAM02,365186,2.81,1.04,1.67,ZoneExit:FrontDesk,"[159,142,33,54]",0.99
2025-11-28T10:25:07.095877Z,CAM01,220324,2.26,1.01,1.7,ZoneEnter:Queue,"[86,255,51,56]",0.99
2025-11-28T10:25:07.095877Z,CAM01,220324,0.88,0.78,1.72,ZoneEnter:Desk:R2,"[126,231,56,44]",0.98
2025-11-28T10:27:49.218126Z,CAM02,220324,3.3,1.05,1.53,ZoneExit:FrontDesk,"[215,212,69,36]",0.93
2025-11-28T10:41:04.544747Z,CAM01,469096,1.97,0.85,1.63,ZoneEnter:Queue,"[207,187,62,43]",0.94
2025-11-28T10:41:04.544747Z,CAM01,469096,0.7,0.88,1.68,ZoneEnter:Desk:R1,"[172,192,58,66]",0.93
2025-11-28T10:44:46.273971Z,CAM02,469096,3.56,1.2,1.61,ZoneExit:FrontDesk,"[127,182,48,41]",0.96
2025-11-28T10:54:33.596877Z,CAM01,594959,1.19,0.73,1.75,ZoneEnter:Queue,"[120,277,56,68]",0.99
2025-11-28T10:54:33.596877Z,CAM01,594959,0.62,0.91,1.81,ZoneEnter:Desk:R2,"[96,184,63,31]",0.92
2025-11-28T10:58:21.677063Z,CAM02,594959,3.02,1.13,1.73,ZoneExit:FrontDesk,"[175,302,39,62]",0.96
2025-11-28T11:00:28.541742Z,CAM01,785861,1.26,0.74,1.74,ZoneEnter:Queue,"[100,132,60,41]",0.92
2025-11-28T11:00:28.541742Z,CAM01,785861,0.9,0.93,1.71,ZoneEnter:Desk:R1,"[174,294,60,39]",0.93
2025-11-28T11:04:20.566403Z,CAM01,398956,2.09,0.7,1.47,ZoneEnter:Queue,"[95,304,57,60]",0.99
2025-11-28T11:04:20.566403Z,CAM01,398956,0.72,0.93,1.62,ZoneEnter:Desk:R2,"[215,260,54,68]",0.97
2025-11-28T11:04:48.743810Z,CAM02,785861,2.86,0.96,1.7,ZoneExit:FrontDesk,"[145,188,54,45]",0.91
2025-11-28T11:06:57.862247Z,CAM02,398956,3.55,1.2,1.62,ZoneExit:FrontDesk,"[98,168,69,47]",0.95
2025-11-28T11:06:58.830113Z,CAM01,134110,0.74,0.97,1.76,ZoneEnter:Desk:R1,"[117,276,43,65]",0.95
2025-11-28T11:06:58.830113Z,CAM01,134110,1.45,0.83,1.56,ZoneEnter:Queue,"[118,220,46,45]",0.98
2025-11-28T11:10:28.548697Z,CAM01,285597,1.58,0.9,1.65,ZoneEnter:Queue,"[159,291,41,35]",0.94
2025-11-28T11:10:28.548697Z,CAM01,285597,0.96,0.99,1.79,ZoneEnter:Desk:R2,"[128,180,60,46]",0.97
2025-11-28T11:11:51.078941Z,CAM02,134110,2.89,1.37,1.55,ZoneExit:FrontDesk,"[153,250,48,69]",0.96
2025-11-28T11:12:51.458608Z,CAM01,633525,1.37,0.79,1.62,ZoneEnter:Queue,"[179,129,54,51]",0.98
2025-11-28T11:12:51.458608Z,CAM01,633525,0.83,0.8,1.59,ZoneEnter:Desk:R1,"[159,160,64,59]",0.95
2025-11-28T11:13:11.874017Z,CAM02,285597,3.21,1.35,1.77,ZoneExit:FrontDesk,"[143,168,48,35]",0.9
2025-11-28T11:13:12.122331Z,CAM01,984432,1.43,0.81,1.63,ZoneEnter:Queue,"[199,303,57,53]",0.92
2025-11-28T11:13:12.122331Z,CAM01,984432,0.68,0.94,1.53,ZoneEnter:Desk:R2,"[112,168,65,30]",0.98
2025-11-28T11:13:18.611891Z,CAM01,283459,2.01,0.88,1.54,ZoneEnter:Queue,"[99,216,46,35]",0.93
2025-11-28T11:13:59.145836Z,CAM01,170785,1.27,0.96,1.69,ZoneEnter:Queue,"[113,247,57,30]",0.99
2025-11-28T11:17:39.770806Z,CAM01,461977,1.84,0.97,1.5,ZoneEnter:Queue,"[150,203,63,61]",0.96
2025-11-28T11:18:22.811916Z,CAM02,984432,3.12,0.85,1.7,ZoneExit:FrontDesk,"[86,143,32,62]",0.99
2025-11-28T11:18:22.811916Z,CAM01,283459,0.81,0.97,1.82,ZoneEnter:Desk:R2,"[181,210,32,60]",0.9
2025-11-28T11:19:08.883810Z,CAM01,167036,1.29,0.76,1.65,ZoneEnter:Queue,"[145,164,48,45]",0.92
2025-11-28T11:19:27.059441Z,CAM01,170785,0.73,0.82,1.83,ZoneEnter:Desk:R1,"[152,152,55,66]",0.94
2025-11-28T11:19:27.059441Z,CAM02,633525,2.92,1.01,1.63,ZoneExit:FrontDesk,"[175,144,42,65]",0.93
2025-11-28T11:21:55.718126Z,CAM02,283459,3.82,0.92,1.49,ZoneExit:FrontDesk,"[198,234,69,50]",0.94
2025-11-28T11:21:55.718126Z,CAM01,461977,0.99,1.06,1.73,ZoneEnter:Desk:R2,"[115,173,63,52]",0.92
2025-11-28T11:23:26.886030Z,CAM02,170785,2.84,1.24,1.71,ZoneExit:FrontDesk,"[127,184,53,45]",0.96
2025-11-28T11:23:26.886030Z,CAM01,167036,0.79,0.82,1.47,ZoneEnter:Desk:R1,"[108,153,54,46]",0.92
2025-11-28T11:25:20.640859Z,CAM02,461977,3.17,1.33,1.56,ZoneExit:FrontDesk,"[207,205,36,48]",0.99
2025-11-28T11:27:58.730070Z,CAM01,173777,2.0,1.01,1.87,ZoneEnter:Queue,"[166,188,32,53]",0.96
2025-11-28T11:27:58.730070Z,CAM01,173777,0.76,0.96,1.57,ZoneEnter:Desk:R2,"[204,254,35,45]",0.99
2025-11-28T11:29:00.213386Z,CAM02,167036,3.31,1.11,1.57,ZoneExit:FrontDesk,"[132,131,61,41]",0.98
2025-11-28T11:29:57.240189Z,CAM02,173777,2.96,1.32,1.63,ZoneExit:FrontDesk,"[206,164,61,31]",0.92
2025-11-28T11:30:58.980060Z,CAM01,845101,1.97,0.91,1.6,ZoneEnter:Queue,"[97,145,43,69]",0.98
2025-11-28T11:30:58.980060Z,CAM01,845101,0.74,0.92,1.67,ZoneEnter:Desk:R1,"[96,144,55,67]",0.93
2025-11-28T11:32:11.483798Z,CAM01,988715,0.93,0.87,1.6,ZoneEnter:Desk:R2,"[182,123,48,63]",0.9
2025-11-28T11:32:11.483798Z,CAM01,988715,1.28,0.74,1.8,ZoneEnter:Queue,"[215,178,54,30]",0.92
2025-11-28T11:35:15.423892Z,CAM01,552160,1.77,1.08,1.6,ZoneEnter:Queue,"[122,222,37,36]",0.97
2025-11-28T11:35:52.081214Z,CAM01,170450,1.45,0.75,1.6,ZoneEnter:Queue,"[92,160,35,47]",0.94
2025-11-28T11:36:38.198387Z,CAM01,318207,1.39,0.94,1.68,ZoneEnter:Queue,"[150,130,67,52]",0.91
2025-11-28T11:37:24.658176Z,CAM02,845101,3.71,1.04,1.95,ZoneExit:FrontDesk,"[142,316,48,38]",0.99
2025-11-28T11:37:24.658176Z,CAM01,552160,0.94,0.79,1.64,ZoneEnter:Desk:R1,"[198,251,46,65]",0.92
2025-11-28T11:40:20.795956Z,CAM01,251678,1.58,0.79,1.78,ZoneEnter:Queue,"[131,294,54,62]",0.95
2025-11-28T11:40:52.167143Z,CAM01,175011,2.07,0.88,1.52,ZoneEnter:Queue,"[114,222,31,64]",0.96
2025-11-28T11:41:08.072881Z,CAM02,988715,3.32,1.24,1.55,ZoneExit:FrontDesk,"[150,141,49,53]",0.98
2025-11-28T11:41:08.072881Z,CAM01,170450,0.76,0.98,1.79,ZoneEnter:Desk:R2,"[131,284,53,59]",0.89
2025-11-28T11:41:25.965113Z,CAM01,841294,1.34,1.0,1.65,ZoneEnter:Queue,"[182,296,32,69]",0.94
2025-11-28T11:42:35.023710Z,CAM01,357199,1.6,0.67,1.46,ZoneEnter:Queue,"[116,181,63,46]",0.96
2025-11-28T11:43:30.457076Z,CAM01,989572,1.93,1.15,1.63,ZoneEnter:Queue,"[122,173,32,35]",0.94
2025-11-28T11:43:55.610262Z,CAM02,170450,3.46,1.07,1.62,ZoneExit:FrontDesk,"[207,278,68,44]",0.92
2025-11-28T11:43:55.610262Z,CAM01,318207,0.85,1.12,1.89,ZoneEnter:Desk:R2,"[205,291,63,34]",0.91
2025-11-28T11:44:39.633495Z,CAM01,251678,0.88,0.83,1.68,ZoneEnter:Desk:R1,"[128,150,36,45]",0.95
2025-11-28T11:44:39.633495Z,CAM02,552160,3.48,1.15,1.68,ZoneExit:FrontDesk,"[183,277,68,33]",0.95
2025-11-28T11:46:22.282937Z,CAM02,318207,3.26,0.92,1.58,ZoneExit:FrontDesk,"[155,149,39,46]",0.96
2025-11-28T11:46:22.282937Z,CAM01,175011,1.09,1.05,1.3,ZoneEnter:Desk:R2,"[127,182,35,37]",0.94
2025-11-28T11:47:13.018892Z,CAM01,337983,1.66,0.99,1.58,ZoneEnter:Queue,"[83,200,50,69]",0.93
2025-11-28T11:47:14.321661Z,CAM01,176817,1.7,1.0,1.69,ZoneEnter:Queue,"[141,292,40,54]",0.93
2025-11-28T11:47:28.595639Z,CAM01,291357,2.0,0.93,1.68,ZoneEnter:Queue,"[202,151,59,61]",0.93
2025-11-28T11:49:38.127806Z,CAM01,264663,1.22,0.78,1.56,ZoneEnter:Queue,"[87,188,33,44]",0.93
2025-11-28T11:51:40.544799Z,CAM01,841294,0.58,0.82,1.88,ZoneEnter:Desk:R1,"[142,243,62,39]",0.93
2025-11-28T11:51:40.544799Z,CAM02,251678,3.66,1.07,1.88,ZoneExit:FrontDesk,"[129,277,61,45]",0.89
2025-11-28T11:54:50.017542Z,CAM02,175011,3.19,1.19,1.61,ZoneExit:FrontDesk,"[197,272,41,61]",0.99
2025-11-28T11:54:50.017542Z,CAM01,357199,0.62,0.98,1.71,ZoneEnter:Desk:R2,"[186,312,54,44]",0.99
2025-11-28T11:56:48.404040Z,CAM01,550379,1.97,0.83,1.58,ZoneEnter:Queue,"[93,171,55,34]",0.91
2025-11-28T11:57:42.813936Z,CAM01,989572,1.02,0.91,1.72,ZoneEnter:Desk:R1,"[121,244,30,39]",0.92
2025-11-28T11:57:42.813936Z,CAM02,841294,3.38,1.11,1.74,ZoneExit:FrontDesk,"[151,153,67,32]",0.85
2025-11-28T11:58:50.976814Z,CAM02,357199,3.04,0.91,1.74,ZoneExit:FrontDesk,"[190,290,67,31]",0.94
2025-11-28T11:58:50.976814Z,CAM01,337983,0.93,0.92,1.59,ZoneEnter:Desk:R2,"[196,220,34,35]",0.95
2025-11-28T11:59:53.621071Z,CAM01,458603,2.02,0.94,1.6,ZoneEnter:Queue,"[200,235,64,49]",0.96
2025-11-28T12:00:11.426890Z,CAM01,124707,1.32,0.79,1.8,ZoneEnter:Queue,"[210,242,62,62]",0.94
2025-11-28T12:01:44.534270Z,CAM01,856084,1.66,0.84,1.6,ZoneEnter:Queue,"[95,214,51,59]",0.89
2025-11-28T12:02:24.926944Z,CAM01,176817,0.97,0.97,1.56,ZoneEnter:Desk:R2,"[180,264,33,31]",0.96
2025-11-28T12:02:24.926944Z,CAM02,337983,3.39,1.16,1.55,ZoneExit:FrontDesk,"[180,273,67,56]",0.99
2025-11-28T12:03:30.733859Z,CAM01,381620,1.46,0.83,1.7,ZoneEnter:Queue,"[118,226,35,69]",0.97
2025-11-28T12:04:08.396575Z,CAM01,348849,2.05,0.82,1.73,ZoneEnter:Queue,"[215,224,35,36]",0.98
2025-11-28T12:04:16.136863Z,CAM01,702034,1.49,0.75,1.62,ZoneEnter:Queue,"[217,161,34,44]",0.96
2025-11-28T12:05:13.474148Z,CAM01,291357,0.77,0.97,1.55,ZoneEnter:Desk:R2,"[157,251,56,62]",0.96
2025-11-28T12:05:13.474148Z,CAM02,176817,3.05,1.2,1.77,ZoneExit:FrontDesk,"[154,289,50,41]",0.98
2025-11-28T12:05:51.713264Z,CAM01,264663,0.53,0.96,1.83,ZoneEnter:Desk:R1,"[179,132,54,44]",0.99
2025-11-28T12:05:51.713264Z,CAM02,989572,3.19,1.08,1.95,ZoneExit:FrontDesk,"[154,286,54,62]",0.93
2025-11-28T12:08:08.591373Z,CAM01,411168,1.36,0.78,1.73,ZoneEnter:Queue,"[182,153,48,61]",0.96
2025-11-28T12:08:13.618766Z,CAM01,170993,1.53,1.02,1.61,ZoneEnter:Queue,"[151,233,39,33]",0.93
2025-11-28T12:08:41.125663Z,CAM01,924450,1.79,0.74,1.61,ZoneEnter:Queue,"[181,176,68,31]",0.98
2025-11-28T12:08:45.374534Z,CAM01,385568,1.86,0.94,1.55,ZoneEnter:Queue,"[100,168,41,36]",0.98
2025-11-28T12:08:56.405573Z,CAM01,996499,1.78,0.96,1.61,ZoneEnter:Queue,"[203,189,55,32]",0.99
2025-11-28T12:10:29.592627Z,CAM01,952024,1.36,1.04,1.52,ZoneEnter:Queue,"[186,255,45,46]",0.91
2025-11-28T12:10:29.759792Z,CAM01,641079,1.73,0.79,1.64,ZoneEnter:Queue,"[178,160,57,36]",0.97
2025-11-28T12:11:09.047009Z,CAM01,550379,0.75,1.0,1.78,ZoneEnter:Desk:R1,"[184,269,57,33]",0.99
2025-11-28T12:11:09.047009Z,CAM02,264663,3.78,1.38,1.62,ZoneExit:FrontDesk,"[88,175,54,34]",0.95
2025-11-28T12:12:44.292543Z,CAM01,204367,1.22,0.89,1.71,ZoneEnter:Queue,"[202,121,31,55]",0.96
2025-11-28T12:13:22.215751Z,CAM01,458603,0.98,0.93,1.61,ZoneEnter:Desk:R2,"[197,259,56,38]",0.92
2025-11-28T12:13:22.215751Z,CAM02,291357,3.3,1.08,1.66,ZoneExit:FrontDesk,"[81,230,42,45]",0.96
2025-11-28T12:13:34.796737Z,CAM01,224819,1.32,0.71,1.73,ZoneEnter:Queue,"[102,195,51,59]",0.91
2025-11-28T12:17:15.076743Z,CAM01,124707,0.95,0.94,1.67,ZoneEnter:Desk:R2,"[205,231,68,66]",0.99
2025-11-28T12:17:15.076743Z,CAM02,458603,3.23,1.25,1.67,ZoneExit:FrontDesk,"[169,155,31,47]",0.96
2025-11-28T12:17:37.366628Z,CAM01,856084,0.78,0.93,1.72,ZoneEnter:Desk:R1,"[183,308,55,50]",0.94
2025-11-28T12:17:37.366628Z,CAM02,550379,3.09,1.25,1.4,ZoneExit:FrontDesk,"[82,303,66,50]",0.99
2025-11-28T12:18:36.849225Z,CAM01,676074,1.77,0.9,1.63,ZoneEnter:Queue,"[184,273,64,36]",0.98
2025-11-28T12:18:58.145318Z,CAM01,769915,1.81,0.79,1.48,ZoneEnter:Queue,"[129,271,49,30]",0.97
2025-11-28T12:20:22.388673Z,CAM02,856084,3.48,1.27,1.69,ZoneExit:FrontDesk,"[203,183,59,35]",0.97
2025-11-28T12:20:22.388673Z,CAM01,381620,0.87,0.86,1.67,ZoneEnter:Desk:R1,"[127,249,36,62]",0.91
2025-11-28T12:21:33.970351Z,CAM01,348849,0.69,0.9,1.66,ZoneEnter:Desk:R2,"[208,219,66,52]",0.95
2025-11-28T12:21:33.970351Z,CAM02,124707,3.54,0.99,1.73,ZoneExit:FrontDesk,"[127,132,60,62]",0.99
2025-11-28T12:21:48.235050Z,CAM01,972538,1.7,0.79,1.5,ZoneEnter:Queue,"[125,165,54,56]",0.99
2025-11-28T12:24:03.952389Z,CAM01,702034,0.82,0.94,1.77,ZoneEnter:Desk:R2,"[142,298,52,46]",0.96
2025-11-28T12:24:03.952389Z,CAM02,348849,3.22,1.05,1.56,ZoneExit:FrontDesk,"[165,214,67,55]",0.93
2025-11-28T12:25:00.249487Z,CAM01,541437,2.03,0.84,1.57,ZoneEnter:Queue,"[155,200,31,68]",0.97
2025-11-28T12:25:23.150887Z,CAM01,576138,1.7,0.99,1.73,ZoneEnter:Queue,"[195,276,64,65]",0.94
2025-11-28T12:25:37.736224Z,CAM01,858102,2.02,0.85,1.65,ZoneEnter:Queue,"[143,176,42,38]",0.98
2025-11-28T12:25:44.104183Z,CAM02,381620,3.4,1.15,1.71,ZoneExit:FrontDesk,"[142,241,60,32]",0.96
2025-11-28T12:25:44.104183Z,CAM01,411168,0.75,1.01,1.76,ZoneEnter:Desk:R1,"[83,200,32,45]",0.9
2025-11-28T12:25:50.354829Z,CAM01,388558,1.21,0.88,1.66,ZoneEnter:Queue,"[99,200,44,62]",0.99
2025-11-28T12:27:29.140353Z,CAM01,526276,1.26,1.02,1.65,ZoneEnter:Queue,"[124,157,55,68]",0.96
2025-11-28T12:28:00.243485Z,CAM01,159821,1.68,0.87,1.7,ZoneEnter:Queue,"[195,139,40,63]",0.93
2025-11-28T12:28:35.808391Z,CAM01,164833,1.62,0.95,1.72,ZoneEnter:Queue,"[146,207,47,62]",0.93
2025-11-28T12:28:37.498729Z,CAM02,702034,3.11,1.04,1.75,ZoneExit:FrontDesk,"[108,129,42,34]",0.92
2025-11-28T12:28:37.498729Z,CAM01,170993,0.89,0.93,1.59,ZoneEnter:Desk:R2,"[193,195,63,44]",0.93
2025-11-28T12:30:44.509201Z,CAM02,411168,3.0,0.75,1.49,ZoneExit:FrontDesk,"[206,122,42,49]",0.96
2025-11-28T12:30:44.509201Z,CAM01,924450,0.76,0.98,1.68,ZoneEnter:Desk:R1,"[120,162,60,44]",0.98
2025-11-28T12:33:54.016388Z,CAM02,170993,3.46,1.01,1.58,ZoneExit:FrontDesk,"[195,216,65,47]",0.98
2025-11-28T12:33:54.016388Z,CAM01,385568,1.08,1.01,1.73,ZoneEnter:Desk:R2,"[94,150,54,55]",0.92
2025-11-28T12:34:56.971703Z,CAM02,924450,3.47,0.88,1.61,ZoneExit:FrontDesk,"[218,225,68,59]",0.94
2025-11-28T12:34:56.971703Z,CAM01,996499,0.77,0.78,1.47,ZoneEnter:Desk:R1,"[84,180,69,46]",0.9
2025-11-28T12:35:16.821893Z,CAM01,298153,1.74,1.0,1.64,ZoneEnter:Queue,"[88,240,56,37]",0.89
2025-11-28T12:35:46.816040Z,CAM01,114426,1.83,0.73,1.8,ZoneEnter:Queue,"[113,171,51,69]",0.94
2025-11-28T12:37:32.538266Z,CAM02,385568,3.53,1.22,1.59,ZoneExit:FrontDesk,"[84,297,57,40]",0.99
2025-11-28T12:37:32.538266Z,CAM01,952024,0.8,1.01,1.58,ZoneEnter:Desk:R2,"[209,286,40,43]",0.94
2025-11-28T12:40:40.566308Z,CAM01,609151,1.36,0.85,1.61,ZoneEnter:Queue,"[219,229,46,47]",0.95
2025-11-28T12:41:05.369596Z,CAM01,641079,0.7,0.88,1.61,ZoneEnter:Desk:R1,"[98,175,45,34]",0.95
2025-11-28T12:41:05.369596Z,CAM02,996499,3.44,1.14,1.76,ZoneExit:FrontDesk,"[118,311,35,52]",0.93
2025-11-28T12:44:16.371208Z,CAM02,952024,3.12,1.39,1.52,ZoneExit:FrontDesk,"[216,187,57,47]",0.99
2025-11-28T12:44:16.371208Z,CAM01,204367,0.51,0.96,1.6,ZoneEnter:Desk:R2,"[96,120,60,69]",0.98
2025-11-28T12:44:28.244978Z,CAM01,224819,0.74,0.84,1.54,ZoneEnter:Desk:R1,"[91,313,64,48]",0.95
2025-11-28T12:44:28.244978Z,CAM02,641079,3.27,1.22,1.63,ZoneExit:FrontDesk,"[134,216,45,43]",0.9
2025-11-28T12:44:32.019838Z,CAM01,916332,2.01,0.82,1.67,ZoneEnter:Queue,"[124,247,54,59]",0.96
2025-11-28T12:44:50.411989Z,CAM01,365813,2.05,0.78,1.51,ZoneEnter:Queue,"[130,159,55,67]",0.95
2025-11-28T12:45:38.580219Z,CAM01,435450,1.77,0.71,1.48,ZoneEnter:Queue,"[155,275,53,52]",0.95
2025-11-28T12:48:22.662438Z,CAM02,224819,2.73,0.89,1.49,ZoneExit:FrontDesk,"[113,211,49,62]",0.92
2025-11-28T12:48:22.662438Z,CAM01,676074,0.78,0.86,1.72,ZoneEnter:Desk:R1,"[163,149,58,50]",0.91
2025-11-28T12:48:32.123699Z,CAM02,204367,3.5,1.35,1.48,ZoneExit:FrontDesk,"[140,265,36,44]",0.96
2025-11-28T12:48:32.123699Z,CAM01,769915,0.89,0.83,1.63,ZoneEnter:Desk:R2,"[135,223,42,37]",0.99
2025-11-28T12:49:12.042523Z,CAM01,543380,1.75,0.8,1.63,ZoneEnter:Queue,"[166,220,55,40]",0.95
2025-11-28T12:50:05.277599Z,CAM01,539089,1.8,0.92,1.6,ZoneEnter:Queue,"[88,213,31,56]",0.96
2025-11-28T12:51:05.234405Z,CAM01,972538,0.91,0.95,1.71,ZoneEnter:Desk:R1,"[202,206,47,62]",0.93
2025-11-28T12:51:05.234405Z,CAM02,676074,2.94,1.33,1.78,ZoneExit:FrontDesk,"[183,297,49,38]",0.97
2025-11-28T12:51:23.145922Z,CAM01,680475,1.81,0.92,1.71,ZoneEnter:Queue,"[178,181,63,43]",0.97
2025-11-28T12:51:26.765623Z,CAM02,769915,3.11,1.06,1.81,ZoneExit:FrontDesk,"[207,273,39,38]",0.98
2025-11-28T12:51:26.765623Z,CAM01,541437,0.8,0.81,1.66,ZoneEnter:Desk:R2,"[88,227,48,62]",0.94
2025-11-28T12:56:03.554728Z,CAM01,576138,0.7,0.98,1.58,ZoneEnter:Desk:R1,"[140,212,66,62]",0.96
2025-11-28T12:56:03.554728Z,CAM02,972538,2.95,1.2,1.54,ZoneExit:FrontDesk,"[188,314,31,44]",0.99
2025-11-28T12:56:27.947120Z,CAM01,707139,1.76,0.79,1.51,ZoneEnter:Queue,"[82,245,44,33]",0.97
2025-11-28T12:57:21.371838Z,CAM01,858102,0.93,0.7,1.51,ZoneEnter:Desk:R2,"[183,207,54,41]",0.97
2025-11-28T12:57:21.371838Z,CAM02,541437,3.42,1.1,1.63,ZoneExit:FrontDesk,"[128,286,68,66]",0.94
2025-11-28T12:57:57.100707Z,CAM01,388558,0.63,0.88,1.53,ZoneEnter:Desk:R1,"[104,196,41,31]",0.96
2025-11-28T12:57:57.100707Z,CAM02,576138,2.73,1.11,1.58,ZoneExit:FrontDesk,"[126,297,47,57]",0.96
2025-11-28T13:01:30.308004Z,CAM01,494380,1.96,0.91,1.55,ZoneEnter:Queue,"[114,138,68,53]",0.96
2025-11-28T13:01:32.223889Z,CAM01,329848,2.1,0.78,1.67,ZoneEnter:Queue,"[217,221,46,34]",0.89
2025-11-28T13:02:18.448744Z,CAM01,526276,0.77,0.82,1.72,ZoneEnter:Desk:R2,"[160,141,41,65]",0.97
2025-11-28T13:02:18.448744Z,CAM02,858102,2.71,1.27,1.63,ZoneExit:FrontDesk,"[210,133,48,55]",0.95
2025-11-28T13:02:19.702703Z,CAM02,388558,3.24,1.0,1.53,ZoneExit:FrontDesk,"[199,233,35,54]",0.94
2025-11-28T13:02:19.702703Z,CAM01,159821,0.83,0.93,1.43,ZoneEnter:Desk:R1,"[143,154,33,52]",0.94
2025-11-28T13:02:44.038763Z,CAM01,116842,1.61,0.63,1.72,ZoneEnter:Queue,"[195,199,32,32]",0.92
2025-11-28T13:04:18.852086Z,CAM01,501967,1.32,0.9,1.66,ZoneEnter:Queue,"[150,269,49,52]",0.95
2025-11-28T13:05:06.349103Z,CAM01,219451,2.14,0.85,1.71,ZoneEnter:Queue,"[130,167,66,52]",0.96
2025-11-28T13:05:21.692911Z,CAM01,138309,1.57,0.74,1.65,ZoneEnter:Queue,"[219,126,61,67]",0.93
2025-11-28T13:06:27.812349Z,CAM01,164833,1.03,0.76,1.42,ZoneEnter:Desk:R2,"[135,143,34,37]",0.95
2025-11-28T13:06:27.812349Z,CAM02,526276,2.69,1.15,1.61,ZoneExit:FrontDesk,"[146,212,52,59]",0.94
2025-11-28T13:07:31.624580Z,CAM01,491311,1.97,0.84,1.46,ZoneEnter:Queue,"[142,304,63,49]",0.99
2025-11-28T13:08:17.307292Z,CAM01,770647,1.87,0.85,1.61,ZoneEnter:Queue,"[195,144,40,60]",0.91
2025-11-28T13:09:20.575648Z,CAM01,348520,1.63,0.88,1.7,ZoneEnter:Queue,"[116,265,45,52]",0.95
2025-11-28T13:11:02.010214Z,CAM01,298153,0.79,0.64,1.73,ZoneEnter:Desk:R1,"[116,135,59,40]",0.93
2025-11-28T13:11:02.010214Z,CAM02,159821,3.56,1.17,1.65,ZoneExit:FrontDesk,"[100,258,39,54]",0.94
2025-11-28T13:11:06.677782Z,CAM01,809479,1.84,0.91,1.39,ZoneEnter:Queue,"[119,228,62,67]",0.91
2025-11-28T13:11:41.444778Z,CAM02,164833,3.43,1.13,1.73,ZoneExit:FrontDesk,"[168,207,46,49]",0.98
2025-11-28T13:11:41.444778Z,CAM01,114426,0.88,0.93,1.68,ZoneEnter:Desk:R2,"[116,246,53,32]",0.96
2025-11-28T13:11:54.170384Z,CAM01,504733,1.4,0.64,1.77,ZoneEnter:Queue,"[218,188,46,47]",0.95
2025-11-28T13:12:33.948470Z,CAM01,381692,1.87,0.82,1.71,ZoneEnter:Queue,"[101,170,37,58]",0.94
2025-11-28T13:13:04.078681Z,CAM01,407404,1.71,0.9,1.68,ZoneEnter:Queue,"[88,311,58,41]",0.95
2025-11-28T13:15:31.022222Z,CAM02,114426,2.84,1.25,1.54,ZoneExit:FrontDesk,"[173,143,58,61]",0.91
2025-11-28T13:15:31.022222Z,CAM01,609151,0.54,0.87,1.51,ZoneEnter:Desk:R2,"[219,304,41,62]",0.96
2025-11-28T13:15:59.621040Z,CAM01,340692,1.95,0.89,1.5,ZoneEnter:Queue,"[81,203,38,66]",0.9
2025-11-28T13:16:18.639724Z,CAM01,134610,1.62,0.87,1.63,ZoneEnter:Queue,"[165,264,51,57]",0.95
2025-11-28T13:16:42.134290Z,CAM01,800072,1.97,0.96,1.91,ZoneEnter:Queue,"[121,309,57,35]",0.98
2025-11-28T13:16:55.919482Z,CAM01,916332,0.79,1.01,1.67,ZoneEnter:Desk:R1,"[129,142,51,32]",0.93
2025-11-28T13:16:55.919482Z,CAM02,298153,2.94,1.1,1.53,ZoneExit:FrontDesk,"[81,158,67,53]",0.93
2025-11-28T13:20:20.561036Z,CAM02,609151,2.84,0.82,1.68,ZoneExit:FrontDesk,"[134,302,66,54]",0.92
2025-11-28T13:20:20.561036Z,CAM01,365813,1.03,1.01,1.76,ZoneEnter:Desk:R2,"[88,135,35,65]",0.98
2025-11-28T13:20:24.618548Z,CAM01,977336,1.53,1.0,1.58,ZoneEnter:Queue,"[215,313,39,33]",0.95
2025-11-28T13:23:14.771848Z,CAM01,761176,1.74,0.83,1.74,ZoneEnter:Queue,"[108,227,42,56]",0.96
2025-11-28T13:24:05.075091Z,CAM01,435450,0.71,1.03,1.66,ZoneEnter:Desk:R2,"[169,176,34,44]",0.97
2025-11-28T13:24:05.075091Z,CAM02,365813,3.02,1.01,1.63,ZoneExit:FrontDesk,"[178,258,39,38]",0.93
2025-11-28T13:24:14.381568Z,CAM01,216628,1.22,1.12,1.64,ZoneEnter:Queue,"[178,174,51,46]",0.93
2025-11-28T13:24:16.449112Z,CAM01,543380,1.02,0.81,1.48,ZoneEnter:Desk:R1,"[97,241,30,54]",0.92
2025-11-28T13:24:16.449112Z,CAM02,916332,2.99,0.87,1.8,ZoneExit:FrontDesk,"[191,298,59,46]",0.92
2025-11-28T13:25:05.058995Z,CAM01,238569,1.37,0.84,1.69,ZoneEnter:Queue,"[159,309,53,52]",0.93
2025-11-28T13:27:36.405662Z,CAM01,757577,1.67,0.72,1.75,ZoneEnter:Queue,"[131,139,51,63]",0.94
2025-11-28T13:28:33.548875Z,CAM02,543380,3.4,0.9,1.59,ZoneExit:FrontDesk,"[193,170,32,54]",0.94
2025-11-28T13:28:33.548875Z,CAM01,539089,0.97,0.81,1.71,ZoneEnter:Desk:R1,"[217,286,43,31]",0.95
2025-11-28T13:29:22.677495Z,CAM01,703444,1.73,0.8,1.75,ZoneEnter:Queue,"[108,124,31,53]",0.91
2025-11-28T13:29:45.642793Z,CAM01,480915,2.08,0.75,1.72,ZoneEnter:Queue,"[144,203,57,62]",0.92
2025-11-28T13:30:17.541327Z,CAM01,680475,0.92,0.86,1.56,ZoneEnter:Desk:R2,"[165,203,48,35]",0.96
2025-11-28T13:30:17.541327Z,CAM02,435450,3.24,1.04,1.79,ZoneExit:FrontDesk,"[148,133,61,51]",0.95
2025-11-28T13:32:22.042208Z,CAM01,695467,1.62,0.97,1.65,ZoneEnter:Queue,"[120,237,38,42]",0.97
2025-11-28T13:34:08.065680Z,CAM01,707139,0.95,0.86,1.56,ZoneEnter:Desk:R1,"[173,253,55,39]",0.92
2025-11-28T13:34:08.065680Z,CAM02,539089,2.74,1.17,1.43,ZoneExit:FrontDesk,"[201,186,62,44]",0.97
2025-11-28T13:36:41.009233Z,CAM02,707139,3.01,1.12,1.59,ZoneExit:FrontDesk,"[171,319,55,46]",0.99
2025-11-28T13:36:41.009233Z,CAM01,494380,0.8,0.98,1.67,ZoneEnter:Desk:R1,"[177,270,47,54]",0.96
2025-11-28T13:36:43.988266Z,CAM01,329848,0.71,0.71,1.67,ZoneEnter:Desk:R2,"[101,196,52,35]",0.99
2025-11-28T13:36:43.988266Z,CAM02,680475,3.03,0.61,1.66,ZoneExit:FrontDesk,"[209,311,69,44]",0.95
2025-11-28T13:37:23.195623Z,CAM01,489698,1.74,0.89,1.67,ZoneEnter:Queue,"[163,306,50,31]",0.96
2025-11-28T13:37:31.456660Z,CAM01,731832,1.72,0.52,1.68,ZoneEnter:Queue,"[119,221,44,67]",0.99
2025-11-28T13:37:44.064228Z,CAM01,529219,1.33,0.82,1.78,ZoneEnter:Queue,"[141,313,47,68]",0.92
2025-11-28T13:39:05.818674Z,CAM02,329848,2.96,1.2,1.68,ZoneExit:FrontDesk,"[132,265,61,42]",0.94
2025-11-28T13:39:05.818674Z,CAM01,116842,0.98,0.99,1.7,ZoneEnter:Desk:R2,"[177,303,34,56]",0.89
2025-11-28T13:40:34.088384Z,CAM01,760311,1.5,0.82,1.54,ZoneEnter:Queue,"[217,256,69,54]",0.99
2025-11-28T13:41:56.566242Z,CAM01,153452,2.13,0.89,1.67,ZoneEnter:Queue,"[173,288,61,36]",0.95
2025-11-28T13:42:43.033049Z,CAM01,359743,1.55,0.67,1.87,ZoneEnter:Queue,"[164,207,47,69]",0.95
2025-11-28T13:42:59.195571Z,CAM01,501967,0.74,0.82,1.66,ZoneEnter:Desk:R2,"[168,267,66,63]",0.96
2025-11-28T13:42:59.195571Z,CAM02,116842,3.51,1.35,1.8,ZoneExit:FrontDesk,"[123,179,31,60]",0.99
2025-11-28T13:43:30.985948Z,CAM02,494380,3.31,1.09,1.55,ZoneExit:FrontDesk,"[149,239,64,42]",0.99
2025-11-28T13:43:30.985948Z,CAM01,219451,0.71,0.97,1.64,ZoneEnter:Desk:R1,"[94,255,48,41]",0.88
2025-11-28T13:45:09.491133Z,CAM01,996316,1.02,0.78,1.72,ZoneEnter:Queue,"[104,286,33,54]",0.96
2025-11-28T13:46:48.097965Z,CAM01,134269,1.86,0.91,1.49,ZoneEnter:Queue,"[105,249,69,39]",0.99
2025-11-28T13:47:40.797702Z,CAM01,337783,1.99,0.94,1.52,ZoneEnter:Queue,"[105,263,53,58]",0.94
2025-11-28T13:48:01.584462Z,CAM02,219451,3.22,1.04,1.79,ZoneExit:FrontDesk,"[133,245,34,62]",0.94
2025-11-28T13:48:01.584462Z,CAM01,138309,0.75,0.84,1.68,ZoneEnter:Desk:R1,"[122,258,59,65]",0.96
2025-11-28T13:48:38.693163Z,CAM01,491311,1.06,0.96,1.67,ZoneEnter:Desk:R2,"[197,319,42,48]",0.99
2025-11-28T13:48:38.693163Z,CAM02,501967,3.26,1.34,1.78,ZoneExit:FrontDesk,"[154,122,57,49]",0.96
2025-11-28T13:50:33.016596Z,CAM02,138309,3.57,1.03,1.73,ZoneExit:FrontDesk,"[171,155,57,69]",0.88
2025-11-28T13:50:33.016596Z,CAM01,770647,0.69,1.03,1.79,ZoneEnter:Desk:R1,"[136,294,53,60]",0.99
2025-11-28T13:51:34.384658Z,CAM01,770885,1.57,0.89,1.66,ZoneEnter:Queue,"[122,315,52,43]",0.93
2025-11-28T13:51:42.234082Z,CAM01,973649,1.1,0.87,1.45,ZoneEnter:Queue,"[213,253,63,61]",0.96
2025-11-28T13:52:09.171725Z,CAM01,780818,1.6,0.74,1.68,ZoneEnter:Queue,"[119,247,65,33]",0.98
2025-11-28T13:52:59.680453Z,CAM01,348520,0.59,0.84,1.81,ZoneEnter:Desk:R2,"[219,195,34,51]",0.97
2025-11-28T13:52:59.680453Z,CAM02,491311,2.85,0.91,1.76,ZoneExit:FrontDesk,"[92,183,47,51]",0.9
2025-11-28T13:54:36.416024Z,CAM01,809479,0.75,1.0,1.51,ZoneEnter:Desk:R1,"[109,122,40,53]",0.96
2025-11-28T13:54:36.416024Z,CAM02,770647,2.86,1.13,1.84,ZoneExit:FrontDesk,"[218,148,62,58]",0.96
2025-11-28T13:54:58.146891Z,CAM01,173478,1.52,0.73,1.59,ZoneEnter:Queue,"[80,121,61,61]",0.98
2025-11-28T13:57:21.027361Z,CAM01,504733,0.66,0.8,1.59,ZoneEnter:Desk:R2,"[214,244,60,52]",0.94
2025-11-28T13:57:21.027361Z,CAM02,348520,3.39,1.08,1.74,ZoneExit:FrontDesk,"[158,287,35,46]",0.98
2025-11-28T13:58:04.656810Z,CAM01,892603,1.61,0.82,1.68,ZoneEnter:Queue,"[150,137,68,60]",0.99
2025-11-28T13:59:37.106003Z,CAM01,400666,1.54,0.96,1.8,ZoneEnter:Queue,"[120,128,63,54]",0.97
2025-11-28T14:00:15.936445Z,CAM02,809479,2.6,0.89,1.73,ZoneExit:FrontDesk,"[120,174,53,41]",0.98
2025-11-28T14:00:15.936445Z,CAM01,381692,0.78,0.96,1.67,ZoneEnter:Desk:R1,"[183,287,62,33]",0.97
2025-11-28T14:00:17.918855Z,CAM01,335323,1.83,0.68,1.65,ZoneEnter:Queue,"[201,157,36,45]",0.91
2025-11-28T14:03:34.407106Z,CAM01,380088,1.72,0.86,1.74,ZoneEnter:Queue,"[210,212,40,45]",0.94
2025-11-28T14:04:34.554644Z,CAM01,563855,1.63,0.85,1.62,ZoneEnter:Queue,"[142,200,55,33]",0.99
2025-11-28T14:04:54.531127Z,CAM01,407404,0.76,0.96,1.49,ZoneEnter:Desk:R2,"[89,204,61,60]",0.93
2025-11-28T14:04:54.531127Z,CAM02,504733,3.39,1.12,1.68,ZoneExit:FrontDesk,"[83,131,61,67]",0.95
2025-11-28T14:06:52.664782Z,CAM02,381692,3.91,0.97,1.67,ZoneExit:FrontDesk,"[136,138,46,35]",0.95
2025-11-28T14:06:52.664782Z,CAM01,340692,0.7,0.8,1.73,ZoneEnter:Desk:R1,"[119,195,49,42]",0.96
2025-11-28T14:07:15.914692Z,CAM01,134610,0.76,0.78,1.71,ZoneEnter:Desk:R2,"[162,280,32,56]",0.93
2025-11-28T14:07:15.914692Z,CAM02,407404,3.11,1.27,1.66,ZoneExit:FrontDesk,"[207,229,59,65]",0.93
2025-11-28T14:09:27.425499Z,CAM01,278314,1.74,0.81,1.52,ZoneEnter:Queue,"[122,237,67,33]",0.99
2025-11-28T14:10:00.823955Z,CAM01,800072,0.73,0.9,1.61,ZoneEnter:Desk:R2,"[165,292,41,33]",0.99
2025-11-28T14:10:00.823955Z,CAM02,134610,3.59,0.96,1.68,ZoneExit:FrontDesk,"[117,149,69,38]",0.94
2025-11-28T14:10:51.438815Z,CAM01,244698,1.25,0.56,1.62,ZoneEnter:Queue,"[212,313,48,34]",0.92
2025-11-28T14:10:59.946184Z,CAM01,438145,2.07,0.98,1.68,ZoneEnter:Queue,"[216,318,64,52]",0.93
2025-11-28T14:14:10.945012Z,CAM01,502514,1.79,0.95,1.62,ZoneEnter:Queue,"[200,290,53,32]",0.99
2025-11-28T14:14:59.204813Z,CAM02,800072,2.99,1.06,1.5,ZoneExit:FrontDesk,"[162,131,67,45]",0.93
2025-11-28T14:14:59.204813Z,CAM01,977336,0.92,0.84,1.81,ZoneEnter:Desk:R2,"[96,153,43,48]",0.94
2025-11-28T14:15:35.347357Z,CAM01,528649,1.69,0.9,1.63,ZoneEnter:Queue,"[193,199,44,35]",0.92
2025-11-28T14:16:08.736276Z,CAM01,878266,1.61,0.85,1.61,ZoneEnter:Queue,"[177,307,35,41]",0.97
2025-11-28T14:16:16.208067Z,CAM02,340692,3.68,1.06,1.71,ZoneExit:FrontDesk,"[136,273,38,42]",0.94
2025-11-28T14:16:16.208067Z,CAM01,761176,0.76,0.81,1.66,ZoneEnter:Desk:R1,"[135,307,64,57]",0.98
2025-11-28T14:16:52.285856Z,CAM01,417177,1.61,0.81,1.71,ZoneEnter:Queue,"[182,198,52,66]",0.96
2025-11-28T14:17:28.861067Z,CAM01,216628,0.96,0.92,1.6,ZoneEnter:Desk:R2,"[136,217,54,67]",0.94
2025-11-28T14:17:28.861067Z,CAM02,977336,3.1,1.35,1.7,ZoneExit:FrontDesk,"[146,261,41,68]",0.96
2025-11-28T14:19:40.324728Z,CAM01,322591,2.14,0.76,1.68,ZoneEnter:Queue,"[88,175,38,35]",0.93
2025-11-28T14:21:15.144987Z,CAM01,908428,1.67,1.03,1.77,ZoneEnter:Queue,"[92,130,55,38]",0.95
2025-11-28T14:21:17.907064Z,CAM01,238569,0.79,0.9,1.35,ZoneEnter:Desk:R1,"[129,152,55,52]",0.93
2025-11-28T14:21:17.907064Z,CAM02,761176,3.49,1.17,1.48,ZoneExit:FrontDesk,"[164,235,59,47]",0.98
2025-11-28T14:21:42.642261Z,CAM01,505440,1.35,0.87,1.54,ZoneEnter:Queue,"[109,158,52,61]",0.95
2025-11-28T14:21:55.217355Z,CAM01,782095,1.56,0.76,1.74,ZoneEnter:Queue,"[138,218,48,36]",0.94
2025-11-28T14:21:56.494301Z,CAM01,559232,1.8,0.65,1.69,ZoneEnter:Queue,"[153,194,34,57]",0.95
2025-11-28T14:22:37.208476Z,CAM01,757577,0.97,0.93,1.61,ZoneEnter:Desk:R2,"[191,264,35,45]",0.88
2025-11-28T14:22:37.208476Z,CAM02,216628,3.71,1.13,1.7,ZoneExit:FrontDesk,"[219,241,44,68]",0.88
2025-11-28T14:23:56.159625Z,CAM01,703444,0.81,1.01,1.64,ZoneEnter:Desk:R1,"[144,313,65,49]",0.95
2025-11-28T14:23:56.159625Z,CAM02,238569,3.67,0.96,1.9,ZoneExit:FrontDesk,"[212,290,51,34]",0.98
2025-11-28T14:24:17.087965Z,CAM01,250320,2.19,0.95,1.6,ZoneEnter:Queue,"[86,147,63,68]",0.99
2025-11-28T14:24:53.636562Z,CAM01,205975,1.95,0.94,1.8,ZoneEnter:Queue,"[148,159,51,69]",0.97
2025-11-28T14:25:33.883546Z,CAM01,332760,1.94,0.7,1.59,ZoneEnter:Queue,"[142,127,60,59]",0.97
2025-11-28T14:26:40.388313Z,CAM01,991785,1.51,0.88,1.47,ZoneEnter:Queue,"[132,195,68,55]",0.95
2025-11-28T14:27:02.369992Z,CAM01,480915,0.64,0.87,1.6,ZoneEnter:Desk:R2,"[209,217,36,37]",0.96
2025-11-28T14:27:02.369992Z,CAM02,757577,2.59,0.82,1.76,ZoneExit:FrontDesk,"[149,171,30,31]",0.97
2025-11-28T14:27:10.380936Z,CAM01,818148,1.53,0.85,1.49,ZoneEnter:Queue,"[209,229,65,68]",0.94
2025-11-28T14:27:24.558070Z,CAM01,713622,1.84,1.0,1.63,ZoneEnter:Queue,"[131,145,67,32]",0.92
2025-11-28T14:28:13.712637Z,CAM02,703444,2.91,1.03,1.88,ZoneExit:FrontDesk,"[83,216,36,32]",0.99
2025-11-28T14:28:13.712637Z,CAM01,695467,0.78,1.0,1.47,ZoneEnter:Desk:R1,"[144,130,40,68]",0.99
2025-11-28T14:28:25.006788Z,CAM01,577280,1.97,0.85,1.64,ZoneEnter:Queue,"[203,223,49,54]",0.94
2025-11-28T14:28:39.686351Z,CAM01,989013,1.68,0.7,1.73,ZoneEnter:Queue,"[111,218,62,32]",0.9
2025-11-28T14:29:27.625156Z,CAM01,526277,1.47,0.64,1.44,ZoneEnter:Queue,"[110,177,55,49]",0.97
2025-11-28T14:30:31.471944Z,CAM01,410281,1.37,0.73,1.6,ZoneEnter:Queue,"[209,293,44,35]",0.98
2025-11-28T14:31:03.046437Z,CAM01,489698,0.6,0.95,1.61,ZoneEnter:Desk:R1,"[204,275,42,63]",0.95
2025-11-28T14:31:03.046437Z,CAM02,695467,3.21,1.03,1.52,ZoneExit:FrontDesk,"[135,259,39,44]",0.94
2025-11-28T14:34:40.763593Z,CAM01,401697,1.73,0.82,1.77,ZoneEnter:Queue,"[211,226,53,34]",0.9
2025-11-28T14:34:48.350272Z,CAM02,480915,3.19,1.04,1.65,ZoneExit:FrontDesk,"[152,234,39,67]",0.92
2025-11-28T14:34:48.350272Z,CAM01,731832,0.82,0.77,1.47,ZoneEnter:Desk:R2,"[121,225,41,69]",0.99
2025-11-28T14:35:02.929703Z,CAM02,489698,3.0,1.26,1.68,ZoneExit:FrontDesk,"[144,176,43,32]",0.95
2025-11-28T14:35:02.929703Z,CAM01,529219,0.71,1.06,1.55,ZoneEnter:Desk:R1,"[162,201,56,61]",0.92
2025-11-28T14:37:18.455821Z,CAM01,526141,1.59,0.71,1.67,ZoneEnter:Queue,"[167,305,50,66]",0.96
2025-11-28T14:37:55.424458Z,CAM02,731832,2.98,1.17,1.89,ZoneExit:FrontDesk,"[188,312,53,44]",0.93
2025-11-28T14:37:55.424458Z,CAM01,760311,0.85,0.85,1.63,ZoneEnter:Desk:R2,"[83,208,45,65]",0.94
2025-11-28T14:38:04.325476Z,CAM01,179228,1.68,0.98,1.7,ZoneEnter:Queue,"[161,315,55,37]",0.96
2025-11-28T14:41:15.883617Z,CAM01,153452,0.51,0.91,1.83,ZoneEnter:Desk:R1,"[201,184,57,57]",0.97
2025-11-28T14:41:15.883617Z,CAM02,529219,3.08,1.27,1.53,ZoneExit:FrontDesk,"[137,290,38,57]",0.92
2025-11-28T14:41:17.082880Z,CAM01,116234,1.88,0.67,1.66,ZoneEnter:Queue,"[115,151,51,47]",0.89
2025-11-28T14:42:45.596531Z,CAM01,915664,1.65,0.65,1.57,ZoneEnter:Queue,"[213,183,53,50]",0.99
2025-11-28T14:42:50.442804Z,CAM01,223131,1.03,0.81,1.67,ZoneEnter:Queue,"[215,300,47,32]",0.89
2025-11-28T14:43:20.175649Z,CAM02,760311,3.18,0.96,1.75,ZoneExit:FrontDesk,"[139,182,41,43]",0.91
2025-11-28T14:43:20.175649Z,CAM01,359743,0.71,0.9,1.64,ZoneEnter:Desk:R2,"[217,173,41,65]",0.93
2025-11-28T14:43:21.462330Z,CAM01,446331,1.68,0.63,1.64,ZoneEnter:Queue,"[177,242,54,48]",0.89
2025-11-28T14:44:20.192585Z,CAM01,295651,1.95,0.89,1.65,ZoneEnter:Queue,"[203,247,31,36]",0.93
2025-11-28T14:45:08.888800Z,CAM01,777618,1.5,0.72,1.62,ZoneEnter:Queue,"[138,285,49,58]",0.94
2025-11-28T14:45:45.552923Z,CAM02,153452,3.7,1.17,1.25,ZoneExit:FrontDesk,"[195,221,52,63]",0.93
2025-11-28T14:45:45.552923Z,CAM01,996316,0.65,0.83,1.6,ZoneEnter:Desk:R1,"[109,258,48,41]",0.94
2025-11-28T14:45:57.156864Z,CAM01,305903,1.71,0.88,1.52,ZoneEnter:Queue,"[211,177,41,42]",0.93
2025-11-28T14:48:35.919474Z,CAM02,359743,2.89,1.34,1.8,ZoneExit:FrontDesk,"[206,197,65,44]",0.94
2025-11-28T14:48:35.919474Z,CAM01,134269,0.73,0.85,1.46,ZoneEnter:Desk:R2,"[159,294,41,51]",0.99
2025-11-28T14:50:38.480734Z,CAM01,337783,0.93,1.03,1.57,ZoneEnter:Desk:R2,"[127,319,37,64]",0.94
2025-11-28T14:50:38.480734Z,CAM02,134269,3.21,0.94,1.64,ZoneExit:FrontDesk,"[110,148,48,45]",0.99
2025-11-28T14:53:24.477395Z,CAM01,770885,0.79,1.02,1.5,ZoneEnter:Desk:R1,"[119,162,33,40]",0.96
2025-11-28T14:53:24.477395Z,CAM02,996316,2.85,1.16,1.68,ZoneExit:FrontDesk,"[112,241,33,67]",0.95
2025-11-28T14:54:02.238780Z,CAM01,436386,2.05,1.01,1.76,ZoneEnter:Queue,"[161,223,32,45]",0.98
2025-11-28T14:55:18.806653Z,CAM01,796072,1.79,0.87,1.61,ZoneEnter:Queue,"[103,177,31,36]",0.97
2025-11-28T14:55:25.049291Z,CAM02,337783,2.8,1.16,1.61,ZoneExit:FrontDesk,"[167,171,54,67]",0.98
2025-11-28T14:55:25.049291Z,CAM01,973649,0.78,1.03,1.28,ZoneEnter:Desk:R2,"[147,120,57,48]",0.99
2025-11-28T14:55:36.671675Z,CAM01,251564,1.68,0.77,1.55,ZoneEnter:Queue,"[156,145,62,66]",0.95
2025-11-28T14:56:07.203532Z,CAM01,207435,1.8,0.86,1.6,ZoneEnter:Queue,"[149,254,44,64]",0.98
2025-11-28T14:56:58.119712Z,CAM01,794545,2.24,0.94,1.62,ZoneEnter:Queue,"[200,193,66,68]",0.97
2025-11-28T14:58:35.314564Z,CAM02,770885,3.3,1.2,1.66,ZoneExit:FrontDesk,"[181,131,37,52]",0.98
2025-11-28T14:58:35.314564Z,CAM01,780818,0.96,0.84,1.63,ZoneEnter:Desk:R1,"[120,319,44,40]",0.93
2025-11-28T14:58:38.514086Z,CAM01,440708,1.87,0.82,1.53,ZoneEnter:Queue,"[196,283,42,35]",0.92
2025-11-28T15:01:47.171013Z,CAM02,973649,3.52,1.24,1.75,ZoneExit:FrontDesk,"[110,248,62,69]",0.94
2025-11-28T15:01:47.171013Z,CAM01,173478,0.8,0.97,1.58,ZoneEnter:Desk:R2,"[134,148,49,39]",0.92
2025-11-28T15:06:15.611521Z,CAM01,892603,0.76,0.98,1.69,ZoneEnter:Desk:R1,"[130,314,48,53]",0.99
2025-11-28T15:06:15.611521Z,CAM02,780818,3.63,0.86,1.68,ZoneExit:FrontDesk,"[196,143,52,61]",0.99
2025-11-28T15:06:32.660887Z,CAM02,173478,3.04,0.74,1.58,ZoneExit:FrontDesk,"[201,291,41,55]",0.94
2025-11-28T15:06:32.660887Z,CAM01,400666,1.07,0.77,1.62,ZoneEnter:Desk:R2,"[114,217,62,64]",0.92
2025-11-28T15:08:46.860111Z,CAM02,400666,3.2,1.04,1.77,ZoneExit:FrontDesk,"[139,295,66,49]",0.94
2025-11-28T15:08:46.860111Z,CAM01,335323,0.63,0.88,1.62,ZoneEnter:Desk:R2,"[115,182,56,62]",0.99
2025-11-28T15:11:20.976236Z,CAM02,892603,3.69,1.29,1.74,ZoneExit:FrontDesk,"[146,220,48,63]",0.99
2025-11-28T15:11:20.976236Z,CAM01,380088,0.74,0.89,1.75,ZoneEnter:Desk:R1,"[210,162,53,48]",0.96
2025-11-28T15:12:00.941182Z,CAM01,738200,1.42,0.77,1.64,ZoneEnter:Queue,"[193,171,42,62]",0.95
2025-11-28T15:14:23.388213Z,CAM02,380088,3.03,1.19,1.52,ZoneExit:FrontDesk,"[120,153,40,55]",0.94
2025-11-28T15:14:23.388213Z,CAM01,563855,1.1,0.87,1.75,ZoneEnter:Desk:R1,"[101,289,58,34]",0.93
2025-11-28T15:14:56.580309Z,CAM01,196487,1.92,0.71,1.72,ZoneEnter:Queue,"[85,138,62,66]",0.97
2025-11-28T15:16:56.953640Z,CAM01,948342,1.03,1.01,1.42,ZoneEnter:Queue,"[129,163,46,32]",0.91
2025-11-28T15:17:32.044508Z,CAM01,278314,0.94,0.82,1.82,ZoneEnter:Desk:R2,"[83,228,48,34]",0.96
2025-11-28T15:17:32.044508Z,CAM02,335323,3.11,1.21,1.66,ZoneExit:FrontDesk,"[93,290,60,34]",0.92
2025-11-28T15:18:24.316963Z,CAM02,563855,3.16,1.17,1.52,ZoneExit:FrontDesk,"[175,296,69,64]",0.94
2025-11-28T15:18:24.316963Z,CAM01,244698,0.98,0.94,1.63,ZoneEnter:Desk:R1,"[121,264,67,69]",0.97
2025-11-28T15:21:22.873701Z,CAM01,385188,1.76,1.04,1.85,ZoneEnter:Queue,"[135,247,49,45]",0.94
2025-11-28T15:21:51.533637Z,CAM02,278314,2.46,0.78,1.67,ZoneExit:FrontDesk,"[216,271,31,54]",0.92
2025-11-28T15:21:51.533637Z,CAM01,438145,0.91,0.93,1.36,ZoneEnter:Desk:R2,"[84,161,59,52]",0.96
2025-11-28T15:23:16.835762Z,CAM01,430610,1.64,0.84,1.7,ZoneEnter:Queue,"[118,259,46,65]",0.9
2025-11-28T15:23:19.732514Z,CAM01,206269,1.38,0.81,1.49,ZoneEnter:Queue,"[83,199,43,52]",0.94
2025-11-28T15:23:39.912858Z,CAM01,502514,0.8,0.9,1.58,ZoneEnter:Desk:R1,"[185,231,67,33]",0.92
2025-11-28T15:23:39.912858Z,CAM02,244698,3.15,0.9,1.71,ZoneExit:FrontDesk,"[218,197,59,45]",0.93
2025-11-28T15:24:46.309564Z,CAM01,505915,1.54,0.97,1.69,ZoneEnter:Queue,"[119,249,59,50]",0.98
2025-11-28T15:25:25.834039Z,CAM01,528649,0.67,0.81,1.7,ZoneEnter:Desk:R2,"[92,293,64,36]",0.92
2025-11-28T15:25:25.834039Z,CAM02,438145,3.0,1.37,1.62,ZoneExit:FrontDesk,"[149,274,57,44]",0.97
2025-11-28T15:28:48.637385Z,CAM01,878266,0.71,1.0,1.55,ZoneEnter:Desk:R2,"[122,241,46,41]",0.96
2025-11-28T15:28:48.637385Z,CAM02,528649,3.4,1.18,1.59,ZoneExit:FrontDesk,"[90,235,37,33]",0.95
2025-11-28T15:29:18.722212Z,CAM01,417177,0.8,0.91,1.73,ZoneEnter:Desk:R1,"[151,190,54,34]",0.9
2025-11-28T15:29:18.722212Z,CAM02,502514,2.99,0.89,1.69,ZoneExit:FrontDesk,"[118,232,65,54]",0.89
2025-11-28T15:30:32.350786Z,CAM01,120174,1.81,0.88,1.74,ZoneEnter:Queue,"[129,236,41,41]",0.94
2025-11-28T15:33:49.971484Z,CAM01,322591,0.81,0.97,1.68,ZoneEnter:Desk:R1,"[127,300,33,67]",0.95
2025-11-28T15:33:49.971484Z,CAM02,417177,3.02,1.24,1.59,ZoneExit:FrontDesk,"[168,155,34,47]",0.95
2025-11-28T15:34:47.829390Z,CAM02,878266,3.27,0.98,1.64,ZoneExit:FrontDesk,"[140,293,31,41]",0.93
2025-11-28T15:34:47.829390Z,CAM01,908428,0.81,1.14,1.56,ZoneEnter:Desk:R2,"[212,288,64,31]",0.93
2025-11-28T15:36:32.986474Z,CAM02,322591,2.72,1.16,1.55,ZoneExit:FrontDesk,"[156,208,48,35]",0.97
2025-11-28T15:36:32.986474Z,CAM01,505440,0.83,0.76,1.78,ZoneEnter:Desk:R1,"[157,299,34,66]",0.94
2025-11-28T15:37:16.507094Z,CAM02,908428,3.52,1.2,1.49,ZoneExit:FrontDesk,"[116,230,61,67]",0.93
2025-11-28T15:37:16.507094Z,CAM01,782095,0.79,0.86,1.76,ZoneEnter:Desk:R2,"[160,279,61,61]",0.98
2025-11-28T15:41:49.314195Z,CAM01,607794,2.07,0.92,1.89,ZoneEnter:Queue,"[82,307,47,45]",0.99
2025-11-28T15:42:26.575621Z,CAM02,505440,3.92,1.13,1.58,ZoneExit:FrontDesk,"[165,236,67,33]",0.9
2025-11-28T15:42:26.575621Z,CAM01,559232,0.95,0.69,1.71,ZoneEnter:Desk:R1,"[102,258,61,58]",0.99
2025-11-28T15:42:36.957538Z,CAM01,250320,1.02,0.97,1.4,ZoneEnter:Desk:R2,"[147,301,67,60]",0.94
2025-11-28T15:42:36.957538Z,CAM02,782095,3.67,0.9,1.63,ZoneExit:FrontDesk,"[145,294,35,55]",0.97
2025-11-28T15:44:14.054854Z,CAM01,692039,1.67,1.0,1.64,ZoneEnter:Queue,"[94,275,35,32]",0.93
2025-11-28T15:45:32.086844Z,CAM02,250320,2.93,1.47,1.8,ZoneExit:FrontDesk,"[129,275,44,57]",0.99
2025-11-28T15:45:32.086844Z,CAM01,205975,0.73,0.9,1.63,ZoneEnter:Desk:R2,"[95,300,43,36]",0.89
2025-11-28T15:45:51.875415Z,CAM02,559232,3.09,1.07,1.51,ZoneExit:FrontDesk,"[191,295,37,49]",0.96
2025-11-28T15:45:51.875415Z,CAM01,332760,0.51,0.95,1.65,ZoneEnter:Desk:R1,"[92,310,55,65]",0.96
2025-11-28T15:46:52.815072Z,CAM01,600022,1.5,1.03,1.57,ZoneEnter:Queue,"[160,180,46,46]",0.98
2025-11-28T15:48:59.312612Z,CAM01,991785,0.54,0.87,1.67,ZoneEnter:Desk:R2,"[207,185,53,45]",0.93
2025-11-28T15:48:59.312612Z,CAM02,205975,3.39,1.24,1.66,ZoneExit:FrontDesk,"[120,164,45,33]",0.99
2025-11-28T15:50:34.029602Z,CAM01,364683,1.63,1.04,1.59,ZoneEnter:Queue,"[152,208,37,52]",0.95
2025-11-28T15:51:35.741027Z,CAM02,332760,2.92,1.16,1.65,ZoneExit:FrontDesk,"[142,150,63,50]",0.91
2025-11-28T15:51:35.741027Z,CAM01,818148,0.87,0.91,1.61,ZoneEnter:Desk:R1,"[219,238,42,58]",0.9
2025-11-28T15:52:21.007804Z,CAM02,991785,2.97,1.31,1.52,ZoneExit:FrontDesk,"[113,144,67,35]",0.95
2025-11-28T15:52:21.007804Z,CAM01,713622,0.86,0.87,1.7,ZoneEnter:Desk:R2,"[120,273,36,57]",0.97
2025-11-28T15:53:06.376149Z,CAM01,199396,1.76,0.81,1.68,ZoneEnter:Queue,"[111,129,46,60]",0.97
2025-11-28T15:55:16.389167Z,CAM02,713622,3.88,1.06,1.62,ZoneExit:FrontDesk,"[90,120,67,68]",0.94
2025-11-28T15:55:16.389167Z,CAM01,577280,1.0,1.1,1.51,ZoneEnter:Desk:R2,"[155,147,42,54]",0.95
2025-11-28T15:57:32.102324Z,CAM01,960469,1.73,0.85,1.67,ZoneEnter:Queue,"[110,240,39,35]",0.92
2025-11-28T15:57:51.105321Z,CAM01,265541,1.53,0.71,1.78,ZoneEnter:Queue,"[211,316,61,46]",0.96
2025-11-28T15:58:02.446624Z,CAM01,989013,0.82,0.89,1.78,ZoneEnter:Desk:R1,"[201,267,45,65]",0.93
2025-11-28T15:58:02.446624Z,CAM02,818148,3.49,1.17,1.65,ZoneExit:FrontDesk,"[160,316,53,42]",0.93
2025-11-28T16:01:37.258995Z,CAM01,526277,0.73,0.93,1.49,ZoneEnter:Desk:R2,"[183,188,37,46]",0.99
2025-11-28T16:01:37.258995Z,CAM02,577280,2.99,0.88,1.78,ZoneExit:FrontDesk,"[105,212,34,40]",0.92
2025-11-28T16:01:39.071853Z,CAM02,989013,3.36,1.11,1.74,ZoneExit:FrontDesk,"[86,155,43,36]",0.9
2025-11-28T16:01:39.071853Z,CAM01,410281,0.57,0.84,1.72,ZoneEnter:Desk:R1,"[152,169,34,38]",0.99
2025-11-28T16:05:30.374854Z,CAM01,401697,0.81,0.82,1.53,ZoneEnter:Desk:R1,"[134,239,50,39]",0.9
2025-11-28T16:05:30.374854Z,CAM02,410281,3.69,1.04,1.67,ZoneExit:FrontDesk,"[132,139,54,48]",0.97
2025-11-28T16:07:00.709516Z,CAM02,526277,3.17,1.13,1.57,ZoneExit:FrontDesk,"[181,193,50,44]",0.98
2025-11-28T16:07:00.709516Z,CAM01,526141,0.66,0.84,1.68,ZoneEnter:Desk:R2,"[173,197,58,43]",0.96
2025-11-28T16:07:18.380916Z,CAM01,251867,1.37,0.98,1.47,ZoneEnter:Queue,"[187,132,49,36]",0.93
2025-11-28T16:09:53.621920Z,CAM02,401697,3.49,1.23,1.72,ZoneExit:FrontDesk,"[149,219,50,45]",0.93
2025-11-28T16:09:53.621920Z,CAM01,179228,0.81,0.83,1.56,ZoneEnter:Desk:R1,"[127,229,60,32]",0.97
2025-11-28T16:10:27.121979Z,CAM02,526141,3.42,1.1,1.83,ZoneExit:FrontDesk,"[185,160,43,50]",0.98
2025-11-28T16:10:27.121979Z,CAM01,116234,0.76,0.9,1.7,ZoneEnter:Desk:R2,"[158,154,36,46]",0.98
2025-11-28T16:13:53.567030Z,CAM01,915664,0.81,0.69,1.63,ZoneEnter:Desk:R2,"[97,212,36,62]",0.96
2025-11-28T16:13:53.567030Z,CAM02,116234,3.01,1.24,1.67,ZoneExit:FrontDesk,"[198,198,60,56]",0.94
2025-11-28T16:14:15.737747Z,CAM01,777916,1.65,0.55,1.63,ZoneEnter:Queue,"[140,259,41,36]",0.99
2025-11-28T16:15:06.608965Z,CAM01,223131,0.83,1.01,1.45,ZoneEnter:Desk:R1,"[113,241,56,44]",0.95
2025-11-28T16:15:06.608965Z,CAM02,179228,3.31,0.87,1.71,ZoneExit:FrontDesk,"[106,129,51,42]",0.96
2025-11-28T16:17:17.562522Z,CAM02,915664,2.66,1.16,1.65,ZoneExit:FrontDesk,"[151,280,41,33]",0.91
2025-11-28T16:17:17.562522Z,CAM01,446331,0.78,0.7,1.77,ZoneEnter:Desk:R2,"[117,214,36,67]",0.96
2025-11-28T16:18:33.702442Z,CAM01,295651,0.64,0.83,1.73,ZoneEnter:Desk:R1,"[153,155,58,47]",0.99
2025-11-28T16:18:33.702442Z,CAM02,223131,3.59,0.96,1.61,ZoneExit:FrontDesk,"[109,276,46,40]",0.94
2025-11-28T16:21:13.906716Z,CAM01,777618,0.98,0.91,1.73,ZoneEnter:Desk:R1,"[99,298,47,31]",0.96
2025-11-28T16:21:13.906716Z,CAM02,295651,3.3,1.06,1.66,ZoneExit:FrontDesk,"[175,151,65,66]",0.98
2025-11-28T16:21:56.683613Z,CAM01,305903,0.89,1.0,1.82,ZoneEnter:Desk:R2,"[147,132,33,52]",0.96
2025-11-28T16:21:56.683613Z,CAM02,446331,2.98,1.1,1.53,ZoneExit:FrontDesk,"[89,127,61,41]",0.96
2025-11-28T16:23:35.017089Z,CAM02,777618,3.59,1.2,1.73,ZoneExit:FrontDesk,"[204,302,67,54]",0.97
2025-11-28T16:23:35.017089Z,CAM01,436386,0.9,0.88,1.69,ZoneEnter:Desk:R1,"[110,155,57,50]",0.96
2025-11-28T16:25:01.285003Z,CAM02,305903,3.51,1.23,1.61,ZoneExit:FrontDesk,"[97,169,50,42]",0.99
2025-11-28T16:25:01.285003Z,CAM01,796072,0.8,0.69,1.48,ZoneEnter:Desk:R2,"[168,126,58,53]",0.93
2025-11-28T16:28:46.098561Z,CAM02,796072,3.57,1.12,1.64,ZoneExit:FrontDesk,"[167,266,40,32]",0.94
2025-11-28T16:28:46.098561Z,CAM01,251564,1.03,0.84,1.4,ZoneEnter:Desk:R2,"[212,151,51,58]",0.94
2025-11-28T16:28:59.303041Z,CAM02,436386,3.47,1.27,1.57,ZoneExit:FrontDesk,"[123,213,62,52]",0.97
2025-11-28T16:28:59.303041Z,CAM01,207435,0.88,0.9,1.6,ZoneEnter:Desk:R1,"[90,130,41,39]",0.98
2025-11-28T16:33:13.267021Z,CAM01,794545,0.86,1.0,1.51,ZoneEnter:Desk:R1,"[119,315,64,55]",0.97
2025-11-28T16:33:13.267021Z,CAM02,207435,3.26,1.13,1.79,ZoneExit:FrontDesk,"[181,303,36,51]",0.98
2025-11-28T16:33:31.413497Z,CAM01,408665,1.61,0.9,1.65,ZoneEnter:Queue,"[98,298,49,44]",0.94
2025-11-28T16:33:51.641178Z,CAM01,659134,1.21,1.02,1.53,ZoneEnter:Queue,"[102,252,37,47]",0.96
2025-11-28T16:34:25.209892Z,CAM02,251564,3.48,1.09,1.65,ZoneExit:FrontDesk,"[156,266,59,31]",0.92
2025-11-28T16:34:25.209892Z,CAM01,440708,0.51,0.79,1.7,ZoneEnter:Desk:R2,"[107,316,37,48]",0.95
2025-11-28T16:38:03.506359Z,CAM01,738200,0.72,0.96,1.55,ZoneEnter:Desk:R1,"[199,134,66,42]",0.93
2025-11-28T16:38:03.506359Z,CAM02,794545,2.94,1.15,1.67,ZoneExit:FrontDesk,"[136,147,48,65]",0.99
2025-11-28T16:39:38.342607Z,CAM02,440708,3.01,1.11,1.7,ZoneExit:FrontDesk,"[196,258,49,52]",0.94
2025-11-28T16:39:38.342607Z,CAM01,196487,0.63,0.94,1.65,ZoneEnter:Desk:R2,"[114,139,55,56]",0.86
2025-11-28T16:40:01.160434Z,CAM01,325026,1.68,0.84,1.75,ZoneEnter:Queue,"[217,176,51,54]",0.94
2025-11-28T16:41:47.774163Z,CAM02,738200,3.44,1.05,1.81,ZoneExit:FrontDesk,"[157,125,69,37]",0.97
2025-11-28T16:41:47.774163Z,CAM01,948342,0.8,0.97,1.69,ZoneEnter:Desk:R1,"[86,279,65,37]",0.94
2025-11-28T16:44:49.601398Z,CAM01,310736,1.93,0.59,1.68,ZoneEnter:Queue,"[116,189,33,65]",0.97
2025-11-28T16:45:03.884105Z,CAM01,385188,1.08,0.97,1.58,ZoneEnter:Desk:R2,"[182,180,61,58]",0.93
2025-11-28T16:45:03.884105Z,CAM02,196487,3.15,1.05,1.71,ZoneExit:FrontDesk,"[199,248,51,47]",0.99
2025-11-28T16:46:58.751238Z,CAM01,732403,2.03,0.91,1.64,ZoneEnter:Queue,"[104,275,63,60]",0.95
2025-11-28T16:47:09.527215Z,CAM01,430610,0.87,0.9,1.49,ZoneEnter:Desk:R1,"[131,263,40,48]",0.95
2025-11-28T16:47:09.527215Z,CAM02,948342,2.41,1.22,1.74,ZoneExit:FrontDesk,"[108,189,32,47]",0.92
2025-11-28T16:49:34.990192Z,CAM01,231429,1.72,0.86,1.85,ZoneEnter:Queue,"[118,277,51,52]",0.97
2025-11-28T16:50:35.267522Z,CAM01,206269,0.72,0.92,1.84,ZoneEnter:Desk:R2,"[158,224,45,45]",0.96
2025-11-28T16:50:35.267522Z,CAM02,385188,2.92,0.96,1.7,ZoneExit:FrontDesk,"[163,138,60,66]",0.96
2025-11-28T16:51:53.272945Z,CAM01,323796,1.36,0.8,1.67,ZoneEnter:Queue,"[131,220,58,40]",0.95
2025-11-28T16:52:19.667721Z,CAM01,505915,0.72,0.86,1.6,ZoneEnter:Desk:R1,"[170,126,53,51]",0.99
2025-11-28T16:52:19.667721Z,CAM02,430610,3.31,1.15,1.64,ZoneExit:FrontDesk,"[134,312,46,60]",0.99
2025-11-28T16:54:58.391347Z,CAM02,206269,3.06,0.89,1.65,ZoneExit:FrontDesk,"[105,156,68,34]",0.97
2025-11-28T16:54:58.391347Z,CAM01,120174,0.67,0.92,1.76,ZoneEnter:Desk:R2,"[154,317,42,67]",0.99
2025-11-28T16:57:34.293766Z,CAM01,607794,0.64,0.86,1.82,ZoneEnter:Desk:R2,"[180,232,50,63]",0.95
2025-11-28T16:57:34.293766Z,CAM02,120174,3.81,1.31,1.56,ZoneExit:FrontDesk,"[120,171,48,34]",0.99
2025-11-28T16:58:27.208748Z,CAM02,505915,3.06,1.0,1.53,ZoneExit:FrontDesk,"[139,223,39,37]",0.99
2025-11-28T16:58:27.208748Z,CAM01,692039,0.78,0.87,1.6,ZoneEnter:Desk:R1,"[216,201,38,68]",0.96
2025-11-28T17:00:25.482381Z,CAM01,636502,1.63,0.76,1.72,ZoneEnter:Queue,"[218,142,32,47]",0.97
2025-11-28T17:01:59.701874Z,CAM02,692039,2.73,1.33,1.72,ZoneExit:FrontDesk,"[80,293,62,49]",0.95
2025-11-28T17:01:59.701874Z,CAM01,600022,0.61,1.0,1.9,ZoneEnter:Desk:R1,"[101,241,31,56]",0.93
2025-11-28T17:03:17.602580Z,CAM02,607794,2.75,1.41,1.69,ZoneExit:FrontDesk,"[108,307,51,69]",0.94
2025-11-28T17:03:17.602580Z,CAM01,364683,0.74,0.96,1.58,ZoneEnter:Desk:R2,"[198,284,34,40]",0.92
2025-11-28T17:06:44.000372Z,CAM02,600022,3.39,1.27,1.7,ZoneExit:FrontDesk,"[164,125,51,43]",0.92
2025-11-28T17:06:44.000372Z,CAM01,199396,0.44,0.98,1.52,ZoneEnter:Desk:R1,"[196,254,60,45]",0.89
2025-11-28T17:07:37.453751Z,CAM01,363239,1.66,0.82,1.61,ZoneEnter:Queue,"[139,161,59,59]",0.99
2025-11-28T17:07:52.766096Z,CAM01,961876,1.64,0.85,1.55,ZoneEnter:Queue,"[172,211,45,45]",0.93
2025-11-28T17:07:57.419374Z,CAM01,960469,0.49,0.95,1.7,ZoneEnter:Desk:R2,"[167,120,41,38]",0.98
2025-11-28T17:07:57.419374Z,CAM02,364683,2.93,1.34,1.74,ZoneExit:FrontDesk,"[144,138,53,67]",0.95
2025-11-28T17:08:48.493476Z,CAM02,199396,3.16,0.89,1.6,ZoneExit:FrontDesk,"[217,256,46,38]",0.93
2025-11-28T17:08:48.493476Z,CAM01,265541,0.87,0.93,1.57,ZoneEnter:Desk:R1,"[143,170,54,54]",0.95
2025-11-28T17:11:35.110093Z,CAM01,251867,0.99,0.98,1.63,ZoneEnter:Desk:R2,"[131,206,67,43]",0.99
2025-11-28T17:11:35.110093Z,CAM02,960469,3.21,0.81,1.7,ZoneExit:FrontDesk,"[196,187,44,56]",0.95
2025-11-28T17:12:52.867779Z,CAM01,578812,1.63,0.74,1.64,ZoneEnter:Queue,"[204,304,37,44]",0.94
2025-11-28T17:13:32.637386Z,CAM01,666427,1.79,0.99,1.6,ZoneEnter:Queue,"[118,134,57,56]",0.92
2025-11-28T17:14:48.139375Z,CAM02,251867,3.02,0.91,1.82,ZoneExit:FrontDesk,"[103,239,36,51]",0.92
2025-11-28T17:14:48.139375Z,CAM01,777916,0.94,0.77,1.74,ZoneEnter:Desk:R2,"[127,188,51,47]",0.89
2025-11-28T17:15:32.179110Z,CAM02,265541,3.6,1.2,1.65,ZoneExit:FrontDesk,"[87,193,39,51]",0.92
2025-11-28T17:15:32.179110Z,CAM01,408665,0.83,0.84,1.67,ZoneEnter:Desk:R1,"[113,246,44,32]",0.97
2025-11-28T17:19:04.282004Z,CAM01,659134,0.75,0.86,1.56,ZoneEnter:Desk:R1,"[215,180,35,58]",0.96
2025-11-28T17:19:04.282004Z,CAM02,408665,2.76,1.25,1.61,ZoneExit:FrontDesk,"[92,293,58,62]",0.97
2025-11-28T17:21:35.046114Z,CAM01,325026,0.9,0.93,1.71,ZoneEnter:Desk:R2,"[120,254,66,59]",0.95
2025-11-28T17:21:35.046114Z,CAM02,777916,3.28,0.71,1.71,ZoneExit:FrontDesk,"[85,315,51,46]",0.94
2025-11-28T17:21:48.906037Z,CAM01,310736,0.73,0.88,1.58,ZoneEnter:Desk:R1,"[148,133,46,30]",0.95
2025-11-28T17:21:48.906037Z,CAM02,659134,2.67,1.0,1.74,ZoneExit:FrontDesk,"[212,162,45,38]",0.93
2025-11-28T17:22:14.330839Z,CAM01,892891,2.14,0.88,1.65,ZoneEnter:Queue,"[211,275,44,40]",0.93
2025-11-28T17:23:53.754905Z,CAM02,310736,3.35,0.98,1.71,ZoneExit:FrontDesk,"[206,143,61,36]",0.92
2025-11-28T17:23:53.754905Z,CAM01,732403,1.07,0.71,1.57,ZoneEnter:Desk:R1,"[198,137,68,69]",0.98
2025-11-28T17:27:10.834471Z,CAM02,732403,3.47,1.02,1.58,ZoneExit:FrontDesk,"[188,311,43,30]",0.97
2025-11-28T17:27:10.834471Z,CAM01,231429,0.84,0.73,1.63,ZoneEnter:Desk:R1,"[83,265,60,61]",0.92
2025-11-28T17:27:36.704506Z,CAM01,561861,1.51,0.95,1.84,ZoneEnter:Queue,"[190,259,64,65]",0.97
2025-11-28T17:29:54.182487Z,CAM01,323796,1.06,0.88,1.79,ZoneEnter:Desk:R1,"[207,181,40,56]",0.93
2025-11-28T17:29:54.182487Z,CAM02,231429,2.4,1.16,1.64,ZoneExit:FrontDesk,"[123,202,58,39]",0.9
2025-11-28T17:29:57.509665Z,CAM01,993643,1.9,0.9,1.7,ZoneEnter:Queue,"[198,308,50,42]",0.91
2025-11-28T17:32:37.751450Z,CAM01,475138,1.65,0.81,1.67,ZoneEnter:Queue,"[215,283,39,38]",0.91
2025-11-28T17:33:00.338667Z,CAM01,636502,0.89,0.89,1.48,ZoneEnter:Desk:R2,"[148,252,41,52]",0.97
2025-11-28T17:33:00.338667Z,CAM02,325026,3.15,1.24,1.57,ZoneExit:FrontDesk,"[132,213,61,66]",0.97
2025-11-28T17:35:47.313935Z,CAM01,363239,0.7,1.2,1.57,ZoneEnter:Desk:R1,"[105,221,32,47]",0.94
2025-11-28T17:35:47.313935Z,CAM02,323796,3.01,1.06,1.55,ZoneExit:FrontDesk,"[133,275,47,46]",0.98
2025-11-28T17:36:48.454373Z,CAM02,636502,3.35,0.91,1.79,ZoneExit:FrontDesk,"[205,197,36,33]",0.95
2025-11-28T17:36:48.454373Z,CAM01,961876,1.0,0.9,1.6,ZoneEnter:Desk:R2,"[97,137,41,46]",0.99
2025-11-28T17:39:54.737532Z,CAM01,578812,0.7,0.87,1.6,ZoneEnter:Desk:R1,"[161,146,55,64]",0.97
2025-11-28T17:39:54.737532Z,CAM02,363239,3.83,1.1,1.7,ZoneExit:FrontDesk,"[214,208,62,66]",0.96
2025-11-28T17:42:44.346984Z,CAM01,666427,0.7,0.96,1.67,ZoneEnter:Desk:R1,"[196,247,37,36]",0.93
2025-11-28T17:42:44.346984Z,CAM02,578812,3.0,1.14,1.66,ZoneExit:FrontDesk,"[203,120,38,53]",0.93
2025-11-28T17:43:46.956875Z,CAM02,961876,3.18,1.29,1.61,ZoneExit:FrontDesk,"[120,286,31,45]",0.93
2025-11-28T17:43:46.956875Z,CAM01,892891,0.67,1.09,1.7,ZoneEnter:Desk:R2,"[83,171,42,55]",0.97
2025-11-28T17:44:28.298053Z,CAM01,884986,1.95,1.06,1.59,ZoneEnter:Queue,"[194,163,36,38]",0.99
2025-11-28T17:47:46.269373Z,CAM02,666427,2.41,0.93,1.59,ZoneExit:FrontDesk,"[85,168,37,48]",0.96
2025-11-28T17:47:46.269373Z,CAM01,561861,0.85,0.82,1.64,ZoneEnter:Desk:R1,"[136,239,64,33]",0.95
2025-11-28T17:48:36.830600Z,CAM01,993643,0.7,0.89,1.74,ZoneEnter:Desk:R2,"[186,195,62,32]",0.91
2025-11-28T17:48:36.830600Z,CAM02,892891,3.09,0.96,1.68,ZoneExit:FrontDesk,"[205,260,59,45]",0.99
2025-11-28T17:50:28.019867Z,CAM01,775988,1.67,1.17,1.6,ZoneEnter:Queue,"[96,161,49,37]",0.99
2025-11-28T17:52:08.743506Z,CAM01,547678,1.91,0.88,1.81,ZoneEnter:Queue,"[198,262,67,38]",0.94
2025-11-28T17:52:14.090287Z,CAM02,993643,3.21,1.16,1.67,ZoneExit:FrontDesk,"[208,274,64,67]",0.96
2025-11-28T17:52:14.090287Z,CAM01,475138,0.84,0.88,1.71,ZoneEnter:Desk:R2,"[112,283,54,68]",0.92
2025-11-28T17:52:26.292086Z,CAM02,561861,3.2,1.28,1.6,ZoneExit:FrontDesk,"[211,132,51,64]",0.95
2025-11-28T17:52:26.292086Z,CAM01,884986,0.85,0.89,1.77,ZoneEnter:Desk:R1,"[218,229,67,32]",0.95
2025-11-28T17:55:48.467450Z,CAM02,475138,3.45,0.79,1.67,ZoneExit:FrontDesk,"[190,170,36,52]",0.97
2025-11-28T17:55:48.467450Z,CAM01,775988,0.72,0.87,1.6,ZoneEnter:Desk:R2,"[122,254,44,54]",0.88
2025-11-28T17:55:53.699776Z,CAM02,884986,3.39,0.87,1.63,ZoneExit:FrontDesk,"[175,275,42,34]",0.96
2025-11-28T17:55:53.699776Z,CAM01,547678,0.87,0.9,1.47,ZoneEnter:Desk:R1,"[96,305,60,63]",0.97
2025-11-28T17:56:48.894681Z,CAM01,326127,1.79,0.87,1.53,ZoneEnter:Queue,"[108,314,66,63]",0.96
2025-11-28T17:58:06.908329Z,CAM02,547678,2.93,1.22,1.73,ZoneExit:FrontDesk,"[98,296,48,34]",0.98
2025-11-28T17:58:06.908329Z,CAM01,326127,0.67,0.82,1.64,ZoneEnter:Desk:R1,"[201,128,57,42]",0.92
2025-11-28T18:00:55.118406Z,CAM02,775988,3.41,1.3,1.63,ZoneExit:FrontDesk,"[128,272,49,57]",0.95
2025-11-28T18:02:44.855943Z,CAM02,326127,2.9,1.2,1.44,ZoneExit:FrontDesk,"[145,223,59,42]",0.92
2025-11-28T18:07:23.256950Z,CAM01,165350,1.65,0.86,1.7,ZoneEnter:Queue,"[162,138,58,69]",0.99
2025-11-28T18:07:23.256950Z,CAM01,165350,0.43,0.74,1.64,ZoneEnter:Desk:R2,"[88,237,31,51]",0.96
2025-11-28T18:11:31.095240Z,CAM02,165350,3.4,0.81,1.78,ZoneExit:FrontDesk,"[89,263,59,47]",0.91
2025-11-28T18:12:06.210967Z,CAM01,907564,1.6,0.82,1.6,ZoneEnter:Queue,"[191,260,50,45]",0.98
2025-11-28T18:12:06.210967Z,CAM01,907564,0.74,1.03,1.52,ZoneEnter:Desk:R1,"[132,136,64,34]",0.93
2025-11-28T18:13:06.944248Z,CAM01,546474,1.6,0.77,1.61,ZoneEnter:Queue,"[194,176,43,65]",0.91
2025-11-28T18:13:06.944248Z,CAM01,546474,0.96,0.99,1.72,ZoneEnter:Desk:R2,"[82,182,62,40]",0.97
2025-11-28T18:16:33.094587Z,CAM02,546474,3.35,1.21,1.54,ZoneExit:FrontDesk,"[117,212,59,56]",0.98
2025-11-28T18:17:56.388925Z,CAM01,357462,1.7,0.72,1.76,ZoneEnter:Queue,"[197,151,60,41]",0.99
2025-11-28T18:17:56.388925Z,CAM01,357462,0.85,0.82,1.63,ZoneEnter:Desk:R2,"[140,133,64,41]",0.94
2025-11-28T18:18:36.471125Z,CAM01,734300,1.47,0.69,1.76,ZoneEnter:Queue,"[95,244,39,44]",0.98
2025-11-28T18:19:27.834000Z,CAM01,182029,1.44,0.98,1.61,ZoneEnter:Queue,"[138,182,36,42]",0.92
2025-11-28T18:19:42.921082Z,CAM01,146871,1.71,0.74,1.68,ZoneEnter:Queue,"[213,248,32,30]",0.94
2025-11-28T18:19:56.190409Z,CAM01,734300,0.82,0.78,1.65,ZoneEnter:Desk:R1,"[112,184,43,36]",0.94
2025-11-28T18:19:56.190409Z,CAM02,907564,3.31,1.01,1.62,ZoneExit:FrontDesk,"[159,207,60,30]",0.92
2025-11-28T18:24:14.250013Z,CAM02,357462,3.09,1.2,1.62,ZoneExit:FrontDesk,"[138,299,44,40]",0.97
2025-11-28T18:24:14.250013Z,CAM01,182029,0.95,0.92,1.55,ZoneEnter:Desk:R2,"[165,183,67,31]",0.92
2025-11-28T18:24:22.306071Z,CAM01,706195,1.74,0.85,1.8,ZoneEnter:Queue,"[196,233,36,62]",0.93
2025-11-28T18:26:19.000602Z,CAM02,734300,2.99,0.92,1.58,ZoneExit:FrontDesk,"[88,288,58,37]",0.99
2025-11-28T18:26:19.000602Z,CAM01,146871,0.89,0.93,1.65,ZoneEnter:Desk:R1,"[185,165,33,62]",0.95
2025-11-28T18:27:02.921201Z,CAM01,701762,1.71,0.8,1.58,ZoneEnter:Queue,"[164,225,30,35]",0.98
2025-11-28T18:27:34.397413Z,CAM01,547715,1.64,0.77,1.47,ZoneEnter:Queue,"[174,140,57,64]",0.96
2025-11-28T18:28:51.390740Z,CAM02,182029,3.44,0.99,1.65,ZoneExit:FrontDesk,"[140,151,49,56]",0.96
2025-11-28T18:28:51.390740Z,CAM01,706195,0.83,0.74,1.69,ZoneEnter:Desk:R2,"[121,141,32,58]",0.9
2025-11-28T18:30:57.744262Z,CAM01,548039,1.83,0.64,1.7,ZoneEnter:Queue,"[169,282,31,36]",0.99
2025-11-28T18:31:07.580815Z,CAM01,550960,1.77,0.72,1.67,ZoneEnter:Queue,"[138,307,32,58]",0.97
2025-11-28T18:31:14.607655Z,CAM01,319054,1.81,0.75,1.66,ZoneEnter:Queue,"[216,220,51,39]",0.98
2025-11-28T18:33:42.997136Z,CAM02,146871,3.12,1.15,1.73,ZoneExit:FrontDesk,"[204,311,32,47]",0.95
2025-11-28T18:33:42.997136Z,CAM01,701762,0.78,0.91,1.66,ZoneEnter:Desk:R1,"[129,193,61,32]",0.99
2025-11-28T18:34:18.934693Z,CAM01,547715,0.8,0.84,1.56,ZoneEnter:Desk:R2,"[107,306,40,66]",0.97
2025-11-28T18:34:18.934693Z,CAM02,706195,3.05,1.1,1.56,ZoneExit:FrontDesk,"[87,164,51,56]",0.97
2025-11-28T18:37:39.538387Z,CAM01,548039,0.8,0.85,1.65,ZoneEnter:Desk:R1,"[89,170,40,47]",0.97
2025-11-28T18:37:39.538387Z,CAM02,701762,3.46,1.1,1.57,ZoneExit:FrontDesk,"[116,302,63,65]",0.89
2025-11-28T18:37:52.281010Z,CAM02,547715,3.36,1.19,1.68,ZoneExit:FrontDesk,"[204,251,35,69]",0.9
2025-11-28T18:37:52.281010Z,CAM01,550960,0.98,0.94,1.68,ZoneEnter:Desk:R2,"[87,223,53,58]",0.92
2025-11-28T18:37:53.230775Z,CAM01,145186,1.37,0.74,1.57,ZoneEnter:Queue,"[189,309,46,51]",0.95
2025-11-28T18:41:55.131305Z,CAM01,298282,2.02,0.83,1.62,ZoneEnter:Queue,"[95,145,46,51]",0.95
2025-11-28T18:44:38.907952Z,CAM01,222631,1.49,0.89,1.64,ZoneEnter:Queue,"[83,292,52,44]",0.97
2025-11-28T18:45:43.715289Z,CAM02,548039,3.44,1.01,1.63,ZoneExit:FrontDesk,"[172,256,36,67]",0.97
2025-11-28T18:45:43.715289Z,CAM01,319054,0.87,0.8,1.71,ZoneEnter:Desk:R1,"[215,261,38,38]",0.96
2025-11-28T18:48:36.236822Z,CAM01,901579,1.55,0.71,1.63,ZoneEnter:Queue,"[144,203,66,58]",0.92
2025-11-28T18:49:19.503243Z,CAM02,550960,3.75,0.83,1.65,ZoneExit:FrontDesk,"[114,156,61,45]",0.9
2025-11-28T18:49:19.503243Z,CAM01,145186,0.91,1.04,1.58,ZoneEnter:Desk:R2,"[141,157,35,44]",0.96
2025-11-28T18:50:55.837823Z,CAM01,298282,0.62,1.05,1.53,ZoneEnter:Desk:R1,"[174,303,46,57]",0.92
2025-11-28T18:50:55.837823Z,CAM02,319054,2.88,1.09,1.78,ZoneExit:FrontDesk,"[177,179,50,36]",0.92
2025-11-28T18:51:43.557581Z,CAM01,469223,1.59,0.91,1.55,ZoneEnter:Queue,"[128,139,64,50]",0.94
2025-11-28T18:53:33.414474Z,CAM01,349365,1.88,1.05,1.75,ZoneEnter:Queue,"[182,143,31,52]",0.94
2025-11-28T18:54:39.847507Z,CAM01,692487,1.86,0.64,1.51,ZoneEnter:Queue,"[108,161,41,56]",0.97
2025-11-28T18:54:50.436302Z,CAM01,222631,0.9,0.75,1.76,ZoneEnter:Desk:R1,"[158,132,31,59]",0.98
2025-11-28T18:54:50.436302Z,CAM02,298282,3.94,1.35,1.64,ZoneExit:FrontDesk,"[174,136,49,46]",0.95
2025-11-28T18:55:44.587259Z,CAM01,901579,0.66,0.9,1.53,ZoneEnter:Desk:R2,"[112,290,41,56]",0.96
2025-11-28T18:55:44.587259Z,CAM02,145186,3.24,0.9,1.63,ZoneExit:FrontDesk,"[134,183,38,41]",0.96
2025-11-28T18:59:01.096256Z,CAM02,901579,3.72,0.98,1.51,ZoneExit:FrontDesk,"[81,151,52,65]",0.92
2025-11-28T18:59:01.096256Z,CAM01,469223,0.7,0.75,1.56,ZoneEnter:Desk:R2,"[82,250,44,55]",0.94
2025-11-28T18:59:42.891152Z,CAM02,222631,2.87,0.96,1.7,ZoneExit:FrontDesk,"[106,158,40,45]",0.96
2025-11-28T18:59:42.891152Z,CAM01,349365,0.89,0.94,1.74,ZoneEnter:Desk:R1,"[132,208,37,54]",0.96
2025-11-28T18:59:56.652929Z,CAM01,717430,1.4,0.96,1.61,ZoneEnter:Queue,"[172,158,50,68]",0.95
2025-11-28T19:02:22.722620Z,CAM01,115373,1.6,0.9,1.67,ZoneEnter:Queue,"[128,152,63,49]",0.97
2025-11-28T19:03:08.482670Z,CAM01,741674,1.84,0.8,1.63,ZoneEnter:Queue,"[163,203,43,36]",0.97
2025-11-28T19:03:55.526501Z,CAM01,490821,1.73,0.72,1.54,ZoneEnter:Queue,"[215,125,51,42]",0.95
2025-11-28T19:07:05.896002Z,CAM02,469223,2.95,1.09,1.68,ZoneExit:FrontDesk,"[103,156,61,31]",0.95
2025-11-28T19:07:05.896002Z,CAM01,692487,0.95,0.95,1.49,ZoneEnter:Desk:R2,"[134,188,41,68]",0.92
2025-11-28T19:08:45.902808Z,CAM02,349365,3.0,1.15,1.59,ZoneExit:FrontDesk,"[165,205,63,59]",0.97
2025-11-28T19:08:45.902808Z,CAM01,717430,0.8,1.07,1.59,ZoneEnter:Desk:R1,"[128,319,43,35]",0.99
2025-11-28T19:10:22.046666Z,CAM01,393510,1.7,0.92,1.66,ZoneEnter:Queue,"[177,131,56,39]",0.94
2025-11-28T19:10:40.757228Z,CAM01,115373,0.76,1.01,1.77,ZoneEnter:Desk:R1,"[180,314,58,49]",0.97
2025-11-28T19:10:40.757228Z,CAM02,717430,3.15,1.27,1.6,ZoneExit:FrontDesk,"[88,235,48,38]",0.96
2025-11-28T19:10:57.607437Z,CAM01,506638,1.6,0.72,1.63,ZoneEnter:Queue,"[84,143,53,48]",0.94
2025-11-28T19:11:53.765485Z,CAM02,692487,3.57,0.9,1.48,ZoneExit:FrontDesk,"[134,315,43,39]",0.99
2025-11-28T19:11:53.765485Z,CAM01,741674,0.9,0.92,1.81,ZoneEnter:Desk:R2,"[217,243,50,41]",0.96
2025-11-28T19:11:55.335525Z,CAM01,793299,1.23,0.73,1.66,ZoneEnter:Queue,"[158,202,61,31]",0.96
2025-11-28T19:13:49.930468Z,CAM02,115373,3.64,1.01,1.72,ZoneExit:FrontDesk,"[175,263,55,63]",0.92
2025-11-28T19:13:49.930468Z,CAM01,490821,0.82,0.94,1.61,ZoneEnter:Desk:R1,"[192,312,62,30]",0.96
2025-11-28T19:15:25.352922Z,CAM01,612691,1.65,0.87,1.77,ZoneEnter:Queue,"[214,201,31,62]",0.96
2025-11-28T19:16:31.076627Z,CAM01,723434,2.01,0.67,1.77,ZoneEnter:Queue,"[138,169,68,30]",0.96
2025-11-28T19:17:32.115773Z,CAM01,393510,0.65,0.82,1.65,ZoneEnter:Desk:R1,"[180,135,63,43]",0.96
2025-11-28T19:17:32.115773Z,CAM02,490821,3.16,1.01,1.38,ZoneExit:FrontDesk,"[158,127,61,50]",0.96
2025-11-28T19:18:14.031721Z,CAM02,741674,3.3,1.18,1.74,ZoneExit:FrontDesk,"[104,172,33,34]",0.99
2025-11-28T19:18:14.031721Z,CAM01,506638,0.75,0.81,1.72,ZoneEnter:Desk:R2,"[219,265,42,64]",0.95
2025-11-28T19:19:51.264620Z,CAM01,865023,1.61,0.8,1.66,ZoneEnter:Queue,"[97,292,68,63]",0.97
2025-11-28T19:20:41.181475Z,CAM01,157647,1.53,0.9,1.61,ZoneEnter:Queue,"[128,243,42,35]",0.96
2025-11-28T19:22:00.213903Z,CAM01,793299,1.01,0.92,1.66,ZoneEnter:Desk:R1,"[190,216,40,43]",0.99
2025-11-28T19:22:00.213903Z,CAM02,393510,2.78,1.0,1.84,ZoneExit:FrontDesk,"[94,164,54,31]",0.98
2025-11-28T19:22:11.911746Z,CAM01,612691,0.72,0.97,1.56,ZoneEnter:Desk:R2,"[102,212,67,58]",0.92
2025-11-28T19:22:11.911746Z,CAM02,506638,2.61,1.14,1.59,ZoneExit:FrontDesk,"[190,254,46,62]",0.99
2025-11-28T19:27:15.045558Z,CAM01,212493,1.52,0.93,1.59,ZoneEnter:Queue,"[142,149,38,38]",0.95
2025-11-28T19:27:52.401448Z,CAM01,723434,0.81,0.84,1.78,ZoneEnter:Desk:R1,"[135,146,55,52]",0.95
2025-11-28T19:27:52.401448Z,CAM02,793299,3.37,1.04,1.73,ZoneExit:FrontDesk,"[84,257,58,37]",0.99
2025-11-28T19:29:40.260509Z,CAM02,612691,3.37,1.29,1.65,ZoneExit:FrontDesk,"[184,125,33,30]",0.96
2025-11-28T19:29:40.260509Z,CAM01,865023,0.65,0.77,1.47,ZoneEnter:Desk:R2,"[87,220,67,60]",0.91
2025-11-28T19:31:25.108282Z,CAM01,990673,1.56,0.91,1.77,ZoneEnter:Queue,"[110,251,44,55]",0.88
2025-11-28T19:32:11.344012Z,CAM02,723434,2.68,0.99,1.61,ZoneExit:FrontDesk,"[84,290,31,32]",0.94
2025-11-28T19:32:11.344012Z,CAM01,157647,0.83,0.87,1.73,ZoneEnter:Desk:R1,"[143,226,65,67]",0.96
2025-11-28T19:33:48.114126Z,CAM01,212493,0.74,0.92,1.86,ZoneEnter:Desk:R2,"[202,289,39,62]",0.99
2025-11-28T19:33:48.114126Z,CAM02,865023,3.46,1.06,1.66,ZoneExit:FrontDesk,"[147,255,58,65]",0.95
2025-11-28T19:36:25.759201Z,CAM02,212493,3.22,1.22,1.56,ZoneExit:FrontDesk,"[182,154,43,57]",0.94
2025-11-28T19:36:25.759201Z,CAM01,990673,0.76,0.89,1.85,ZoneEnter:Desk:R2,"[198,229,37,59]",0.96
2025-11-28T19:38:16.254222Z,CAM01,172913,1.26,0.79,1.67,ZoneEnter:Queue,"[125,236,59,32]",0.94
2025-11-28T19:39:00.625433Z,CAM01,172913,0.94,1.04,1.51,ZoneEnter:Desk:R1,"[133,304,33,63]",0.97
2025-11-28T19:39:00.625433Z,CAM02,157647,2.88,1.05,1.75,ZoneExit:FrontDesk,"[189,162,32,62]",0.94
2025-11-28T19:40:04.549632Z,CAM01,419222,1.42,0.66,1.45,ZoneEnter:Queue,"[184,175,30,57]",0.99
2025-11-28T19:41:10.593837Z,CAM01,498884,1.99,0.84,1.67,ZoneEnter:Queue,"[87,250,55,63]",0.9
2025-11-28T19:42:51.344404Z,CAM02,990673,3.41,0.88,1.6,ZoneExit:FrontDesk,"[197,210,52,45]",0.97
2025-11-28T19:42:51.344404Z,CAM01,419222,0.98,0.72,1.61,ZoneEnter:Desk:R2,"[101,120,54,47]",0.97
2025-11-28T19:42:55.297239Z,CAM02,172913,3.61,0.99,1.66,ZoneExit:FrontDesk,"[95,160,34,39]",0.94
2025-11-28T19:42:55.297239Z,CAM01,498884,0.69,0.89,1.78,ZoneEnter:Desk:R1,"[177,146,46,30]",0.97
2025-11-28T19:45:28.926472Z,CAM02,498884,3.25,0.99,1.56,ZoneExit:FrontDesk,"[86,318,37,42]",0.98
2025-11-28T19:45:34.336803Z,CAM01,648308,0.71,0.83,1.72,ZoneEnter:Desk:R1,"[157,256,32,52]",0.95
2025-11-28T19:45:34.336803Z,CAM01,648308,1.92,0.71,1.67,ZoneEnter:Queue,"[98,178,63,58]",0.94
2025-11-28T19:47:14.912615Z,CAM02,419222,3.4,1.19,1.58,ZoneExit:FrontDesk,"[136,259,31,58]",0.91
2025-11-28T19:48:46.609688Z,CAM01,529563,1.66,0.86,1.59,ZoneEnter:Queue,"[84,283,48,30]",0.92
2025-11-28T19:48:46.609688Z,CAM01,529563,0.88,0.93,1.63,ZoneEnter:Desk:R2,"[125,312,66,68]",0.96
2025-11-28T19:50:44.136198Z,CAM01,987776,1.61,0.95,1.69,ZoneEnter:Queue,"[169,139,31,58]",0.97
2025-11-28T19:53:30.550143Z,CAM02,648308,2.8,1.02,1.81,ZoneExit:FrontDesk,"[199,150,51,33]",0.97
2025-11-28T19:53:30.550143Z,CAM01,987776,0.77,0.91,1.71,ZoneEnter:Desk:R1,"[101,257,66,39]",0.94
2025-11-28T19:55:26.094879Z,CAM02,987776,3.1,1.26,1.48,ZoneExit:FrontDesk,"[212,270,54,66]",0.94
2025-11-28T19:55:38.217876Z,CAM01,790219,1.6,0.88,1.6,ZoneEnter:Queue,"[138,248,41,36]",0.95
2025-11-28T19:55:38.217876Z,CAM01,790219,0.97,0.84,1.73,ZoneEnter:Desk:R1,"[152,293,61,31]",0.93
2025-11-28T19:56:46.240890Z,CAM02,529563,3.07,1.09,1.75,ZoneExit:FrontDesk,"[173,167,44,32]",0.94
2025-11-28T19:57:02.400941Z,CAM01,203641,0.92,0.74,1.77,ZoneEnter:Desk:R2,"[87,215,60,40]",0.95
2025-11-28T19:57:02.400941Z,CAM01,203641,1.9,1.07,1.45,ZoneEnter:Queue,"[197,157,45,58]",0.9
2025-11-28T19:57:48.837732Z,CAM01,911605,1.41,0.97,1.78,ZoneEnter:Queue,"[110,123,64,56]",0.92
2025-11-28T19:59:03.678723Z,CAM01,911605,0.7,0.83,1.63,ZoneEnter:Desk:R1,"[213,225,56,33]",0.91
2025-11-28T19:59:03.678723Z,CAM02,790219,3.91,0.91,1.59,ZoneExit:FrontDesk,"[88,203,59,32]",0.97
2025-11-28T20:02:32.695881Z,CAM02,203641,3.46,1.22,1.48,ZoneExit:FrontDesk,"[151,135,33,46]",0.89
2025-11-28T20:03:03.821168Z,CAM02,911605,3.08,1.17,1.85,ZoneExit:FrontDesk,"[209,198,52,57]",0.95
2025-11-28T20:07:59.437303Z,CAM01,172666,2.19,0.82,1.58,ZoneEnter:Queue,"[186,276,66,33]",0.96
2025-11-28T20:07:59.437303Z,CAM01,172666,0.72,0.8,1.7,ZoneEnter:Desk:R2,"[117,279,57,32]",0.96
2025-11-28T20:15:21.638301Z,CAM02,172666,3.26,1.08,1.78,ZoneExit:FrontDesk,"[126,161,62,42]",0.99
2025-11-28T20:18:03.899244Z,CAM01,296506,1.63,0.91,1.76,ZoneEnter:Queue,"[87,152,55,50]",0.97
2025-11-28T20:18:03.899244Z,CAM01,296506,0.86,0.81,1.79,ZoneEnter:Desk:R1,"[98,227,60,50]",0.98
2025-11-28T20:23:03.704311Z,CAM02,296506,3.22,0.99,1.58,ZoneExit:FrontDesk,"[127,217,58,63]",0.94
2025-11-28T20:39:11.082538Z,CAM01,952505,1.28,0.78,1.53,ZoneEnter:Queue,"[97,242,55,41]",0.93
2025-11-28T20:39:11.082538Z,CAM01,952505,0.91,1.08,1.57,ZoneEnter:Desk:R2,"[136,141,33,35]",0.99
2025-11-28T20:44:43.762671Z,CAM02,952505,2.82,1.24,1.53,ZoneExit:FrontDesk,"[87,181,34,41]",0.93
2025-11-28T20:45:50.912495Z,CAM01,624571,1.87,0.79,1.67,ZoneEnter:Queue,"[110,278,43,68]",0.98
2025-11-28T20:45:50.912495Z,CAM01,624571,1.09,0.77,1.66,ZoneEnter:Desk:R1,"[152,230,41,31]",0.99
2025-11-28T20:49:11.116549Z,CAM02,624571,3.62,1.28,1.51,ZoneExit:FrontDesk,"[107,309,47,61]",0.95
2025-11-28T21:03:41.496976Z,CAM01,327307,1.68,0.83,1.53,ZoneEnter:Queue,"[205,230,52,35]",0.98
2025-11-28T21:03:41.496976Z,CAM01,327307,0.63,0.81,1.63,ZoneEnter:Desk:R2,"[114,233,60,54]",0.92
2025-11-28T21:09:07.902384Z,CAM02,327307,3.0,1.0,1.63,ZoneExit:FrontDesk,"[167,295,42,59]",0.95
2025-11-28T21:12:36.460250Z,CAM01,422731,1.28,0.94,1.53,ZoneEnter:Queue,"[200,124,50,55]",0.99
2025-11-28T21:12:36.460250Z,CAM01,422731,0.97,0.92,1.69,ZoneEnter:Desk:R1,"[80,290,40,69]",0.97
2025-11-28T21:17:37.203601Z,CAM02,422731,3.47,1.05,1.63,ZoneExit:FrontDesk,"[205,267,40,36]",0.93
2025-11-28T21:32:42.765800Z,CAM01,937215,1.42,0.77,1.75,ZoneEnter:Queue,"[131,275,38,41]",0.97
2025-11-28T21:32:42.765800Z,CAM01,937215,1.04,0.55,1.72,ZoneEnter:Desk:R2,"[209,184,47,54]",0.98
2025-11-28T21:36:28.504894Z,CAM02,937215,2.82,1.04,1.42,ZoneExit:FrontDesk,"[84,207,38,60]",0.98
2025-11-28T21:37:13.713873Z,CAM01,173357,1.67,0.69,1.45,ZoneEnter:Queue,"[131,129,68,58]",0.91
2025-11-28T21:37:13.713873Z,CAM01,173357,0.54,0.94,1.86,ZoneEnter:Desk:R1,"[189,156,47,32]",0.93
2025-11-28T21:40:31.210710Z,CAM01,636424,1.24,0.75,1.73,ZoneEnter:Queue,"[192,315,41,47]",0.96
2025-11-28T21:40:31.210710Z,CAM01,636424,0.87,0.99,1.56,ZoneEnter:Desk:R2,"[172,291,57,68]",0.94
2025-11-28T21:41:23.965149Z,CAM02,173357,3.73,1.29,1.77,ZoneExit:FrontDesk,"[82,250,69,51]",0.91
2025-11-28T21:43:18.764227Z,CAM02,636424,3.52,1.08,1.64,ZoneExit:FrontDesk,"[133,295,57,35]",0.93
2025-11-28T21:44:31.301281Z,CAM01,424444,0.7,0.84,1.52,ZoneEnter:Desk:R1,"[110,132,68,64]",0.92
2025-11-28T21:44:31.301281Z,CAM01,424444,1.48,0.82,1.58,ZoneEnter:Queue,"[176,133,57,57]",0.94
2025-11-28T21:49:12.090818Z,CAM02,424444,2.95,0.96,1.63,ZoneExit:FrontDesk,"[148,233,63,61]",0.98
2025-11-28T21:50:24.997294Z,CAM01,212646,1.38,0.88,1.58,ZoneEnter:Queue,"[146,150,67,59]",0.94
2025-11-28T21:50:24.997294Z,CAM01,212646,0.71,1.07,1.58,ZoneEnter:Desk:R2,"[107,205,65,65]",0.98
2025-11-28T21:52:25.546510Z,CAM02,212646,2.91,1.08,1.67,ZoneExit:FrontDesk,"[200,282,65,49]",0.92
2025-11-29T08:01:26.224823Z,CAM01,296885,1.7,0.93,1.7,ZoneEnter:Queue,"[186,130,34,41]",0.93
2025-11-29T08:01:26.224823Z,CAM01,296885,0.72,0.98,1.74,ZoneEnter:Desk:R1,"[100,303,61,40]",0.92
2025-11-29T08:02:58.061950Z,CAM01,611519,1.96,0.73,1.65,ZoneEnter:Queue,"[219,154,55,49]",0.99
2025-11-29T08:02:58.061950Z,CAM01,611519,0.71,0.82,1.74,ZoneEnter:Desk:R2,"[98,195,66,62]",0.94
2025-11-29T08:05:24.129910Z,CAM02,296885,3.28,1.17,1.62,ZoneExit:FrontDesk,"[107,152,50,67]",0.95
2025-11-29T08:06:41.193321Z,CAM02,611519,3.39,1.18,1.43,ZoneExit:FrontDesk,"[143,282,55,54]",0.97
2025-11-29T08:11:32.955439Z,CAM01,108441,1.54,0.67,1.78,ZoneEnter:Queue,"[125,144,60,38]",0.91
2025-11-29T08:11:32.955439Z,CAM01,108441,0.59,0.79,1.57,ZoneEnter:Desk:R1,"[182,211,69,34]",0.95
2025-11-29T08:16:32.003319Z,CAM02,108441,3.05,1.31,1.66,ZoneExit:FrontDesk,"[92,126,39,43]",0.91
2025-11-29T08:17:50.272354Z,CAM01,898753,1.8,0.9,1.55,ZoneEnter:Queue,"[197,307,31,59]",0.99
2025-11-29T08:17:50.272354Z,CAM01,898753,1.03,0.97,1.69,ZoneEnter:Desk:R2,"[190,178,46,31]",0.97
2025-11-29T08:20:16.323019Z,CAM01,682105,1.01,0.92,1.78,ZoneEnter:Desk:R1,"[137,187,52,48]",0.95
2025-11-29T08:20:16.323019Z,CAM01,682105,2.12,0.81,1.66,ZoneEnter:Queue,"[194,147,49,41]",0.94
2025-11-29T08:21:55.397245Z,CAM02,898753,3.16,1.09,1.54,ZoneExit:FrontDesk,"[200,231,66,40]",0.98
2025-11-29T08:26:01.632931Z,CAM02,682105,3.34,1.09,1.78,ZoneExit:FrontDesk,"[157,246,42,69]",0.93
2025-11-29T08:29:02.970128Z,CAM01,267455,1.7,1.06,1.67,ZoneEnter:Queue,"[104,296,53,40]",0.99
2025-11-29T08:29:02.970128Z,CAM01,267455,0.56,1.03,1.44,ZoneEnter:Desk:R2,"[170,311,37,60]",0.96
2025-11-29T08:29:33.751758Z,CAM01,869184,1.81,0.74,1.69,ZoneEnter:Queue,"[199,271,32,34]",0.99
2025-11-29T08:29:33.751758Z,CAM01,869184,0.76,0.97,1.69,ZoneEnter:Desk:R1,"[214,239,57,35]",0.99
2025-11-29T08:33:25.805491Z,CAM02,267455,3.54,1.18,1.87,ZoneExit:FrontDesk,"[120,291,48,34]",0.93
2025-11-29T08:34:28.882049Z,CAM02,869184,3.19,1.28,1.59,ZoneExit:FrontDesk,"[197,192,41,33]",0.96
2025-11-29T08:43:22.182850Z,CAM01,643903,0.7,0.91,1.59,ZoneEnter:Desk:R2,"[138,140,52,62]",0.96
2025-11-29T08:43:22.182850Z,CAM01,643903,1.91,0.78,1.42,ZoneEnter:Queue,"[95,225,44,56]",0.92
2025-11-29T08:47:13.305900Z,CAM01,212205,2.17,1.03,1.65,ZoneEnter:Queue,"[142,251,53,58]",0.98
2025-11-29T08:47:13.305900Z,CAM01,212205,0.69,0.98,1.59,ZoneEnter:Desk:R1,"[103,221,31,51]",0.96
2025-11-29T08:52:18.811830Z,CAM02,212205,3.75,1.11,1.63,ZoneExit:FrontDesk,"[160,237,68,69]",0.99
2025-11-29T08:55:18.277501Z,CAM02,643903,3.58,0.97,1.63,ZoneExit:FrontDesk,"[165,281,46,66]",0.9
2025-11-29T09:00:27.200100Z,CAM01,486694,1.32,0.69,1.86,ZoneEnter:Queue,"[152,266,68,34]",0.95
2025-11-29T09:00:27.200100Z,CAM01,486694,0.85,0.81,1.74,ZoneEnter:Desk:R1,"[120,241,39,61]",0.92
2025-11-29T09:06:13.995314Z,CAM01,267717,0.89,0.81,1.7,ZoneEnter:Desk:R2,"[121,270,48,49]",0.97
2025-11-29T09:06:13.995314Z,CAM01,267717,1.34,0.68,1.6,ZoneEnter:Queue,"[95,160,64,35]",0.95
2025-11-29T09:06:33.054514Z,CAM02,486694,3.37,1.15,1.61,ZoneExit:FrontDesk,"[154,182,31,59]",0.97
2025-11-29T09:09:31.099551Z,CAM02,267717,3.32,1.02,1.78,ZoneExit:FrontDesk,"[178,132,41,67]",0.99
2025-11-29T09:21:31.062362Z,CAM01,175788,2.09,0.96,1.48,ZoneEnter:Queue,"[83,148,58,35]",0.99
2025-11-29T09:21:31.062362Z,CAM01,175788,0.61,0.94,1.7,ZoneEnter:Desk:R1,"[187,120,69,51]",0.99
2025-11-29T09:22:53.396533Z,CAM01,779807,1.6,0.71,1.63,ZoneEnter:Queue,"[198,123,40,31]",0.94
2025-11-29T09:22:53.396533Z,CAM01,779807,0.94,0.88,1.77,ZoneEnter:Desk:R2,"[134,255,57,31]",0.94
2025-11-29T09:26:56.433861Z,CAM01,142428,1.85,0.82,1.59,ZoneEnter:Queue,"[110,274,40,40]",0.92
2025-11-29T09:27:09.826165Z,CAM02,175788,3.47,0.99,1.73,ZoneExit:FrontDesk,"[127,251,64,50]",0.91
2025-11-29T09:27:09.826165Z,CAM01,142428,0.8,1.07,1.68,ZoneEnter:Desk:R1,"[100,232,39,38]",0.92
2025-11-29T09:28:30.768541Z,CAM02,779807,2.82,1.23,1.74,ZoneExit:FrontDesk,"[163,174,69,38]",0.99
2025-11-29T09:29:01.176323Z,CAM02,142428,3.2,0.92,1.7,ZoneExit:FrontDesk,"[181,292,33,57]",0.95
2025-11-29T09:34:54.516251Z,CAM01,358180,1.78,0.95,1.73,ZoneEnter:Queue,"[191,302,57,64]",0.98
2025-11-29T09:34:54.516251Z,CAM01,358180,0.65,0.92,1.63,ZoneEnter:Desk:R2,"[168,288,31,53]",0.94
2025-11-29T09:41:28.662256Z,CAM02,358180,3.29,1.21,1.71,ZoneExit:FrontDesk,"[128,280,51,47]",0.9
2025-11-29T09:43:09.656396Z,CAM01,249754,0.72,0.9,1.51,ZoneEnter:Desk:R1,"[218,186,42,41]",0.94
2025-11-29T09:43:09.656396Z,CAM01,249754,1.73,0.73,1.77,ZoneEnter:Queue,"[123,258,59,33]",0.99
2025-11-29T09:49:14.034087Z,CAM02,249754,3.26,1.08,1.63,ZoneExit:FrontDesk,"[98,144,53,56]",0.97
2025-11-29T09:51:25.020143Z,CAM01,569693,1.65,1.02,1.64,ZoneEnter:Queue,"[180,300,35,49]",0.93
2025-11-29T09:51:25.020143Z,CAM01,569693,0.86,0.69,1.59,ZoneEnter:Desk:R2,"[165,263,46,69]",0.94
2025-11-29T09:56:01.737774Z,CAM02,569693,2.85,1.15,1.87,ZoneExit:FrontDesk,"[114,214,33,30]",0.91
2025-11-29T10:08:31.934028Z,CAM01,895321,1.66,0.88,1.6,ZoneEnter:Queue,"[183,199,52,52]",0.96
2025-11-29T10:08:31.934028Z,CAM01,895321,0.99,0.94,1.65,ZoneEnter:Desk:R1,"[141,223,32,57]",0.95
2025-11-29T10:13:15.297262Z,CAM02,895321,3.44,1.06,1.75,ZoneExit:FrontDesk,"[132,190,53,60]",0.95
2025-11-29T11:01:22.473876Z,CAM01,998065,1.49,0.91,1.7,ZoneEnter:Queue,"[185,238,48,35]",0.94
2025-11-29T11:01:22.473876Z,CAM01,998065,0.5,1.01,1.6,ZoneEnter:Desk:R2,"[99,175,51,45]",0.96
2025-11-29T11:02:29.987808Z,CAM01,641695,1.93,0.93,1.67,ZoneEnter:Queue,"[110,123,66,40]",0.96
2025-11-29T11:02:29.987808Z,CAM01,641695,0.99,0.96,1.3,ZoneEnter:Desk:R1,"[170,269,56,58]",0.97
2025-11-29T11:06:16.736287Z,CAM02,998065,3.05,1.14,1.71,ZoneExit:FrontDesk,"[92,144,34,46]",0.94
2025-11-29T11:06:27.417103Z,CAM01,252993,1.81,0.65,1.7,ZoneEnter:Queue,"[124,126,32,41]",0.98
2025-11-29T11:06:27.417103Z,CAM01,252993,0.73,0.83,1.6,ZoneEnter:Desk:R2,"[90,186,41,44]",0.97
2025-11-29T11:07:02.993988Z,CAM01,996281,1.34,0.98,1.59,ZoneEnter:Queue,"[111,249,38,49]",0.99
2025-11-29T11:07:50.209548Z,CAM01,731673,1.58,1.04,1.85,ZoneEnter:Queue,"[164,122,30,52]",0.96
2025-11-29T11:09:40.016809Z,CAM01,946030,1.25,0.82,1.7,ZoneEnter:Queue,"[188,178,48,47]",0.96
2025-11-29T11:09:53.920682Z,CAM02,641695,3.49,0.84,1.57,ZoneExit:FrontDesk,"[114,207,63,47]",0.93
2025-11-29T11:09:53.920682Z,CAM01,996281,0.91,0.88,1.69,ZoneEnter:Desk:R1,"[146,309,35,40]",0.95
2025-11-29T11:11:32.055296Z,CAM02,252993,3.31,1.05,1.46,ZoneExit:FrontDesk,"[175,238,48,62]",0.93
2025-11-29T11:11:32.055296Z,CAM01,731673,0.72,0.98,1.58,ZoneEnter:Desk:R2,"[142,172,40,30]",0.94
2025-11-29T11:11:45.902161Z,CAM01,566216,1.37,0.86,1.73,ZoneEnter:Queue,"[177,124,30,36]",0.91
2025-11-29T11:14:22.909870Z,CAM02,996281,2.74,1.27,1.63,ZoneExit:FrontDesk,"[176,310,37,59]",0.94
2025-11-29T11:14:22.909870Z,CAM01,946030,0.78,0.88,1.6,ZoneEnter:Desk:R1,"[156,230,38,53]",0.95
2025-11-29T11:15:16.295404Z,CAM01,223397,1.65,0.9,1.71,ZoneEnter:Queue,"[137,121,50,40]",0.95
2025-11-29T11:15:24.691464Z,CAM01,586290,1.57,0.81,1.72,ZoneEnter:Queue,"[134,123,44,35]",0.91
2025-11-29T11:15:58.542852Z,CAM01,476046,1.54,0.78,1.58,ZoneEnter:Queue,"[97,254,67,41]",0.94
2025-11-29T11:17:54.102566Z,CAM01,566216,0.62,0.79,1.56,ZoneEnter:Desk:R1,"[185,199,43,60]",0.92
2025-11-29T11:17:54.102566Z,CAM02,946030,2.98,1.26,1.62,ZoneExit:FrontDesk,"[127,216,32,32]",0.98
2025-11-29T11:18:13.809806Z,CAM02,731673,4.0,1.19,1.72,ZoneExit:FrontDesk,"[186,196,34,39]",0.96
2025-11-29T11:18:13.809806Z,CAM01,223397,1.04,0.96,1.54,ZoneEnter:Desk:R2,"[109,306,51,43]",0.95
2025-11-29T11:21:25.661938Z,CAM02,223397,3.02,1.16,1.64,ZoneExit:FrontDesk,"[137,210,57,49]",0.91
2025-11-29T11:21:25.661938Z,CAM01,586290,0.72,0.94,1.72,ZoneEnter:Desk:R2,"[158,317,58,63]",0.99
2025-11-29T11:23:05.003764Z,CAM02,586290,2.84,1.17,1.69,ZoneExit:FrontDesk,"[118,291,66,59]",0.92
2025-11-29T11:23:05.003764Z,CAM01,476046,0.94,0.96,1.64,ZoneEnter:Desk:R2,"[89,190,36,62]",0.96
2025-11-29T11:25:10.750071Z,CAM01,910667,1.93,1.02,1.67,ZoneEnter:Queue,"[125,216,53,47]",0.91
2025-11-29T11:26:37.481513Z,CAM01,381656,2.02,0.95,1.71,ZoneEnter:Queue,"[211,212,68,69]",0.93
2025-11-29T11:26:42.557060Z,CAM02,566216,2.85,1.06,1.7,ZoneExit:FrontDesk,"[180,305,55,62]",0.96
2025-11-29T11:26:42.557060Z,CAM01,910667,0.88,0.74,1.62,ZoneEnter:Desk:R1,"[210,239,59,49]",0.91
2025-11-29T11:27:33.902245Z,CAM01,393381,1.92,0.87,1.75,ZoneEnter:Queue,"[174,171,68,63]",0.96
2025-11-29T11:27:43.199673Z,CAM01,381656,0.96,1.0,1.73,ZoneEnter:Desk:R2,"[197,151,40,45]",0.99
2025-11-29T11:27:43.199673Z,CAM02,476046,3.03,1.11,1.57,ZoneExit:FrontDesk,"[156,292,55,45]",0.91
2025-11-29T11:30:51.290323Z,CAM02,910667,3.26,1.1,1.6,ZoneExit:FrontDesk,"[169,311,69,37]",0.96
2025-11-29T11:30:51.290323Z,CAM01,393381,0.71,0.96,1.74,ZoneEnter:Desk:R1,"[219,305,42,65]",0.96
2025-11-29T11:31:54.762183Z,CAM01,827911,1.13,0.86,1.82,ZoneEnter:Queue,"[201,196,67,58]",0.94
2025-11-29T11:32:59.513321Z,CAM02,381656,3.52,1.19,1.69,ZoneExit:FrontDesk,"[181,204,39,67]",0.95
2025-11-29T11:32:59.513321Z,CAM01,827911,0.8,0.92,1.69,ZoneEnter:Desk:R2,"[218,247,32,54]",0.97
2025-11-29T11:35:23.460777Z,CAM02,393381,3.08,1.11,1.7,ZoneExit:FrontDesk,"[111,148,51,44]",0.96
2025-11-29T11:37:11.472275Z,CAM01,379117,1.91,0.96,1.67,ZoneEnter:Queue,"[210,247,42,69]",0.95
2025-11-29T11:37:11.472275Z,CAM01,379117,1.03,0.93,1.7,ZoneEnter:Desk:R1,"[106,262,62,52]",0.93
2025-11-29T11:37:23.406710Z,CAM02,827911,3.38,1.12,1.72,ZoneExit:FrontDesk,"[208,319,55,33]",0.96
2025-11-29T11:41:58.180047Z,CAM01,691389,1.78,0.82,1.57,ZoneEnter:Queue,"[149,121,62,43]",0.99
2025-11-29T11:41:58.180047Z,CAM01,691389,0.99,0.82,1.66,ZoneEnter:Desk:R2,"[116,133,66,45]",0.97
2025-11-29T11:42:17.887295Z,CAM02,379117,2.84,1.32,1.68,ZoneExit:FrontDesk,"[174,198,63,56]",0.95
2025-11-29T11:42:38.013708Z,CAM01,334519,1.53,0.94,1.6,ZoneEnter:Queue,"[163,296,38,62]",0.99
2025-11-29T11:42:38.013708Z,CAM01,334519,0.91,0.85,1.68,ZoneEnter:Desk:R1,"[166,157,46,40]",0.94
2025-11-29T11:44:32.193172Z,CAM02,691389,3.5,1.01,1.62,ZoneExit:FrontDesk,"[211,175,41,34]",0.95
2025-11-29T11:46:00.906009Z,CAM02,334519,3.36,0.79,1.69,ZoneExit:FrontDesk,"[200,225,34,38]",0.95
2025-11-29T11:49:34.944161Z,CAM01,407612,1.48,0.86,1.64,ZoneEnter:Queue,"[82,199,51,52]",0.99
2025-11-29T11:49:34.944161Z,CAM01,407612,1.01,0.91,1.67,ZoneEnter:Desk:R2,"[183,125,69,43]",0.91
2025-11-29T11:50:20.134238Z,CAM01,727300,1.77,0.88,1.69,ZoneEnter:Queue,"[205,157,60,57]",0.97
2025-11-29T11:50:20.134238Z,CAM01,727300,0.85,1.11,1.73,ZoneEnter:Desk:R1,"[205,156,56,66]",0.99
2025-11-29T11:50:20.234514Z,CAM01,737943,1.72,0.89,1.47,ZoneEnter:Queue,"[196,301,47,47]",0.93
2025-11-29T11:50:36.809982Z,CAM01,181018,1.13,0.9,1.62,ZoneEnter:Queue,"[188,308,31,53]",0.99
2025-11-29T11:52:05.878975Z,CAM01,873030,1.67,1.06,1.68,ZoneEnter:Queue,"[121,222,63,66]",0.93
2025-11-29T11:52:19.263877Z,CAM01,411505,1.51,0.84,1.78,ZoneEnter:Queue,"[167,198,64,63]",0.99
2025-11-29T11:53:57.990107Z,CAM02,727300,3.57,1.27,1.63,ZoneExit:FrontDesk,"[121,178,33,64]",0.95
2025-11-29T11:53:57.990107Z,CAM01,737943,0.5,0.77,1.59,ZoneEnter:Desk:R1,"[118,187,46,44]",0.9
2025-11-29T11:55:54.017122Z,CAM02,407612,3.32,0.84,1.59,ZoneExit:FrontDesk,"[174,219,50,45]",0.94
2025-11-29T11:55:54.017122Z,CAM01,181018,0.86,0.98,1.66,ZoneEnter:Desk:R2,"[154,317,40,58]",0.99
2025-11-29T11:59:04.128734Z,CAM02,181018,2.93,0.93,1.58,ZoneExit:FrontDesk,"[137,215,32,52]",0.97
2025-11-29T11:59:04.128734Z,CAM01,873030,0.78,0.96,1.75,ZoneEnter:Desk:R2,"[110,265,63,50]",0.89
2025-11-29T12:00:49.309101Z,CAM02,737943,2.88,1.18,1.69,ZoneExit:FrontDesk,"[82,152,46,57]",0.99
2025-11-29T12:00:49.309101Z,CAM01,411505,0.71,1.22,1.65,ZoneEnter:Desk:R1,"[120,167,66,64]",0.98
2025-11-29T12:02:37.075751Z,CAM01,474694,2.02,0.82,1.71,ZoneEnter:Queue,"[199,132,57,39]",0.95
2025-11-29T12:02:54.281379Z,CAM02,873030,3.07,1.06,1.51,ZoneExit:FrontDesk,"[199,167,58,60]",0.99
2025-11-29T12:02:54.281379Z,CAM01,474694,0.44,0.99,1.7,ZoneEnter:Desk:R2,"[164,282,52,57]",0.94
2025-11-29T12:02:57.566058Z,CAM01,544616,1.69,0.81,1.64,ZoneEnter:Queue,"[131,273,58,47]",0.94
2025-11-29T12:05:39.700077Z,CAM02,474694,3.43,1.32,1.58,ZoneExit:FrontDesk,"[171,197,51,42]",0.94
2025-11-29T12:05:39.700077Z,CAM01,544616,1.09,0.83,1.69,ZoneEnter:Desk:R2,"[119,289,32,68]",0.99
2025-11-29T12:06:00.011548Z,CAM02,411505,3.26,1.02,1.77,ZoneExit:FrontDesk,"[141,170,66,63]",0.96
2025-11-29T12:07:16.893906Z,CAM01,721297,1.7,0.8,1.55,ZoneEnter:Queue,"[131,251,55,62]",0.96
2025-11-29T12:07:16.893906Z,CAM01,721297,0.52,0.93,1.7,ZoneEnter:Desk:R1,"[213,287,46,56]",0.94
2025-11-29T12:10:58.459703Z,CAM02,721297,3.08,1.33,1.44,ZoneExit:FrontDesk,"[122,122,36,55]",0.99
2025-11-29T12:12:23.698204Z,CAM02,544616,3.53,1.06,1.59,ZoneExit:FrontDesk,"[161,268,36,50]",0.98
2025-11-29T12:13:12.047897Z,CAM01,297222,1.87,0.8,1.61,ZoneEnter:Queue,"[122,280,30,37]",0.94
2025-11-29T12:13:12.047897Z,CAM01,297222,0.71,1.11,1.68,ZoneEnter:Desk:R1,"[126,276,40,37]",0.96
2025-11-29T12:15:52.636136Z,CAM02,297222,3.25,1.11,1.78,ZoneExit:FrontDesk,"[110,134,48,34]",0.96
2025-11-29T12:19:09.531349Z,CAM01,455596,1.59,0.78,1.48,ZoneEnter:Queue,"[114,152,47,38]",0.98
2025-11-29T12:19:09.531349Z,CAM01,455596,0.83,0.78,1.75,ZoneEnter:Desk:R2,"[89,222,46,69]",0.94
2025-11-29T12:19:47.790767Z,CAM01,944954,1.85,0.76,1.72,ZoneEnter:Queue,"[120,228,50,36]",0.99
2025-11-29T12:19:47.790767Z,CAM01,944954,1.03,0.92,1.75,ZoneEnter:Desk:R1,"[85,286,54,56]",0.97
2025-11-29T12:20:15.763487Z,CAM01,849463,1.24,0.92,1.62,ZoneEnter:Queue,"[213,163,59,58]",0.94
2025-11-29T12:20:33.631884Z,CAM01,987659,1.25,0.82,1.53,ZoneEnter:Queue,"[183,227,37,63]",0.9
2025-11-29T12:22:58.812701Z,CAM02,455596,3.48,1.03,1.63,ZoneExit:FrontDesk,"[126,146,41,45]",0.98
2025-11-29T12:22:58.812701Z,CAM01,849463,1.02,0.92,1.54,ZoneEnter:Desk:R2,"[202,196,45,43]",0.9
2025-11-29T12:23:24.069525Z,CAM01,619100,1.36,0.61,1.71,ZoneEnter:Queue,"[196,125,66,66]",0.95
2025-11-29T12:24:53.449548Z,CAM02,944954,2.81,1.15,1.71,ZoneExit:FrontDesk,"[146,211,65,43]",0.95
2025-11-29T12:24:53.449548Z,CAM01,987659,0.71,0.97,1.58,ZoneEnter:Desk:R1,"[120,281,53,50]",0.88
2025-11-29T12:27:45.064684Z,CAM01,417026,1.71,0.83,1.59,ZoneEnter:Queue,"[82,127,51,49]",0.98
2025-11-29T12:27:46.156655Z,CAM01,619100,0.89,1.0,1.7,ZoneEnter:Desk:R2,"[155,169,62,69]",0.97
2025-11-29T12:27:46.156655Z,CAM02,849463,3.13,1.22,1.66,ZoneExit:FrontDesk,"[215,240,38,37]",0.96
2025-11-29T12:30:08.504850Z,CAM01,417026,0.82,0.76,1.85,ZoneEnter:Desk:R1,"[161,214,50,64]",0.89
2025-11-29T12:30:08.504850Z,CAM02,987659,3.0,0.96,1.67,ZoneExit:FrontDesk,"[115,252,56,59]",0.91
2025-11-29T12:30:48.007045Z,CAM02,619100,2.3,1.13,1.67,ZoneExit:FrontDesk,"[176,188,48,42]",0.95
2025-11-29T12:34:21.806034Z,CAM02,417026,2.87,1.15,1.82,ZoneExit:FrontDesk,"[183,188,56,50]",0.9
2025-11-29T12:35:32.021541Z,CAM01,348321,1.56,0.97,1.74,ZoneEnter:Queue,"[109,250,64,33]",0.95
2025-11-29T12:35:32.021541Z,CAM01,348321,0.78,0.88,1.72,ZoneEnter:Desk:R2,"[101,132,67,55]",0.99
2025-11-29T12:36:43.815997Z,CAM01,691737,1.65,0.61,1.63,ZoneEnter:Queue,"[151,216,50,44]",0.95
2025-11-29T12:36:43.815997Z,CAM01,691737,0.8,0.8,1.61,ZoneEnter:Desk:R1,"[161,307,44,52]",0.98
2025-11-29T12:39:52.812203Z,CAM01,216721,2.18,0.87,1.74,ZoneEnter:Queue,"[195,246,36,65]",0.92
2025-11-29T12:40:00.629844Z,CAM01,281090,2.04,1.06,1.75,ZoneEnter:Queue,"[125,138,62,44]",0.93
2025-11-29T12:40:30.002332Z,CAM02,691737,3.6,1.09,1.54,ZoneExit:FrontDesk,"[137,255,67,52]",0.97
2025-11-29T12:40:30.002332Z,CAM01,216721,0.73,0.95,1.65,ZoneEnter:Desk:R1,"[94,285,32,60]",0.97
2025-11-29T12:41:06.312586Z,CAM01,281090,1.06,0.91,1.7,ZoneEnter:Desk:R2,"[137,285,31,60]",0.94
2025-11-29T12:41:06.312586Z,CAM02,348321,3.67,1.26,1.65,ZoneExit:FrontDesk,"[162,241,54,45]",0.98
2025-11-29T12:42:26.809260Z,CAM01,558663,1.68,0.71,1.68,ZoneEnter:Queue,"[139,195,55,33]",0.98
2025-11-29T12:43:41.333641Z,CAM01,558663,1.41,0.94,1.74,ZoneEnter:Desk:R1,"[150,177,56,33]",0.97
2025-11-29T12:43:41.333641Z,CAM02,216721,3.62,1.25,1.85,ZoneExit:FrontDesk,"[172,215,60,43]",0.93
2025-11-29T12:45:33.619484Z,CAM02,281090,3.36,1.11,1.48,ZoneExit:FrontDesk,"[194,232,65,48]",0.92
2025-11-29T12:46:23.098599Z,CAM02,558663,3.56,1.07,1.62,ZoneExit:FrontDesk,"[161,178,50,51]",0.94
2025-11-29T12:46:40.955568Z,CAM01,533593,1.71,0.84,1.74,ZoneEnter:Queue,"[143,147,36,67]",0.94
2025-11-29T12:46:40.955568Z,CAM01,533593,0.8,0.93,1.65,ZoneEnter:Desk:R2,"[146,152,50,40]",0.97
2025-11-29T12:47:00.489787Z,CAM01,901634,1.65,0.89,1.61,ZoneEnter:Queue,"[81,171,69,60]",0.96
2025-11-29T12:47:00.489787Z,CAM01,901634,0.64,0.87,1.6,ZoneEnter:Desk:R1,"[169,235,40,57]",0.96
2025-11-29T12:47:48.369093Z,CAM01,689994,1.67,0.61,1.64,ZoneEnter:Queue,"[108,185,37,34]",0.96
2025-11-29T12:48:39.937632Z,CAM02,533593,3.2,0.87,1.61,ZoneExit:FrontDesk,"[183,286,54,55]",0.98
2025-11-29T12:48:39.937632Z,CAM01,689994,0.93,0.89,1.54,ZoneEnter:Desk:R2,"[199,313,69,48]",0.99
2025-11-29T12:49:41.927804Z,CAM01,736172,2.17,0.75,1.65,ZoneEnter:Queue,"[183,130,67,30]",0.96
2025-11-29T12:50:18.041676Z,CAM01,376448,1.79,0.92,1.63,ZoneEnter:Queue,"[195,234,58,41]",0.99
2025-11-29T12:51:03.544104Z,CAM01,553019,1.64,0.77,1.69,ZoneEnter:Queue,"[140,123,58,57]",0.99
2025-11-29T12:51:58.224727Z,CAM01,600378,1.68,0.73,1.64,ZoneEnter:Queue,"[147,130,59,32]",0.95
2025-11-29T12:52:35.179774Z,CAM01,986041,1.15,0.8,1.54,ZoneEnter:Queue,"[214,225,32,64]",0.91
2025-11-29T12:52:57.902957Z,CAM01,736172,0.79,0.92,1.69,ZoneEnter:Desk:R2,"[126,167,55,46]",0.99
2025-11-29T12:52:57.902957Z,CAM02,689994,3.61,1.22,1.7,ZoneExit:FrontDesk,"[112,272,34,47]",0.99
2025-11-29T12:53:11.844957Z,CAM01,376448,0.94,0.88,1.66,ZoneEnter:Desk:R1,"[199,174,50,37]",0.94
2025-11-29T12:53:11.844957Z,CAM02,901634,3.32,0.86,1.64,ZoneExit:FrontDesk,"[129,305,64,55]",0.94
2025-11-29T12:55:19.990634Z,CAM01,958268,1.43,0.97,1.54,ZoneEnter:Queue,"[100,140,56,47]",0.93
2025-11-29T12:57:07.887433Z,CAM01,456192,1.61,0.75,1.5,ZoneEnter:Queue,"[150,270,59,48]",0.91
2025-11-29T12:58:50.820413Z,CAM01,172480,2.35,0.91,1.49,ZoneEnter:Queue,"[213,306,32,54]",0.99
2025-11-29T13:00:15.374311Z,CAM01,553019,0.64,0.96,1.75,ZoneEnter:Desk:R2,"[196,257,41,65]",0.96
2025-11-29T13:00:15.374311Z,CAM02,736172,2.96,1.46,1.76,ZoneExit:FrontDesk,"[147,209,62,66]",0.93
2025-11-29T13:02:14.599159Z,CAM02,376448,3.46,1.16,1.83,ZoneExit:FrontDesk,"[215,222,34,53]",0.91
2025-11-29T13:02:14.599159Z,CAM01,600378,0.91,0.94,1.64,ZoneEnter:Desk:R1,"[100,129,47,34]",0.97
2025-11-29T13:04:33.043002Z,CAM01,868555,1.57,0.84,1.67,ZoneEnter:Queue,"[162,297,34,41]",0.96
2025-11-29T13:05:41.509806Z,CAM01,827058,1.75,0.7,1.67,ZoneEnter:Queue,"[172,193,68,39]",0.98
2025-11-29T13:05:58.699611Z,CAM01,390106,1.69,0.82,1.52,ZoneEnter:Queue,"[184,157,60,59]",0.9
2025-11-29T13:06:20.067842Z,CAM01,647401,1.78,0.69,1.88,ZoneEnter:Queue,"[123,289,65,35]",0.95
2025-11-29T13:06:51.759539Z,CAM01,997133,1.99,0.92,1.42,ZoneEnter:Queue,"[176,178,62,53]",0.89
2025-11-29T13:07:20.750620Z,CAM01,522069,1.42,0.94,1.6,ZoneEnter:Queue,"[146,221,45,39]",0.98
2025-11-29T13:08:07.011962Z,CAM01,986041,0.68,0.75,1.65,ZoneEnter:Desk:R1,"[187,246,30,55]",0.85
2025-11-29T13:08:07.011962Z,CAM02,600378,3.45,1.04,1.71,ZoneExit:FrontDesk,"[91,270,35,52]",0.99
2025-11-29T13:08:08.623249Z,CAM01,833052,1.31,0.81,1.64,ZoneEnter:Queue,"[217,288,30,34]",0.93
2025-11-29T13:08:54.934544Z,CAM01,716294,1.5,0.82,1.91,ZoneEnter:Queue,"[206,241,43,69]",0.96
2025-11-29T13:10:40.680198Z,CAM01,958268,0.97,0.94,1.44,ZoneEnter:Desk:R2,"[88,216,50,69]",0.97
2025-11-29T13:10:40.680198Z,CAM02,553019,3.31,1.05,1.8,ZoneExit:FrontDesk,"[156,187,69,63]",0.89
2025-11-29T13:11:06.170822Z,CAM02,986041,3.41,0.88,1.5,ZoneExit:FrontDesk,"[136,294,51,67]",0.98
2025-11-29T13:11:06.170822Z,CAM01,456192,1.07,0.94,1.76,ZoneEnter:Desk:R1,"[149,258,69,39]",0.9
2025-11-29T13:15:13.752155Z,CAM01,387030,1.27,0.64,1.85,ZoneEnter:Queue,"[111,215,62,58]",0.97
2025-11-29T13:15:34.143750Z,CAM01,172480,0.86,1.01,1.56,ZoneEnter:Desk:R1,"[153,308,30,63]",0.93
2025-11-29T13:15:34.143750Z,CAM02,456192,3.44,1.15,1.7,ZoneExit:FrontDesk,"[150,169,60,39]",0.96
2025-11-29T13:16:43.154385Z,CAM01,927005,1.35,0.74,1.59,ZoneEnter:Queue,"[134,191,44,50]",0.93
2025-11-29T13:17:04.348286Z,CAM01,868555,0.81,0.88,1.6,ZoneEnter:Desk:R2,"[176,126,35,48]",0.98
2025-11-29T13:17:04.348286Z,CAM02,958268,3.34,1.01,1.54,ZoneExit:FrontDesk,"[162,173,34,58]",0.98
2025-11-29T13:19:33.321612Z,CAM01,827058,0.8,0.89,1.65,ZoneEnter:Desk:R1,"[124,287,44,39]",0.99
2025-11-29T13:19:33.321612Z,CAM02,172480,3.13,0.92,1.71,ZoneExit:FrontDesk,"[134,301,53,33]",0.97
2025-11-29T13:21:03.818908Z,CAM01,565945,1.7,1.03,1.63,ZoneEnter:Queue,"[98,243,34,40]",0.96
2025-11-29T13:21:46.247465Z,CAM01,390106,1.02,0.95,1.59,ZoneEnter:Desk:R1,"[181,253,49,40]",0.99
2025-11-29T13:21:46.247465Z,CAM02,827058,2.83,1.11,1.65,ZoneExit:FrontDesk,"[168,196,56,60]",0.93
2025-11-29T13:22:02.542390Z,CAM01,484733,1.74,0.78,1.81,ZoneEnter:Queue,"[94,312,53,33]",0.96
2025-11-29T13:24:17.951004Z,CAM01,506445,1.49,0.7,1.61,ZoneEnter:Queue,"[120,279,43,42]",0.89
2025-11-29T13:24:24.141851Z,CAM01,647401,1.04,0.92,1.66,ZoneEnter:Desk:R1,"[132,245,67,63]",0.92
2025-11-29T13:24:24.141851Z,CAM02,390106,3.09,1.12,1.69,ZoneExit:FrontDesk,"[95,197,68,53]",0.98
2025-11-29T13:24:28.533461Z,CAM01,997133,0.66,0.81,1.62,ZoneEnter:Desk:R2,"[98,303,59,67]",0.92
2025-11-29T13:24:28.533461Z,CAM02,868555,3.29,0.97,1.7,ZoneExit:FrontDesk,"[214,182,57,38]",0.96
2025-11-29T13:25:24.874687Z,CAM01,727748,1.83,0.9,1.76,ZoneEnter:Queue,"[188,300,63,35]",0.92
2025-11-29T13:25:57.603746Z,CAM01,616157,1.71,0.9,1.61,ZoneEnter:Queue,"[98,224,31,67]",0.9
2025-11-29T13:27:31.025757Z,CAM01,522069,0.63,0.72,1.84,ZoneEnter:Desk:R1,"[120,141,69,36]",0.97
2025-11-29T13:27:31.025757Z,CAM02,647401,2.63,0.91,1.89,ZoneExit:FrontDesk,"[103,185,60,57]",0.96
2025-11-29T13:28:38.519458Z,CAM01,278215,1.51,0.84,1.55,ZoneEnter:Queue,"[98,259,40,48]",0.96
2025-11-29T13:29:16.547445Z,CAM01,833052,0.74,1.05,1.41,ZoneEnter:Desk:R2,"[82,142,44,67]",0.93
2025-11-29T13:29:16.547445Z,CAM02,997133,3.53,1.2,1.86,ZoneExit:FrontDesk,"[133,293,45,50]",0.97
2025-11-29T13:29:17.981923Z,CAM01,395044,1.61,0.86,1.61,ZoneEnter:Queue,"[144,226,40,57]",0.89
2025-11-29T13:30:49.380746Z,CAM01,802816,1.7,0.87,1.83,ZoneEnter:Queue,"[196,192,59,68]",0.96
2025-11-29T13:32:17.571166Z,CAM01,716294,0.73,0.89,1.61,ZoneEnter:Desk:R1,"[164,173,45,40]",0.93
2025-11-29T13:32:17.571166Z,CAM02,522069,3.28,1.21,1.66,ZoneExit:FrontDesk,"[110,243,32,34]",0.99
2025-11-29T13:33:14.590354Z,CAM01,920459,1.84,0.65,1.64,ZoneEnter:Queue,"[192,201,55,33]",0.94
2025-11-29T13:34:55.552705Z,CAM01,706479,1.49,0.81,1.74,ZoneEnter:Queue,"[84,166,57,52]",0.97
2025-11-29T13:35:50.600017Z,CAM02,716294,3.19,1.17,1.61,ZoneExit:FrontDesk,"[156,246,35,61]",0.96
2025-11-29T13:35:50.600017Z,CAM01,387030,0.66,1.01,1.87,ZoneEnter:Desk:R1,"[124,278,60,56]",0.95
2025-11-29T13:36:41.342972Z,CAM02,833052,3.0,0.87,1.75,ZoneExit:FrontDesk,"[198,222,50,63]",0.92
2025-11-29T13:36:41.342972Z,CAM01,927005,0.79,0.81,1.66,ZoneEnter:Desk:R2,"[188,205,44,35]",0.91
2025-11-29T13:37:59.226643Z,CAM01,535765,1.86,1.08,1.73,ZoneEnter:Queue,"[174,242,47,59]",0.92
2025-11-29T13:39:34.684672Z,CAM01,173107,1.63,0.82,1.54,ZoneEnter:Queue,"[125,159,59,63]",0.96
2025-11-29T13:39:54.184065Z,CAM02,927005,2.97,1.0,1.7,ZoneExit:FrontDesk,"[206,272,55,47]",0.93
2025-11-29T13:39:54.184065Z,CAM01,565945,0.73,0.81,1.66,ZoneEnter:Desk:R2,"[156,238,30,58]",0.96
2025-11-29T13:41:31.331816Z,CAM01,484733,0.54,1.0,1.7,ZoneEnter:Desk:R1,"[217,313,38,44]",0.94
2025-11-29T13:41:31.331816Z,CAM02,387030,3.18,0.65,1.63,ZoneExit:FrontDesk,"[207,179,52,37]",0.96
2025-11-29T13:42:26.890225Z,CAM01,506445,0.7,1.04,1.82,ZoneEnter:Desk:R2,"[100,121,52,65]",0.97
2025-11-29T13:42:26.890225Z,CAM02,565945,3.13,0.86,1.58,ZoneExit:FrontDesk,"[83,254,51,39]",0.92
2025-11-29T13:42:53.861180Z,CAM01,594252,1.5,0.65,1.81,ZoneEnter:Queue,"[123,177,35,62]",0.94
2025-11-29T13:43:15.822333Z,CAM01,331925,1.81,0.92,1.51,ZoneEnter:Queue,"[97,235,32,66]",0.94
2025-11-29T13:45:43.513821Z,CAM01,727748,0.98,0.93,1.58,ZoneEnter:Desk:R1,"[110,230,51,54]",0.9
2025-11-29T13:45:43.513821Z,CAM02,484733,2.97,1.05,1.67,ZoneExit:FrontDesk,"[121,283,47,32]",0.95
2025-11-29T13:49:31.461101Z,CAM02,506445,2.63,1.15,1.58,ZoneExit:FrontDesk,"[175,165,50,44]",0.93
2025-11-29T13:49:31.461101Z,CAM01,616157,0.69,0.83,1.48,ZoneEnter:Desk:R2,"[124,178,67,33]",0.96
2025-11-29T13:51:58.149208Z,CAM01,761150,1.49,0.97,1.66,ZoneEnter:Queue,"[129,239,63,68]",0.96
2025-11-29T13:52:21.112829Z,CAM01,733541,1.75,0.77,1.62,ZoneEnter:Queue,"[206,215,42,56]",0.99
2025-11-29T13:53:36.089711Z,CAM01,278215,0.92,0.83,1.7,ZoneEnter:Desk:R2,"[161,219,45,58]",0.9
2025-11-29T13:53:36.089711Z,CAM02,616157,3.53,1.33,1.57,ZoneExit:FrontDesk,"[209,200,49,39]",0.94
2025-11-29T13:53:48.072760Z,CAM01,395044,0.9,0.94,1.85,ZoneEnter:Desk:R1,"[182,173,53,41]",0.96
2025-11-29T13:53:48.072760Z,CAM02,727748,3.33,1.26,1.6,ZoneExit:FrontDesk,"[151,157,49,49]",0.98
2025-11-29T13:55:57.873497Z,CAM01,802816,0.76,1.06,1.79,ZoneEnter:Desk:R2,"[200,170,52,49]",0.93
2025-11-29T13:55:57.873497Z,CAM02,278215,2.86,0.82,1.56,ZoneExit:FrontDesk,"[174,301,54,54]",0.91
2025-11-29T13:58:06.454828Z,CAM02,395044,3.0,1.26,1.66,ZoneExit:FrontDesk,"[88,175,34,30]",0.96
2025-11-29T13:58:06.454828Z,CAM01,920459,0.87,0.95,1.44,ZoneEnter:Desk:R1,"[122,257,45,31]",0.94
2025-11-29T13:58:42.984598Z,CAM01,706479,0.9,0.86,1.76,ZoneEnter:Desk:R2,"[136,239,36,62]",0.96
2025-11-29T13:58:42.984598Z,CAM02,802816,2.88,1.21,1.79,ZoneExit:FrontDesk,"[114,143,37,31]",0.95
2025-11-29T14:00:07.639657Z,CAM01,830867,1.92,0.83,1.77,ZoneEnter:Queue,"[196,245,61,46]",0.91
2025-11-29T14:00:43.319402Z,CAM01,535765,0.73,1.18,1.57,ZoneEnter:Desk:R1,"[185,277,59,30]",0.91
2025-11-29T14:00:43.319402Z,CAM02,920459,3.33,0.96,1.66,ZoneExit:FrontDesk,"[91,195,52,43]",0.93
2025-11-29T14:03:13.419299Z,CAM01,173232,1.31,0.78,1.78,ZoneEnter:Queue,"[99,220,49,67]",0.99
2025-11-29T14:05:25.591148Z,CAM02,535765,3.13,1.06,1.76,ZoneExit:FrontDesk,"[192,256,44,39]",0.96
2025-11-29T14:05:25.591148Z,CAM01,173107,0.76,0.91,1.62,ZoneEnter:Desk:R1,"[200,139,41,64]",0.88
2025-11-29T14:05:56.408004Z,CAM01,594252,0.85,0.91,1.66,ZoneEnter:Desk:R2,"[161,127,45,46]",0.93
2025-11-29T14:05:56.408004Z,CAM02,706479,3.34,1.45,1.8,ZoneExit:FrontDesk,"[169,273,49,63]",0.97
2025-11-29T14:07:24.527832Z,CAM01,166884,2.04,0.99,1.65,ZoneEnter:Queue,"[209,303,60,66]",0.97
2025-11-29T14:08:52.931499Z,CAM01,629232,1.55,0.92,1.72,ZoneEnter:Queue,"[113,264,49,68]",0.93
2025-11-29T14:08:55.678460Z,CAM01,449510,1.44,0.8,1.62,ZoneEnter:Queue,"[189,318,38,36]",0.96
2025-11-29T14:09:32.727613Z,CAM01,469339,2.01,0.85,1.66,ZoneEnter:Queue,"[123,168,56,40]",0.95
2025-11-29T14:09:37.225180Z,CAM01,331925,0.9,0.88,1.69,ZoneEnter:Desk:R2,"[101,218,39,30]",0.88
2025-11-29T14:09:37.225180Z,CAM02,594252,2.85,1.05,1.67,ZoneExit:FrontDesk,"[212,139,36,46]",0.99
2025-11-29T14:11:21.355573Z,CAM01,968243,1.62,0.97,1.71,ZoneEnter:Queue,"[157,282,42,54]",0.94
2025-11-29T14:11:40.194882Z,CAM01,173488,2.04,1.11,1.74,ZoneEnter:Queue,"[95,242,40,55]",0.96
2025-11-29T14:12:23.013255Z,CAM01,761150,0.77,0.95,1.61,ZoneEnter:Desk:R1,"[149,285,46,34]",0.93
2025-11-29T14:12:23.013255Z,CAM02,173107,3.06,1.33,1.63,ZoneExit:FrontDesk,"[211,243,49,68]",0.97
2025-11-29T14:13:03.616493Z,CAM01,733541,0.93,0.64,1.7,ZoneEnter:Desk:R2,"[134,191,40,30]",0.95
2025-11-29T14:13:03.616493Z,CAM02,331925,3.73,1.0,1.74,ZoneExit:FrontDesk,"[149,129,36,68]",0.99
2025-11-29T14:13:47.809072Z,CAM01,427317,1.65,0.74,1.56,ZoneEnter:Queue,"[211,219,65,62]",0.95
2025-11-29T14:14:05.499932Z,CAM01,285866,1.94,0.86,1.72,ZoneEnter:Queue,"[100,125,55,37]",0.97
2025-11-29T14:15:34.309230Z,CAM01,247079,1.72,1.02,1.63,ZoneEnter:Queue,"[114,311,55,39]",0.95
2025-11-29T14:18:25.119955Z,CAM01,970248,2.17,0.89,1.6,ZoneEnter:Queue,"[146,142,68,57]",0.94
2025-11-29T14:18:58.998435Z,CAM02,761150,3.2,1.05,1.56,ZoneExit:FrontDesk,"[142,151,35,59]",0.99
2025-11-29T14:18:58.998435Z,CAM01,830867,0.84,0.98,1.52,ZoneEnter:Desk:R1,"[80,247,60,69]",0.97
2025-11-29T14:20:54.023198Z,CAM02,733541,3.18,1.0,1.53,ZoneExit:FrontDesk,"[111,193,62,45]",0.95
2025-11-29T14:20:54.023198Z,CAM01,173232,0.83,0.75,1.72,ZoneEnter:Desk:R2,"[121,121,48,48]",0.91
2025-11-29T14:23:35.369712Z,CAM02,830867,2.97,1.12,1.55,ZoneExit:FrontDesk,"[208,120,39,65]",0.98
2025-11-29T14:23:35.369712Z,CAM01,166884,0.82,1.06,1.68,ZoneEnter:Desk:R1,"[186,193,66,63]",0.87
2025-11-29T14:24:19.055695Z,CAM02,173232,3.44,1.03,1.53,ZoneExit:FrontDesk,"[212,299,56,64]",0.95
2025-11-29T14:24:19.055695Z,CAM01,629232,0.69,1.01,1.66,ZoneEnter:Desk:R2,"[152,153,43,43]",0.95
2025-11-29T14:25:33.081772Z,CAM01,832293,1.59,1.03,1.65,ZoneEnter:Queue,"[161,133,56,36]",0.93
2025-11-29T14:27:12.593804Z,CAM01,449510,0.82,1.02,1.66,ZoneEnter:Desk:R1,"[100,309,63,42]",0.84
2025-11-29T14:27:12.593804Z,CAM02,166884,3.85,1.17,1.56,ZoneExit:FrontDesk,"[93,233,39,62]",0.98
2025-11-29T14:27:15.992346Z,CAM01,244686,1.71,0.75,1.76,ZoneEnter:Queue,"[86,127,55,35]",0.94
2025-11-29T14:32:09.659374Z,CAM01,469339,0.72,1.03,1.74,ZoneEnter:Desk:R1,"[177,157,61,66]",0.96
2025-11-29T14:32:09.659374Z,CAM02,449510,3.24,0.98,1.79,ZoneExit:FrontDesk,"[217,233,57,44]",0.93
2025-11-29T14:32:13.873744Z,CAM01,968243,0.84,0.94,1.63,ZoneEnter:Desk:R2,"[88,127,64,46]",0.96
2025-11-29T14:32:13.873744Z,CAM02,629232,3.04,1.2,1.8,ZoneExit:FrontDesk,"[207,164,34,64]",0.99
2025-11-29T14:33:32.789329Z,CAM01,200047,2.42,0.95,1.66,ZoneEnter:Queue,"[136,212,59,32]",0.95
2025-11-29T14:33:32.884482Z,CAM01,361309,1.5,0.75,1.59,ZoneEnter:Queue,"[176,246,45,54]",0.94
2025-11-29T14:34:43.047255Z,CAM01,173488,0.69,0.87,1.59,ZoneEnter:Desk:R1,"[157,318,64,63]",0.97
2025-11-29T14:34:43.047255Z,CAM02,469339,3.64,0.89,1.62,ZoneExit:FrontDesk,"[212,246,40,59]",0.92
2025-11-29T14:34:48.430543Z,CAM02,968243,3.43,0.91,1.72,ZoneExit:FrontDesk,"[139,304,31,30]",0.95
2025-11-29T14:34:48.430543Z,CAM01,427317,0.83,0.71,1.58,ZoneEnter:Desk:R2,"[192,150,56,34]",0.98
2025-11-29T14:37:35.881307Z,CAM02,427317,2.79,1.12,1.73,ZoneExit:FrontDesk,"[195,273,50,69]",0.95
2025-11-29T14:37:35.881307Z,CAM01,285866,0.88,1.08,1.65,ZoneEnter:Desk:R2,"[106,123,53,68]",0.98
2025-11-29T14:41:16.249198Z,CAM01,247079,0.85,0.67,1.66,ZoneEnter:Desk:R1,"[150,209,36,33]",0.97
2025-11-29T14:41:16.249198Z,CAM02,173488,3.08,1.35,1.44,ZoneExit:FrontDesk,"[148,175,66,61]",0.92
2025-11-29T14:42:54.738359Z,CAM02,285866,3.44,1.3,1.64,ZoneExit:FrontDesk,"[87,172,61,49]",0.99
2025-11-29T14:42:54.738359Z,CAM01,970248,0.71,1.01,1.5,ZoneEnter:Desk:R2,"[215,242,54,66]",0.94
2025-11-29T14:43:46.213517Z,CAM01,312471,2.0,0.85,1.84,ZoneEnter:Queue,"[144,296,49,31]",0.96
2025-11-29T14:44:16.019689Z,CAM01,832293,0.8,0.91,1.67,ZoneEnter:Desk:R1,"[200,283,69,40]",0.98
2025-11-29T14:44:16.019689Z,CAM02,247079,2.99,1.09,1.57,ZoneExit:FrontDesk,"[129,210,45,41]",0.94
2025-11-29T14:45:19.489700Z,CAM01,730040,1.86,0.88,1.61,ZoneEnter:Queue,"[113,159,48,41]",0.92
2025-11-29T14:46:13.494774Z,CAM01,244686,0.56,0.81,1.54,ZoneEnter:Desk:R2,"[110,159,38,41]",0.97
2025-11-29T14:46:13.494774Z,CAM02,970248,3.11,1.06,1.74,ZoneExit:FrontDesk,"[124,218,31,33]",0.93
2025-11-29T14:50:30.976109Z,CAM01,200047,0.77,0.95,1.76,ZoneEnter:Desk:R2,"[113,140,30,32]",0.9
2025-11-29T14:50:30.976109Z,CAM02,244686,3.64,0.91,1.5,ZoneExit:FrontDesk,"[206,142,62,53]",0.97
2025-11-29T14:52:56.896514Z,CAM01,114412,1.51,0.75,1.57,ZoneEnter:Queue,"[162,293,50,54]",0.93
2025-11-29T14:53:20.761760Z,CAM01,361309,0.55,0.91,1.7,ZoneEnter:Desk:R1,"[156,234,34,50]",0.95
2025-11-29T14:53:20.761760Z,CAM02,832293,3.44,0.96,1.69,ZoneExit:FrontDesk,"[210,225,37,30]",0.92
2025-11-29T14:55:03.558807Z,CAM01,210083,1.62,0.82,1.75,ZoneEnter:Queue,"[145,284,43,43]",0.95
2025-11-29T14:56:23.235710Z,CAM02,361309,3.42,1.2,1.41,ZoneExit:FrontDesk,"[149,154,67,58]",0.94
2025-11-29T14:56:23.235710Z,CAM01,312471,0.74,0.96,1.56,ZoneEnter:Desk:R1,"[89,148,55,41]",0.96
2025-11-29T14:57:21.739192Z,CAM01,730040,0.81,0.85,1.67,ZoneEnter:Desk:R2,"[183,158,33,32]",0.94
2025-11-29T14:57:21.739192Z,CAM02,200047,3.34,1.07,1.6,ZoneExit:FrontDesk,"[191,183,54,68]",0.97
2025-11-29T14:59:44.199110Z,CAM01,234930,1.79,0.89,1.67,ZoneEnter:Queue,"[187,232,38,64]",0.95
2025-11-29T15:00:19.447299Z,CAM01,114412,0.99,0.9,1.93,ZoneEnter:Desk:R1,"[93,276,35,63]",0.94
2025-11-29T15:00:19.447299Z,CAM02,312471,3.13,1.31,1.69,ZoneExit:FrontDesk,"[213,241,67,41]",0.91
2025-11-29T15:02:58.686787Z,CAM01,356120,1.84,0.87,1.62,ZoneEnter:Queue,"[218,232,57,45]",0.99
2025-11-29T15:02:59.898065Z,CAM01,370361,1.63,0.71,1.68,ZoneEnter:Queue,"[118,138,47,31]",0.96
2025-11-29T15:03:27.718034Z,CAM02,114412,3.02,1.13,1.74,ZoneExit:FrontDesk,"[115,191,46,33]",0.94
2025-11-29T15:03:27.718034Z,CAM01,210083,0.92,1.05,1.53,ZoneEnter:Desk:R1,"[112,236,48,61]",0.89
2025-11-29T15:05:30.597170Z,CAM02,730040,3.26,1.16,1.72,ZoneExit:FrontDesk,"[97,142,41,60]",0.92
2025-11-29T15:05:30.597170Z,CAM01,234930,0.92,0.81,1.55,ZoneEnter:Desk:R2,"[205,206,52,51]",0.98
2025-11-29T15:08:33.506996Z,CAM01,356120,0.99,0.87,1.65,ZoneEnter:Desk:R1,"[213,225,31,53]",0.96
2025-11-29T15:08:33.506996Z,CAM02,210083,3.33,1.15,1.57,ZoneExit:FrontDesk,"[209,287,30,45]",0.95
2025-11-29T15:08:41.540482Z,CAM01,370361,0.77,0.84,1.74,ZoneEnter:Desk:R2,"[120,308,67,44]",0.99
2025-11-29T15:08:41.540482Z,CAM02,234930,3.58,1.1,1.71,ZoneExit:FrontDesk,"[113,319,54,68]",0.89
2025-11-29T15:08:43.869403Z,CAM01,438757,1.74,0.88,1.62,ZoneEnter:Queue,"[141,288,38,65]",0.9
2025-11-29T15:13:24.644320Z,CAM02,370361,3.38,1.1,1.6,ZoneExit:FrontDesk,"[89,212,57,30]",0.96
2025-11-29T15:13:24.644320Z,CAM01,438757,0.83,0.97,1.47,ZoneEnter:Desk:R2,"[166,129,48,45]",0.93
2025-11-29T15:15:14.111777Z,CAM02,356120,2.96,1.0,1.64,ZoneExit:FrontDesk,"[170,157,60,50]",0.97
2025-11-29T15:17:26.731172Z,CAM02,438757,2.59,1.05,1.74,ZoneExit:FrontDesk,"[164,174,61,40]",0.95
2025-11-29T15:19:37.567298Z,CAM01,500111,1.8,0.91,1.57,ZoneEnter:Queue,"[164,221,59,63]",0.91
2025-11-29T15:19:37.567298Z,CAM01,500111,0.88,0.91,1.71,ZoneEnter:Desk:R1,"[200,130,66,58]",0.96
2025-11-29T15:21:17.573116Z,CAM01,804199,1.88,0.85,1.78,ZoneEnter:Queue,"[216,143,62,68]",0.94
2025-11-29T15:21:17.573116Z,CAM01,804199,0.78,0.7,1.71,ZoneEnter:Desk:R2,"[143,290,31,42]",0.94
2025-11-29T15:25:09.597425Z,CAM01,998036,1.36,0.9,1.65,ZoneEnter:Queue,"[189,286,66,58]",0.96
2025-11-29T15:26:22.697622Z,CAM02,804199,3.09,1.02,1.53,ZoneExit:FrontDesk,"[194,300,51,46]",0.93
2025-11-29T15:26:22.697622Z,CAM01,998036,0.75,0.84,1.6,ZoneEnter:Desk:R2,"[97,247,53,61]",0.99
2025-11-29T15:27:11.871055Z,CAM01,624183,1.67,0.69,1.77,ZoneEnter:Queue,"[106,210,53,39]",0.93
2025-11-29T15:29:19.247891Z,CAM01,624183,0.82,0.87,1.77,ZoneEnter:Desk:R2,"[131,158,41,53]",0.99
2025-11-29T15:29:19.247891Z,CAM02,998036,3.72,1.23,1.64,ZoneExit:FrontDesk,"[203,234,60,30]",0.92
2025-11-29T15:31:56.843266Z,CAM02,500111,3.51,1.05,1.56,ZoneExit:FrontDesk,"[192,166,44,49]",0.95
2025-11-29T15:33:11.175033Z,CAM02,624183,3.79,1.32,1.49,ZoneExit:FrontDesk,"[149,178,49,34]",0.99
2025-11-29T15:39:40.572809Z,CAM01,818242,1.76,0.77,1.5,ZoneEnter:Queue,"[188,307,40,57]",0.92
2025-11-29T15:39:40.572809Z,CAM01,818242,0.59,1.01,1.65,ZoneEnter:Desk:R1,"[125,311,64,53]",0.95
2025-11-29T15:40:29.760413Z,CAM01,157975,1.57,0.85,1.8,ZoneEnter:Queue,"[183,310,35,31]",0.91
2025-11-29T15:40:29.760413Z,CAM01,157975,0.82,1.12,1.57,ZoneEnter:Desk:R2,"[113,159,45,45]",0.94
2025-11-29T15:40:31.837516Z,CAM01,578822,1.28,0.8,1.67,ZoneEnter:Queue,"[192,143,56,66]",0.91
2025-11-29T15:43:43.225313Z,CAM02,157975,3.08,1.19,1.62,ZoneExit:FrontDesk,"[219,279,37,58]",0.95
2025-11-29T15:43:43.225313Z,CAM01,578822,0.92,0.87,1.65,ZoneEnter:Desk:R2,"[132,133,33,31]",0.96
2025-11-29T15:44:03.870243Z,CAM02,818242,3.06,1.16,1.85,ZoneExit:FrontDesk,"[99,242,45,43]",0.92
2025-11-29T15:44:41.251768Z,CAM01,471794,1.43,0.83,1.71,ZoneEnter:Queue,"[172,151,41,44]",0.96
2025-11-29T15:44:41.251768Z,CAM01,471794,0.71,0.99,1.66,ZoneEnter:Desk:R1,"[203,260,58,38]",0.95
2025-11-29T15:49:20.147211Z,CAM02,578822,3.09,1.16,1.81,ZoneExit:FrontDesk,"[182,301,40,43]",0.93
2025-11-29T15:53:42.720552Z,CAM02,471794,3.93,0.94,1.7,ZoneExit:FrontDesk,"[200,316,43,34]",0.95
2025-11-29T15:56:44.266377Z,CAM01,606846,0.81,0.89,1.73,ZoneEnter:Desk:R2,"[210,142,56,51]",0.99
2025-11-29T15:56:44.266377Z,CAM01,606846,1.58,0.74,1.48,ZoneEnter:Queue,"[94,311,56,60]",0.95
2025-11-29T16:00:14.125554Z,CAM02,606846,2.67,1.05,1.7,ZoneExit:FrontDesk,"[109,288,46,55]",0.94
2025-11-29T16:15:18.499833Z,CAM01,560294,1.56,0.86,1.66,ZoneEnter:Queue,"[103,314,30,56]",0.99
2025-11-29T16:15:18.499833Z,CAM01,560294,0.68,0.79,1.66,ZoneEnter:Desk:R1,"[201,291,48,36]",0.97
2025-11-29T16:18:24.675868Z,CAM02,560294,3.23,1.03,1.7,ZoneExit:FrontDesk,"[96,309,65,43]",0.94
2025-11-29T16:22:08.813380Z,CAM01,244153,1.17,0.66,1.69,ZoneEnter:Queue,"[210,298,60,37]",0.96
2025-11-29T16:22:08.813380Z,CAM01,244153,0.73,0.86,1.68,ZoneEnter:Desk:R2,"[136,281,61,69]",0.99
2025-11-29T16:27:51.796276Z,CAM02,244153,3.53,1.22,1.64,ZoneExit:FrontDesk,"[93,124,59,47]",0.98
2025-11-29T16:36:53.916739Z,CAM01,536486,1.18,0.78,1.58,ZoneEnter:Queue,"[109,215,55,68]",0.94
2025-11-29T16:36:53.916739Z,CAM01,536486,0.74,0.89,1.62,ZoneEnter:Desk:R1,"[175,269,55,66]",0.96
2025-11-29T16:37:59.025896Z,CAM01,399461,1.87,0.6,1.62,ZoneEnter:Queue,"[160,307,63,61]",0.97
2025-11-29T16:37:59.025896Z,CAM01,399461,1.09,0.85,1.52,ZoneEnter:Desk:R2,"[216,131,30,47]",0.94
2025-11-29T16:39:20.686792Z,CAM02,536486,3.49,1.14,1.66,ZoneExit:FrontDesk,"[126,256,67,67]",0.98
2025-11-29T16:42:47.031100Z,CAM02,399461,3.06,1.11,1.63,ZoneExit:FrontDesk,"[188,211,40,52]",0.94
2025-11-29T16:44:08.418026Z,CAM01,190117,1.71,0.61,1.71,ZoneEnter:Queue,"[102,129,45,35]",0.95
2025-11-29T16:44:08.418026Z,CAM01,190117,1.06,1.06,1.74,ZoneEnter:Desk:R1,"[164,284,57,31]",0.98
2025-11-29T16:47:20.111205Z,CAM01,908578,1.43,0.82,1.82,ZoneEnter:Queue,"[90,216,39,63]",0.99
2025-11-29T16:47:20.111205Z,CAM01,908578,0.94,0.81,1.67,ZoneEnter:Desk:R2,"[120,255,39,36]",0.95
2025-11-29T16:50:08.996970Z,CAM01,357974,1.68,0.69,1.6,ZoneEnter:Queue,"[121,272,32,33]",0.96
2025-11-29T16:50:12.536289Z,CAM01,357974,1.09,0.82,1.49,ZoneEnter:Desk:R2,"[103,183,30,42]",0.91
2025-11-29T16:50:12.536289Z,CAM02,908578,2.92,1.16,1.35,ZoneExit:FrontDesk,"[133,263,38,56]",0.92
2025-11-29T16:50:35.686791Z,CAM02,190117,2.67,1.22,1.56,ZoneExit:FrontDesk,"[89,273,35,31]",0.94
2025-11-29T16:56:36.363206Z,CAM02,357974,3.31,1.25,1.62,ZoneExit:FrontDesk,"[89,287,58,62]",0.96
2025-11-29T17:10:36.081133Z,CAM01,728652,1.96,0.86,1.8,ZoneEnter:Queue,"[118,228,67,33]",0.98
2025-11-29T17:10:36.081133Z,CAM01,728652,0.94,1.06,1.76,ZoneEnter:Desk:R1,"[149,232,66,37]",0.95
2025-11-29T17:15:07.710454Z,CAM01,456747,1.7,0.74,1.74,ZoneEnter:Queue,"[188,257,53,31]",0.99
2025-11-29T17:15:07.710454Z,CAM01,456747,0.71,1.17,1.7,ZoneEnter:Desk:R2,"[168,125,61,51]",0.94
2025-11-29T17:15:33.961905Z,CAM02,728652,3.51,1.1,1.63,ZoneExit:FrontDesk,"[182,227,48,41]",0.96
2025-11-29T17:21:17.493722Z,CAM02,456747,3.1,1.0,1.59,ZoneExit:FrontDesk,"[213,274,38,48]",0.96
2025-11-29T17:25:04.124172Z,CAM01,342800,0.88,0.99,1.79,ZoneEnter:Desk:R1,"[85,314,39,38]",0.9
2025-11-29T17:25:04.124172Z,CAM01,342800,1.82,0.69,1.62,ZoneEnter:Queue,"[136,141,49,62]",0.99
2025-11-29T17:29:04.333942Z,CAM02,342800,3.3,1.09,1.68,ZoneExit:FrontDesk,"[120,148,44,33]",0.98
2025-11-29T17:33:10.118390Z,CAM01,487563,1.9,0.88,1.84,ZoneEnter:Queue,"[169,232,43,62]",0.96
2025-11-29T17:33:10.118390Z,CAM01,487563,0.79,0.79,1.65,ZoneEnter:Desk:R2,"[130,226,35,40]",0.99
2025-11-29T17:35:12.065025Z,CAM02,487563,3.42,1.31,1.67,ZoneExit:FrontDesk,"[85,157,39,43]",0.97
2025-11-29T17:39:25.325340Z,CAM01,802699,1.62,0.9,1.64,ZoneEnter:Queue,"[211,200,37,43]",0.99
2025-11-29T17:39:25.325340Z,CAM01,802699,0.82,0.98,1.74,ZoneEnter:Desk:R1,"[193,318,41,46]",0.99
2025-11-29T17:44:07.187165Z,CAM01,296096,0.68,0.92,1.72,ZoneEnter:Desk:R2,"[103,297,50,57]",0.94
2025-11-29T17:44:07.187165Z,CAM01,296096,2.14,1.0,1.86,ZoneEnter:Queue,"[173,236,56,46]",0.94
2025-11-29T17:44:45.801612Z,CAM02,802699,3.04,1.11,1.73,ZoneExit:FrontDesk,"[173,246,64,62]",0.97
2025-11-29T17:48:21.640292Z,CAM02,296096,3.02,1.1,1.55,ZoneExit:FrontDesk,"[158,294,44,56]",0.98
2025-11-29T17:57:45.397179Z,CAM01,382238,1.89,0.79,1.61,ZoneEnter:Queue,"[202,272,59,50]",0.99
2025-11-29T17:57:45.397179Z,CAM01,382238,0.47,0.82,1.58,ZoneEnter:Desk:R1,"[130,300,53,62]",0.97
2025-11-29T18:00:50.736985Z,CAM02,382238,3.11,0.97,1.68,ZoneExit:FrontDesk,"[99,257,60,63]",0.96
2025-11-29T18:01:21.515632Z,CAM01,642865,1.81,0.73,1.43,ZoneEnter:Queue,"[99,307,52,53]",0.99
2025-11-29T18:01:21.515632Z,CAM01,642865,0.5,0.92,1.72,ZoneEnter:Desk:R2,"[137,285,67,69]",0.99
2025-11-29T18:01:56.283201Z,CAM01,769849,1.77,0.73,1.66,ZoneEnter:Queue,"[135,207,52,62]",0.94
2025-11-29T18:01:56.283201Z,CAM01,769849,0.61,0.79,1.47,ZoneEnter:Desk:R1,"[97,195,30,50]",0.95
2025-11-29T18:05:02.926149Z,CAM02,642865,3.6,0.92,1.43,ZoneExit:FrontDesk,"[106,163,66,50]",0.92
2025-11-29T18:05:09.638064Z,CAM01,192465,2.13,0.61,1.71,ZoneEnter:Queue,"[125,254,64,65]",0.97
2025-11-29T18:05:09.638064Z,CAM01,192465,0.85,1.06,1.65,ZoneEnter:Desk:R2,"[86,189,35,52]",0.94
2025-11-29T18:05:51.534724Z,CAM02,769849,3.49,0.93,1.61,ZoneExit:FrontDesk,"[91,265,45,48]",0.96
2025-11-29T18:08:10.907783Z,CAM01,660563,1.74,0.83,1.75,ZoneEnter:Queue,"[98,220,66,34]",0.93
2025-11-29T18:08:10.907783Z,CAM01,660563,0.55,1.03,1.62,ZoneEnter:Desk:R1,"[174,289,69,68]",0.94
2025-11-29T18:09:51.606425Z,CAM02,192465,3.63,1.12,1.66,ZoneExit:FrontDesk,"[182,291,36,55]",0.97
2025-11-29T18:10:24.936744Z,CAM01,647013,2.11,0.94,1.75,ZoneEnter:Queue,"[211,255,65,56]",0.94
2025-11-29T18:10:24.936744Z,CAM01,647013,0.73,1.01,1.85,ZoneEnter:Desk:R2,"[201,144,64,34]",0.93
2025-11-29T18:10:28.305166Z,CAM02,660563,3.46,1.02,1.71,ZoneExit:FrontDesk,"[206,221,55,41]",0.96
2025-11-29T18:14:41.815442Z,CAM02,647013,3.26,0.97,1.65,ZoneExit:FrontDesk,"[107,268,45,56]",0.98
2025-11-29T18:17:07.071162Z,CAM01,401684,1.81,1.07,1.74,ZoneEnter:Queue,"[113,216,37,52]",0.92
2025-11-29T18:17:07.071162Z,CAM01,401684,0.76,0.69,1.74,ZoneEnter:Desk:R1,"[126,220,55,41]",0.95
2025-11-29T18:18:50.304140Z,CAM01,830984,1.63,0.81,1.7,ZoneEnter:Queue,"[102,196,57,59]",0.95
2025-11-29T18:18:50.304140Z,CAM01,830984,0.53,0.99,1.57,ZoneEnter:Desk:R2,"[116,275,45,58]",0.96
2025-11-29T18:20:49.666394Z,CAM02,830984,3.52,0.95,1.49,ZoneExit:FrontDesk,"[114,134,47,61]",0.92
2025-11-29T18:21:32.637087Z,CAM02,401684,3.34,1.07,1.72,ZoneExit:FrontDesk,"[138,265,60,59]",0.94
2025-11-29T18:26:02.381210Z,CAM01,756157,2.03,0.96,1.73,ZoneEnter:Queue,"[137,124,54,36]",0.99
2025-11-29T18:26:02.381210Z,CAM01,756157,0.69,0.87,1.7,ZoneEnter:Desk:R2,"[212,266,40,38]",0.96
2025-11-29T18:31:15.821029Z,CAM02,756157,4.04,0.96,1.69,ZoneExit:FrontDesk,"[173,221,61,57]",0.92
2025-11-29T18:39:54.888233Z,CAM01,648570,2.21,0.81,1.54,ZoneEnter:Queue,"[107,286,33,69]",0.96
2025-11-29T18:39:54.888233Z,CAM01,648570,0.81,0.88,1.64,ZoneEnter:Desk:R1,"[189,188,59,51]",0.9
2025-11-29T18:43:12.995243Z,CAM02,648570,3.06,1.13,1.65,ZoneExit:FrontDesk,"[120,160,34,46]",0.96
2025-11-29T18:44:37.455567Z,CAM01,419708,2.14,0.88,1.6,ZoneEnter:Queue,"[126,208,30,50]",0.98
2025-11-29T18:44:37.455567Z,CAM01,419708,0.85,0.91,1.65,ZoneEnter:Desk:R2,"[148,245,56,36]",0.95
2025-11-29T18:48:34.168492Z,CAM02,419708,3.48,1.22,1.58,ZoneExit:FrontDesk,"[175,172,36,54]",0.95
2025-11-29T18:49:45.225801Z,CAM01,324710,0.75,0.89,1.63,ZoneEnter:Desk:R1,"[210,199,46,51]",0.9
2025-11-29T18:49:45.225801Z,CAM01,324710,1.91,0.78,1.4,ZoneEnter:Queue,"[110,214,47,53]",0.96
2025-11-29T18:50:00.153773Z,CAM01,523490,1.53,0.84,1.47,ZoneEnter:Queue,"[106,202,49,61]",0.91
2025-11-29T18:50:00.153773Z,CAM01,523490,0.96,0.82,1.61,ZoneEnter:Desk:R2,"[87,228,36,66]",0.93
2025-11-29T18:51:15.770573Z,CAM01,534695,1.79,1.08,1.59,ZoneEnter:Queue,"[157,186,43,36]",0.96
2025-11-29T18:53:49.991259Z,CAM01,534695,0.86,0.94,1.48,ZoneEnter:Desk:R2,"[133,272,67,35]",0.99
2025-11-29T18:53:49.991259Z,CAM02,523490,3.28,0.99,1.78,ZoneExit:FrontDesk,"[211,211,47,59]",0.93
2025-11-29T18:53:51.797233Z,CAM01,889588,1.94,0.97,1.76,ZoneEnter:Queue,"[104,310,54,53]",0.95
2025-11-29T18:54:53.745266Z,CAM01,889588,0.74,0.89,1.6,ZoneEnter:Desk:R1,"[172,301,46,47]",0.99
2025-11-29T18:54:53.745266Z,CAM02,324710,3.62,1.3,1.77,ZoneExit:FrontDesk,"[142,258,53,68]",0.93
2025-11-29T18:56:01.341884Z,CAM01,412228,1.84,0.79,1.48,ZoneEnter:Queue,"[213,278,41,41]",0.96
2025-11-29T18:58:02.795902Z,CAM01,871478,1.7,1.06,1.53,ZoneEnter:Queue,"[94,266,39,56]",0.92
2025-11-29T18:58:22.513146Z,CAM01,275277,1.72,0.85,1.61,ZoneEnter:Queue,"[197,299,55,36]",0.99
2025-11-29T18:59:46.826081Z,CAM02,534695,2.91,1.05,1.47,ZoneExit:FrontDesk,"[188,266,67,32]",0.95
2025-11-29T18:59:46.826081Z,CAM01,412228,0.79,0.97,1.72,ZoneEnter:Desk:R2,"[213,198,61,66]",0.96
2025-11-29T19:03:22.684449Z,CAM02,412228,2.72,1.42,1.74,ZoneExit:FrontDesk,"[172,181,33,65]",0.93
2025-11-29T19:03:22.684449Z,CAM01,871478,0.83,0.81,1.65,ZoneEnter:Desk:R2,"[218,245,50,40]",0.97
2025-11-29T19:06:40.973543Z,CAM01,275277,0.93,1.13,1.74,ZoneEnter:Desk:R2,"[163,215,39,57]",0.94
2025-11-29T19:06:40.973543Z,CAM02,871478,3.48,1.12,1.71,ZoneExit:FrontDesk,"[182,276,43,45]",0.97
2025-11-29T19:06:55.822893Z,CAM01,252234,1.55,0.92,1.47,ZoneEnter:Queue,"[123,221,65,44]",0.95
2025-11-29T19:07:48.353378Z,CAM01,484613,1.37,0.85,1.72,ZoneEnter:Queue,"[155,284,52,46]",0.98
2025-11-29T19:08:15.923510Z,CAM01,180102,2.02,1.07,1.68,ZoneEnter:Queue,"[153,277,35,36]",0.95
2025-11-29T19:09:37.794618Z,CAM01,280634,1.41,0.82,1.59,ZoneEnter:Queue,"[171,221,68,45]",0.95
2025-11-29T19:10:09.698200Z,CAM02,889588,3.23,1.03,1.59,ZoneExit:FrontDesk,"[87,282,63,47]",0.95
2025-11-29T19:10:09.698200Z,CAM01,252234,0.57,0.82,1.59,ZoneEnter:Desk:R1,"[107,142,46,39]",0.94
2025-11-29T19:12:40.839774Z,CAM02,275277,3.07,1.1,1.71,ZoneExit:FrontDesk,"[197,290,55,46]",0.93
2025-11-29T19:12:40.839774Z,CAM01,484613,0.58,0.89,1.59,ZoneEnter:Desk:R2,"[215,312,44,69]",0.99
2025-11-29T19:14:15.218021Z,CAM02,252234,2.35,1.24,1.88,ZoneExit:FrontDesk,"[215,157,30,33]",0.95
2025-11-29T19:14:15.218021Z,CAM01,180102,0.79,0.73,1.7,ZoneEnter:Desk:R1,"[87,270,45,65]",0.96
2025-11-29T19:14:53.137195Z,CAM02,484613,3.23,0.86,1.62,ZoneExit:FrontDesk,"[207,230,55,50]",0.99
2025-11-29T19:14:53.137195Z,CAM01,280634,0.64,0.85,1.28,ZoneEnter:Desk:R2,"[189,196,58,41]",0.96
2025-11-29T19:18:01.685595Z,CAM02,180102,3.06,1.23,1.71,ZoneExit:FrontDesk,"[140,126,35,65]",0.99
2025-11-29T19:19:27.382616Z,CAM02,280634,3.26,1.23,1.64,ZoneExit:FrontDesk,"[191,211,50,55]",0.97
2025-11-29T19:21:42.778330Z,CAM01,176933,0.82,1.05,1.64,ZoneEnter:Desk:R1,"[117,283,44,59]",0.98
2025-11-29T19:21:42.778330Z,CAM01,176933,2.07,0.93,1.69,ZoneEnter:Queue,"[200,132,63,60]",0.92
2025-11-29T19:21:55.822682Z,CAM01,796219,1.51,0.67,1.75,ZoneEnter:Queue,"[118,143,39,66]",0.95
2025-11-29T19:21:55.822682Z,CAM01,796219,0.57,0.9,1.56,ZoneEnter:Desk:R2,"[127,208,48,40]",0.96
2025-11-29T19:24:19.492524Z,CAM02,176933,3.24,0.96,1.7,ZoneExit:FrontDesk,"[211,218,59,62]",0.95
2025-11-29T19:25:00.246899Z,CAM01,654037,2.26,0.9,1.55,ZoneEnter:Queue,"[106,271,40,40]",0.97
2025-11-29T19:25:00.246899Z,CAM01,654037,0.73,0.77,1.83,ZoneEnter:Desk:R1,"[188,186,49,35]",0.96
2025-11-29T19:25:14.457307Z,CAM01,273798,1.56,0.95,1.72,ZoneEnter:Queue,"[116,124,69,42]",0.95
2025-11-29T19:25:32.857114Z,CAM02,796219,3.28,1.26,1.64,ZoneExit:FrontDesk,"[163,309,56,65]",0.95
2025-11-29T19:25:32.857114Z,CAM01,273798,0.62,0.93,1.78,ZoneEnter:Desk:R2,"[195,280,51,68]",0.97
2025-11-29T19:28:28.289945Z,CAM01,254383,1.78,0.73,1.48,ZoneEnter:Queue,"[122,199,60,34]",0.87
2025-11-29T19:30:25.553416Z,CAM02,273798,3.01,0.87,1.83,ZoneExit:FrontDesk,"[105,146,57,47]",0.98
2025-11-29T19:30:25.553416Z,CAM01,254383,0.46,0.86,1.7,ZoneEnter:Desk:R2,"[97,146,31,68]",0.94
2025-11-29T19:31:50.286127Z,CAM02,654037,3.06,0.89,1.73,ZoneExit:FrontDesk,"[211,164,63,61]",0.92
2025-11-29T19:32:46.309993Z,CAM01,434105,2.02,0.79,1.65,ZoneEnter:Queue,"[217,231,58,33]",0.9
2025-11-29T19:32:46.309993Z,CAM01,434105,1.06,0.89,1.49,ZoneEnter:Desk:R1,"[218,169,65,34]",0.95
2025-11-29T19:33:14.764360Z,CAM01,682532,1.38,0.86,1.48,ZoneEnter:Queue,"[88,138,63,61]",0.93
2025-11-29T19:33:34.053715Z,CAM01,263900,1.51,0.97,1.55,ZoneEnter:Queue,"[92,306,43,47]",0.96
2025-11-29T19:33:51.841455Z,CAM01,819861,2.04,0.83,1.72,ZoneEnter:Queue,"[101,157,30,52]",0.99
2025-11-29T19:34:23.972114Z,CAM02,254383,3.43,1.19,1.57,ZoneExit:FrontDesk,"[194,262,52,56]",0.99
2025-11-29T19:34:23.972114Z,CAM01,682532,0.97,0.8,1.62,ZoneEnter:Desk:R2,"[117,139,38,61]",0.97
2025-11-29T19:36:04.999666Z,CAM01,654370,1.68,0.84,1.63,ZoneEnter:Queue,"[215,270,48,33]",0.92
2025-11-29T19:37:38.824960Z,CAM02,434105,2.77,1.37,1.44,ZoneExit:FrontDesk,"[145,272,51,47]",0.93
2025-11-29T19:37:38.824960Z,CAM01,263900,0.96,1.07,1.68,ZoneEnter:Desk:R1,"[119,199,51,59]",0.94
2025-11-29T19:38:31.990105Z,CAM02,682532,3.78,1.14,1.55,ZoneExit:FrontDesk,"[125,167,30,56]",0.93
2025-11-29T19:38:31.990105Z,CAM01,819861,0.72,0.9,1.61,ZoneEnter:Desk:R2,"[192,218,61,37]",0.91
2025-11-29T19:43:13.507719Z,CAM01,654370,0.59,0.77,1.58,ZoneEnter:Desk:R2,"[108,187,47,49]",0.91
2025-11-29T19:43:13.507719Z,CAM02,819861,2.98,1.21,1.79,ZoneExit:FrontDesk,"[196,269,36,63]",0.92
2025-11-29T19:43:36.502126Z,CAM02,263900,2.78,0.88,1.59,ZoneExit:FrontDesk,"[115,231,60,30]",0.97
2025-11-29T19:46:56.375467Z,CAM01,591586,1.67,0.67,1.6,ZoneEnter:Queue,"[176,319,57,45]",0.9
2025-11-29T19:46:56.375467Z,CAM01,591586,0.67,0.86,1.77,ZoneEnter:Desk:R1,"[190,296,53,31]",0.96
2025-11-29T19:46:57.647019Z,CAM02,654370,3.09,1.06,1.85,ZoneExit:FrontDesk,"[139,310,46,49]",0.96
2025-11-29T19:46:58.259157Z,CAM01,850384,2.51,0.9,1.61,ZoneEnter:Queue,"[189,137,57,43]",0.92
2025-11-29T19:46:58.259157Z,CAM01,850384,0.79,0.97,1.53,ZoneEnter:Desk:R2,"[159,217,61,64]",0.97
2025-11-29T19:47:46.519944Z,CAM01,870909,1.52,1.03,1.71,ZoneEnter:Queue,"[127,263,50,50]",0.96
2025-11-29T19:48:38.662479Z,CAM01,137329,1.49,1.03,1.62,ZoneEnter:Queue,"[134,319,30,38]",0.9
2025-11-29T19:49:56.731766Z,CAM02,850384,3.4,0.87,1.56,ZoneExit:FrontDesk,"[139,252,42,52]",0.98
2025-11-29T19:49:56.731766Z,CAM01,870909,0.54,0.67,1.72,ZoneEnter:Desk:R2,"[130,164,41,50]",0.96
2025-11-29T19:51:37.241339Z,CAM01,950619,1.54,0.7,1.79,ZoneEnter:Queue,"[146,299,54,50]",0.93
2025-11-29T19:51:53.512316Z,CAM02,591586,3.25,1.23,1.59,ZoneExit:FrontDesk,"[85,228,68,64]",0.95
2025-11-29T19:51:53.512316Z,CAM01,137329,0.84,1.03,1.72,ZoneEnter:Desk:R1,"[193,315,60,33]",0.95
2025-11-29T19:54:01.849483Z,CAM01,950619,0.84,0.79,1.66,ZoneEnter:Desk:R2,"[148,275,62,49]",0.98
2025-11-29T19:54:01.849483Z,CAM02,870909,2.85,1.05,1.68,ZoneExit:FrontDesk,"[145,289,48,34]",0.94
2025-11-29T19:57:30.103058Z,CAM01,548753,1.52,0.91,1.66,ZoneEnter:Queue,"[91,177,57,32]",0.93
2025-11-29T19:57:53.709254Z,CAM02,950619,2.81,1.09,1.68,ZoneExit:FrontDesk,"[190,178,55,68]",0.92
2025-11-29T19:57:53.709254Z,CAM01,548753,0.53,0.86,1.72,ZoneEnter:Desk:R2,"[121,153,33,42]",0.93
2025-11-29T19:58:01.717882Z,CAM02,137329,3.5,0.92,1.56,ZoneExit:FrontDesk,"[159,243,51,35]",0.92
2025-11-29T19:58:12.835411Z,CAM01,690000,1.45,0.85,1.49,ZoneEnter:Queue,"[85,181,55,55]",0.99
2025-11-29T19:58:12.835411Z,CAM01,690000,0.85,0.83,1.63,ZoneEnter:Desk:R1,"[85,254,54,38]",0.98
2025-11-29T20:01:29.209264Z,CAM02,690000,2.78,1.02,1.69,ZoneExit:FrontDesk,"[105,146,60,34]",0.97
2025-11-29T20:01:56.043166Z,CAM02,548753,2.56,1.22,1.59,ZoneExit:FrontDesk,"[105,158,67,35]",0.98
2025-11-29T20:27:04.786534Z,CAM01,318017,1.26,0.91,1.79,ZoneEnter:Queue,"[206,219,35,55]",0.96
2025-11-29T20:27:04.786534Z,CAM01,318017,1.11,0.76,1.54,ZoneEnter:Desk:R1,"[196,120,43,47]",0.94
2025-11-29T20:30:33.727413Z,CAM02,318017,3.16,1.29,1.92,ZoneExit:FrontDesk,"[137,196,61,54]",0.97
2025-11-29T20:41:03.392797Z,CAM01,906453,1.26,0.86,1.73,ZoneEnter:Queue,"[145,225,60,48]",0.99
2025-11-29T20:41:03.392797Z,CAM01,906453,0.86,0.86,1.62,ZoneEnter:Desk:R2,"[159,199,30,40]",0.98
2025-11-29T20:43:11.167444Z,CAM02,906453,3.41,0.97,1.63,ZoneExit:FrontDesk,"[133,159,40,45]",0.94
2025-11-29T20:55:40.495946Z,CAM01,872596,1.54,0.73,1.74,ZoneEnter:Queue,"[161,276,51,32]",0.91
2025-11-29T20:55:40.495946Z,CAM01,872596,0.85,0.9,1.66,ZoneEnter:Desk:R1,"[187,274,38,43]",0.97
2025-11-29T20:59:33.296379Z,CAM02,872596,3.49,0.98,1.65,ZoneExit:FrontDesk,"[217,297,67,69]",0.89
2025-11-30T08:10:38.462447Z,CAM01,774333,1.02,0.98,1.85,ZoneEnter:Desk:R1,"[127,224,60,42]",0.99
2025-11-30T08:10:38.462447Z,CAM01,774333,1.28,0.94,1.62,ZoneEnter:Queue,"[86,185,33,47]",0.91
2025-11-30T08:15:28.754187Z,CAM02,774333,2.96,1.19,1.4,ZoneExit:FrontDesk,"[199,242,55,53]",0.99
2025-11-30T08:24:49.074059Z,CAM01,713389,1.38,0.87,1.78,ZoneEnter:Queue,"[170,170,48,59]",0.93
2025-11-30T08:24:49.074059Z,CAM01,713389,0.67,0.99,1.6,ZoneEnter:Desk:R2,"[80,128,58,34]",0.99
2025-11-30T08:27:30.574244Z,CAM02,713389,3.98,1.37,1.59,ZoneExit:FrontDesk,"[147,302,62,50]",0.93
2025-11-30T08:28:15.334502Z,CAM01,569042,2.47,0.87,1.81,ZoneEnter:Queue,"[181,220,63,33]",0.98
2025-11-30T08:28:15.334502Z,CAM01,569042,1.04,0.9,1.72,ZoneEnter:Desk:R1,"[200,130,36,52]",0.94
2025-11-30T08:30:10.475265Z,CAM02,569042,3.25,1.37,1.69,ZoneExit:FrontDesk,"[206,270,51,63]",0.89
2025-11-30T08:36:19.034530Z,CAM01,153821,1.71,0.65,1.61,ZoneEnter:Queue,"[96,224,59,55]",0.97
2025-11-30T08:36:19.034530Z,CAM01,153821,0.58,0.89,1.5,ZoneEnter:Desk:R2,"[118,204,67,40]",0.92
2025-11-30T08:42:00.848611Z,CAM02,153821,3.57,0.96,1.71,ZoneExit:FrontDesk,"[177,145,41,32]",0.91
2025-11-30T08:43:05.055771Z,CAM01,476855,1.71,0.74,1.55,ZoneEnter:Queue,"[111,159,43,37]",0.94
2025-11-30T08:43:05.055771Z,CAM01,476855,0.51,1.05,1.61,ZoneEnter:Desk:R1,"[125,253,33,56]",0.93
2025-11-30T08:47:28.651993Z,CAM02,476855,3.07,1.09,1.5,ZoneExit:FrontDesk,"[156,236,63,49]",0.99
2025-11-30T09:00:18.109239Z,CAM01,841662,1.59,0.92,1.76,ZoneEnter:Queue,"[81,134,35,60]",0.94
2025-11-30T09:00:18.109239Z,CAM01,841662,1.04,0.88,1.44,ZoneEnter:Desk:R2,"[144,291,48,55]",0.93
2025-11-30T09:05:26.342011Z,CAM02,841662,3.33,0.87,1.56,ZoneExit:FrontDesk,"[191,149,44,38]",0.94
2025-11-30T09:10:46.451500Z,CAM01,514225,1.57,0.81,1.64,ZoneEnter:Queue,"[105,230,30,43]",0.94
2025-11-30T09:10:46.451500Z,CAM01,514225,0.65,0.9,1.55,ZoneEnter:Desk:R1,"[177,127,62,59]",0.99
2025-11-30T09:15:13.682220Z,CAM02,514225,3.33,1.22,1.52,ZoneExit:FrontDesk,"[80,309,55,68]",0.92
2025-11-30T09:41:14.251200Z,CAM01,343815,1.48,0.98,1.78,ZoneEnter:Queue,"[159,181,69,46]",0.94
2025-11-30T09:41:14.251200Z,CAM01,343815,0.8,0.8,1.56,ZoneEnter:Desk:R2,"[151,317,60,51]",0.95
2025-11-30T09:45:22.448596Z,CAM01,705934,2.14,0.92,1.61,ZoneEnter:Queue,"[203,284,56,44]",0.99
2025-11-30T09:45:22.448596Z,CAM01,705934,0.92,0.92,1.81,ZoneEnter:Desk:R1,"[199,253,50,47]",0.98
2025-11-30T09:47:40.528093Z,CAM02,343815,3.65,1.17,1.61,ZoneExit:FrontDesk,"[175,285,49,43]",0.98
2025-11-30T09:51:20.349581Z,CAM02,705934,3.47,0.82,1.62,ZoneExit:FrontDesk,"[135,285,30,66]",0.93
2025-11-30T10:04:18.378370Z,CAM01,930037,1.79,0.94,1.51,ZoneEnter:Queue,"[195,152,38,57]",0.9
2025-11-30T10:04:18.378370Z,CAM01,930037,0.97,1.04,1.74,ZoneEnter:Desk:R2,"[137,302,58,48]",0.94
2025-11-30T10:08:11.916835Z,CAM02,930037,3.04,1.24,1.61,ZoneExit:FrontDesk,"[154,227,67,39]",0.95
2025-11-30T10:24:37.880172Z,CAM01,828420,1.66,0.85,1.71,ZoneEnter:Queue,"[149,293,63,65]",0.99
2025-11-30T10:24:37.880172Z,CAM01,828420,0.71,0.88,1.45,ZoneEnter:Desk:R1,"[136,229,34,36]",0.96
2025-11-30T10:28:04.531074Z,CAM02,828420,3.28,0.97,1.49,ZoneExit:FrontDesk,"[178,133,60,33]",0.98
2025-11-30T10:33:00.338099Z,CAM01,522817,0.83,0.8,1.79,ZoneEnter:Desk:R2,"[166,123,67,57]",0.97
2025-11-30T10:33:00.338099Z,CAM01,522817,2.01,0.64,1.67,ZoneEnter:Queue,"[147,123,67,46]",0.95
2025-11-30T10:35:57.592818Z,CAM02,522817,3.31,1.16,1.53,ZoneExit:FrontDesk,"[186,215,37,30]",0.98
2025-11-30T10:41:42.529785Z,CAM01,147606,1.62,0.91,1.83,ZoneEnter:Queue,"[208,281,33,48]",0.99
2025-11-30T10:41:42.529785Z,CAM01,147606,0.66,0.91,1.66,ZoneEnter:Desk:R1,"[122,232,54,54]",0.93
2025-11-30T10:46:04.606017Z,CAM02,147606,3.31,1.39,1.6,ZoneExit:FrontDesk,"[169,212,49,61]",0.97
2025-11-30T11:04:07.556249Z,CAM01,712726,1.54,0.91,1.79,ZoneEnter:Queue,"[136,241,63,61]",0.99
2025-11-30T11:04:07.556249Z,CAM01,712726,0.79,0.98,1.53,ZoneEnter:Desk:R2,"[170,136,63,31]",0.95
2025-11-30T11:05:53.884059Z,CAM01,614161,1.66,0.87,1.63,ZoneEnter:Queue,"[192,231,31,35]",0.9
2025-11-30T11:05:53.884059Z,CAM01,614161,0.71,0.86,1.7,ZoneEnter:Desk:R1,"[105,314,68,66]",0.95
2025-11-30T11:06:14.947297Z,CAM02,712726,3.27,1.42,1.6,ZoneExit:FrontDesk,"[218,130,47,52]",0.94
2025-11-30T11:07:12.824997Z,CAM01,234449,1.68,0.93,1.7,ZoneEnter:Queue,"[113,169,32,67]",0.98
2025-11-30T11:07:12.824997Z,CAM01,234449,0.97,0.82,1.72,ZoneEnter:Desk:R2,"[88,181,43,41]",0.99
2025-11-30T11:07:24.410517Z,CAM01,898303,1.6,1.03,1.54,ZoneEnter:Queue,"[136,237,43,61]",0.99
2025-11-30T11:07:27.687791Z,CAM01,192434,2.3,0.81,1.65,ZoneEnter:Queue,"[210,184,52,31]",0.97
2025-11-30T11:07:46.429313Z,CAM01,428802,1.55,0.9,1.72,ZoneEnter:Queue,"[186,181,36,46]",0.94
2025-11-30T11:10:41.873203Z,CAM01,898303,0.71,1.01,1.81,ZoneEnter:Desk:R2,"[118,155,56,50]",0.85
2025-11-30T11:10:41.873203Z,CAM02,234449,2.85,1.14,1.68,ZoneExit:FrontDesk,"[189,182,62,31]",0.99
2025-11-30T11:11:08.058759Z,CAM01,856014,1.38,0.76,1.67,ZoneEnter:Queue,"[171,196,50,55]",0.96
2025-11-30T11:11:16.149205Z,CAM01,192434,0.93,0.78,1.75,ZoneEnter:Desk:R1,"[145,287,47,37]",0.98
2025-11-30T11:11:16.149205Z,CAM02,614161,3.43,0.64,1.71,ZoneExit:FrontDesk,"[192,259,51,54]",0.91
2025-11-30T11:11:37.213547Z,CAM01,639968,1.42,0.82,1.63,ZoneEnter:Queue,"[88,281,63,39]",0.95
2025-11-30T11:11:52.982579Z,CAM01,469633,1.81,0.6,1.65,ZoneEnter:Queue,"[184,310,41,51]",0.93
2025-11-30T11:13:17.739255Z,CAM01,560877,2.11,0.78,1.56,ZoneEnter:Queue,"[113,226,38,35]",0.96
2025-11-30T11:13:47.495228Z,CAM02,192434,3.28,0.81,1.72,ZoneExit:FrontDesk,"[117,131,53,58]",0.96
2025-11-30T11:13:47.495228Z,CAM01,428802,0.6,0.94,1.85,ZoneEnter:Desk:R1,"[209,174,48,30]",0.95
2025-11-30T11:13:49.560558Z,CAM01,542686,1.48,0.73,1.58,ZoneEnter:Queue,"[112,265,39,32]",0.96
2025-11-30T11:15:03.647781Z,CAM02,898303,3.53,1.29,1.56,ZoneExit:FrontDesk,"[130,204,46,47]",0.95
2025-11-30T11:15:03.647781Z,CAM01,856014,0.67,0.88,1.67,ZoneEnter:Desk:R2,"[82,165,62,39]",0.96
2025-11-30T11:16:10.710948Z,CAM01,895664,1.67,0.97,1.55,ZoneEnter:Queue,"[128,303,47,53]",0.95
2025-11-30T11:16:15.545238Z,CAM01,639968,0.61,0.81,1.63,ZoneEnter:Desk:R1,"[166,312,31,47]",0.93
2025-11-30T11:16:15.545238Z,CAM02,428802,2.92,0.82,1.65,ZoneExit:FrontDesk,"[175,157,63,32]",0.96
2025-11-30T11:21:48.007750Z,CAM01,469633,0.77,0.91,1.68,ZoneEnter:Desk:R2,"[89,128,50,62]",0.97
2025-11-30T11:21:48.007750Z,CAM02,856014,2.74,1.05,1.63,ZoneExit:FrontDesk,"[203,232,50,58]",0.93
2025-11-30T11:22:27.598204Z,CAM02,639968,3.02,1.23,1.43,ZoneExit:FrontDesk,"[158,181,43,66]",0.93
2025-11-30T11:22:27.598204Z,CAM01,560877,1.09,0.87,1.62,ZoneEnter:Desk:R1,"[120,148,67,57]",0.93
2025-11-30T11:25:32.091260Z,CAM01,862705,2.19,0.75,1.61,ZoneEnter:Queue,"[182,240,53,38]",0.98
2025-11-30T11:25:45.337540Z,CAM02,469633,2.77,1.12,1.67,ZoneExit:FrontDesk,"[209,208,38,56]",0.95
2025-11-30T11:25:45.337540Z,CAM01,542686,0.9,0.94,1.8,ZoneEnter:Desk:R2,"[184,187,40,68]",0.93
2025-11-30T11:26:53.011665Z,CAM01,473425,1.59,0.85,1.57,ZoneEnter:Queue,"[204,192,43,31]",0.91
2025-11-30T11:27:25.032360Z,CAM02,560877,3.63,1.18,1.64,ZoneExit:FrontDesk,"[171,165,45,37]",0.95
2025-11-30T11:27:25.032360Z,CAM01,895664,0.71,0.86,1.69,ZoneEnter:Desk:R1,"[107,210,38,33]",0.97
2025-11-30T11:32:00.383717Z,CAM01,216208,1.36,0.78,1.7,ZoneEnter:Queue,"[156,121,36,57]",0.95
2025-11-30T11:32:03.214880Z,CAM01,260466,1.55,0.91,1.56,ZoneEnter:Queue,"[82,271,68,49]",0.86
2025-11-30T11:32:10.591695Z,CAM02,542686,3.16,0.97,1.62,ZoneExit:FrontDesk,"[173,229,45,55]",0.98
2025-11-30T11:32:10.591695Z,CAM01,862705,0.86,1.02,1.71,ZoneEnter:Desk:R2,"[201,192,31,47]",0.94
2025-11-30T11:32:44.929234Z,CAM01,984574,2.1,0.82,1.83,ZoneEnter:Queue,"[81,180,43,53]",0.96
2025-11-30T11:32:48.066439Z,CAM01,494698,1.6,0.67,1.69,ZoneEnter:Queue,"[121,196,47,37]",0.91
2025-11-30T11:33:02.553011Z,CAM01,194545,1.45,0.65,1.72,ZoneEnter:Queue,"[114,124,63,45]",0.94
2025-11-30T11:34:04.795980Z,CAM01,749635,1.57,0.68,1.86,ZoneEnter:Queue,"[161,219,68,56]",0.99
2025-11-30T11:36:06.462657Z,CAM01,473425,0.73,0.89,1.51,ZoneEnter:Desk:R2,"[194,123,50,56]",0.91
2025-11-30T11:36:06.462657Z,CAM02,862705,3.25,1.21,1.73,ZoneExit:FrontDesk,"[152,242,62,50]",0.89
2025-11-30T11:36:24.313799Z,CAM02,895664,2.77,1.04,1.57,ZoneExit:FrontDesk,"[159,236,37,33]",0.98
2025-11-30T11:36:24.313799Z,CAM01,216208,0.95,0.89,1.56,ZoneEnter:Desk:R1,"[200,158,54,41]",0.96
2025-11-30T11:39:03.393789Z,CAM02,473425,3.52,1.08,1.6,ZoneExit:FrontDesk,"[148,250,36,60]",0.97
2025-11-30T11:39:03.393789Z,CAM01,260466,0.72,0.65,1.68,ZoneEnter:Desk:R2,"[174,310,41,42]",0.95
2025-11-30T11:39:52.725033Z,CAM01,172583,1.73,1.08,1.62,ZoneEnter:Queue,"[217,179,48,43]",0.94
2025-11-30T11:40:57.941942Z,CAM02,216208,3.18,1.1,1.79,ZoneExit:FrontDesk,"[203,161,54,39]",0.99
2025-11-30T11:40:57.941942Z,CAM01,984574,0.75,0.61,1.62,ZoneEnter:Desk:R1,"[156,252,59,37]",0.93
2025-11-30T11:43:32.373315Z,CAM02,260466,3.36,1.14,1.64,ZoneExit:FrontDesk,"[92,167,61,50]",0.92
2025-11-30T11:43:32.373315Z,CAM01,494698,0.76,0.8,1.52,ZoneEnter:Desk:R2,"[153,139,65,30]",0.95
2025-11-30T11:45:27.774339Z,CAM02,494698,2.72,1.14,1.77,ZoneExit:FrontDesk,"[131,244,41,60]",0.94
2025-11-30T11:45:27.774339Z,CAM01,194545,0.86,0.91,1.73,ZoneEnter:Desk:R2,"[219,210,41,47]",0.94
2025-11-30T11:46:51.568529Z,CAM01,613274,1.7,0.92,1.8,ZoneEnter:Queue,"[103,135,57,45]",0.96
2025-11-30T11:47:34.191333Z,CAM01,300089,1.51,0.82,1.61,ZoneEnter:Queue,"[132,124,56,65]",0.95
2025-11-30T11:49:33.510321Z,CAM01,749635,1.11,0.97,1.63,ZoneEnter:Desk:R1,"[210,134,35,36]",0.89
2025-11-30T11:49:33.510321Z,CAM02,984574,3.09,1.22,1.69,ZoneExit:FrontDesk,"[162,269,60,39]",0.91
2025-11-30T11:49:54.239959Z,CAM01,851320,2.11,0.75,1.64,ZoneEnter:Queue,"[159,313,54,49]",0.94
2025-11-30T11:49:58.465930Z,CAM01,930874,1.91,0.78,1.46,ZoneEnter:Queue,"[104,212,46,41]",0.95
2025-11-30T11:51:15.990490Z,CAM01,718131,1.63,0.8,1.65,ZoneEnter:Queue,"[84,137,56,42]",0.95
2025-11-30T11:51:17.930267Z,CAM01,172583,0.59,0.77,1.7,ZoneEnter:Desk:R2,"[115,243,67,33]",0.98
2025-11-30T11:51:17.930267Z,CAM02,194545,3.6,0.77,1.71,ZoneExit:FrontDesk,"[139,170,67,47]",0.97
2025-11-30T11:54:39.633317Z,CAM01,613274,0.93,0.62,1.72,ZoneEnter:Desk:R1,"[133,136,36,64]",0.93
2025-11-30T11:54:39.633317Z,CAM02,749635,3.07,1.1,1.77,ZoneExit:FrontDesk,"[217,291,63,32]",0.98
2025-11-30T11:55:01.811956Z,CAM02,172583,3.47,1.12,1.73,ZoneExit:FrontDesk,"[146,182,50,45]",0.97
2025-11-30T11:55:01.811956Z,CAM01,300089,0.92,0.93,1.7,ZoneEnter:Desk:R2,"[117,197,65,52]",0.97
2025-11-30T11:57:13.626524Z,CAM02,613274,3.34,1.14,1.65,ZoneExit:FrontDesk,"[149,197,35,44]",0.95
2025-11-30T11:57:13.626524Z,CAM01,851320,0.71,0.85,1.6,ZoneEnter:Desk:R1,"[194,123,60,30]",0.98
2025-11-30T11:57:25.239406Z,CAM01,604726,1.88,0.84,1.66,ZoneEnter:Queue,"[100,209,61,52]",0.97
2025-11-30T11:57:50.455344Z,CAM01,919135,2.1,0.7,1.75,ZoneEnter:Queue,"[161,196,42,41]",0.96
2025-11-30T11:59:39.173577Z,CAM01,962858,1.78,0.93,1.61,ZoneEnter:Queue,"[187,148,41,45]",0.99
2025-11-30T11:59:44.223563Z,CAM01,930874,0.74,0.9,1.7,ZoneEnter:Desk:R2,"[151,243,55,67]",0.91
2025-11-30T11:59:44.223563Z,CAM02,300089,3.59,1.3,1.55,ZoneExit:FrontDesk,"[160,188,36,46]",0.93
2025-11-30T12:00:39.364077Z,CAM01,718131,0.72,0.72,1.53,ZoneEnter:Desk:R1,"[95,266,54,57]",0.92
2025-11-30T12:00:39.364077Z,CAM02,851320,3.88,1.18,1.63,ZoneExit:FrontDesk,"[112,173,64,59]",0.97
2025-11-30T12:03:29.304329Z,CAM01,604726,0.67,1.04,1.55,ZoneEnter:Desk:R1,"[211,139,44,45]",0.98
2025-11-30T12:03:29.304329Z,CAM02,718131,2.9,1.34,1.7,ZoneExit:FrontDesk,"[187,209,64,37]",0.93
2025-11-30T12:03:30.235555Z,CAM01,570401,2.4,0.68,1.56,ZoneEnter:Queue,"[146,134,45,38]",0.96
2025-11-30T12:04:17.505603Z,CAM01,683800,1.11,0.91,1.71,ZoneEnter:Queue,"[88,183,53,65]",0.95
2025-11-30T12:04:38.010956Z,CAM01,595136,1.83,0.78,1.79,ZoneEnter:Queue,"[192,187,35,66]",0.99
2025-11-30T12:06:43.477105Z,CAM01,919135,0.61,1.1,1.7,ZoneEnter:Desk:R2,"[179,136,33,49]",0.95
2025-11-30T12:06:43.477105Z,CAM02,930874,3.08,1.19,1.67,ZoneExit:FrontDesk,"[196,299,46,33]",0.97
2025-11-30T12:06:57.429938Z,CAM01,962858,0.64,0.9,1.65,ZoneEnter:Desk:R1,"[146,174,38,59]",0.96
2025-11-30T12:06:57.429938Z,CAM02,604726,3.33,1.09,1.78,ZoneExit:FrontDesk,"[164,308,41,54]",0.98
2025-11-30T12:07:16.334533Z,CAM01,421200,1.69,0.57,1.59,ZoneEnter:Queue,"[176,190,32,65]",0.95
2025-11-30T12:08:31.479012Z,CAM01,538033,1.88,0.87,1.66,ZoneEnter:Queue,"[180,207,53,63]",0.92
2025-11-30T12:09:56.057855Z,CAM01,649512,2.16,0.85,1.78,ZoneEnter:Queue,"[207,164,51,57]",0.97
2025-11-30T12:10:25.915013Z,CAM01,883609,1.61,0.85,1.67,ZoneEnter:Queue,"[132,180,54,53]",0.95
2025-11-30T12:11:10.345329Z,CAM01,570401,1.01,1.06,1.59,ZoneEnter:Desk:R2,"[125,305,33,41]",0.96
2025-11-30T12:11:10.345329Z,CAM02,919135,2.99,1.16,1.81,ZoneExit:FrontDesk,"[182,241,65,36]",0.94
2025-11-30T12:12:21.388087Z,CAM02,962858,3.5,1.44,1.43,ZoneExit:FrontDesk,"[101,282,37,34]",0.93
2025-11-30T12:12:21.388087Z,CAM01,683800,0.68,0.9,1.45,ZoneEnter:Desk:R1,"[81,154,37,37]",0.99
2025-11-30T12:15:56.964665Z,CAM01,595136,0.78,1.05,1.65,ZoneEnter:Desk:R2,"[139,228,32,60]",0.99
2025-11-30T12:15:56.964665Z,CAM02,570401,2.97,1.16,1.54,ZoneExit:FrontDesk,"[129,303,59,32]",0.97
2025-11-30T12:16:14.604987Z,CAM01,421200,0.59,0.97,1.68,ZoneEnter:Desk:R1,"[208,273,40,55]",0.93
2025-11-30T12:16:14.604987Z,CAM02,683800,3.44,1.14,1.65,ZoneExit:FrontDesk,"[169,281,34,38]",0.97
2025-11-30T12:16:24.153954Z,CAM01,174021,1.69,0.94,1.71,ZoneEnter:Queue,"[183,126,37,56]",0.94
2025-11-30T12:17:50.426960Z,CAM01,162977,1.65,0.97,1.6,ZoneEnter:Queue,"[88,152,32,40]",0.95
2025-11-30T12:21:29.973225Z,CAM02,421200,2.92,0.95,1.65,ZoneExit:FrontDesk,"[112,225,40,65]",0.95
2025-11-30T12:21:29.973225Z,CAM01,538033,0.98,0.76,1.81,ZoneEnter:Desk:R1,"[201,127,52,41]",0.88
2025-11-30T12:21:36.739500Z,CAM01,901385,1.31,0.86,1.56,ZoneEnter:Queue,"[127,249,68,64]",0.99
2025-11-30T12:22:11.024365Z,CAM01,138447,1.32,0.62,1.45,ZoneEnter:Queue,"[110,276,31,47]",0.91
2025-11-30T12:22:40.531920Z,CAM02,595136,3.08,1.25,1.65,ZoneExit:FrontDesk,"[134,167,48,64]",0.91
2025-11-30T12:22:40.531920Z,CAM01,649512,0.97,0.83,1.48,ZoneEnter:Desk:R2,"[160,284,55,41]",0.91
2025-11-30T12:24:19.370756Z,CAM01,155058,1.52,1.07,1.7,ZoneEnter:Queue,"[199,212,50,38]",0.93
2025-11-30T12:25:29.604099Z,CAM01,129497,2.09,0.76,1.46,ZoneEnter:Queue,"[107,232,46,42]",0.96
2025-11-30T12:25:37.794554Z,CAM02,538033,2.88,0.76,1.53,ZoneExit:FrontDesk,"[159,244,60,69]",0.99
2025-11-30T12:25:37.794554Z,CAM01,883609,0.84,0.95,1.66,ZoneEnter:Desk:R1,"[142,297,60,55]",0.93
2025-11-30T12:25:44.033481Z,CAM01,693076,1.57,0.79,1.72,ZoneEnter:Queue,"[129,208,53,57]",0.98
2025-11-30T12:26:10.908452Z,CAM01,677164,1.65,1.2,1.57,ZoneEnter:Queue,"[201,293,41,54]",0.95
2025-11-30T12:27:18.280539Z,CAM01,174021,0.9,0.9,1.59,ZoneEnter:Desk:R2,"[114,199,60,33]",0.96
2025-11-30T12:27:18.280539Z,CAM02,649512,3.22,1.07,1.48,ZoneExit:FrontDesk,"[126,318,44,44]",0.89
2025-11-30T12:29:00.066700Z,CAM01,961914,1.7,0.95,1.85,ZoneEnter:Queue,"[205,311,50,54]",0.97
2025-11-30T12:31:42.664632Z,CAM01,162977,0.76,1.01,1.7,ZoneEnter:Desk:R2,"[89,273,68,64]",0.99
2025-11-30T12:31:42.664632Z,CAM02,174021,2.8,0.91,1.75,ZoneExit:FrontDesk,"[197,279,41,30]",0.94
2025-11-30T12:32:49.748504Z,CAM01,133752,2.01,0.83,1.54,ZoneEnter:Queue,"[91,305,50,43]",0.93
2025-11-30T12:34:02.537613Z,CAM02,883609,3.24,0.88,1.65,ZoneExit:FrontDesk,"[128,308,38,51]",0.95
2025-11-30T12:34:02.537613Z,CAM01,901385,0.73,0.98,1.6,ZoneEnter:Desk:R1,"[201,288,42,43]",0.92
2025-11-30T12:37:20.653713Z,CAM01,238823,1.8,0.68,1.58,ZoneEnter:Queue,"[149,230,41,61]",0.95
2025-11-30T12:37:27.171004Z,CAM02,901385,3.15,1.04,1.57,ZoneExit:FrontDesk,"[165,224,46,69]",0.9
2025-11-30T12:37:27.171004Z,CAM01,138447,0.92,1.03,1.61,ZoneEnter:Desk:R1,"[179,128,54,52]",0.93
2025-11-30T12:39:16.117716Z,CAM01,953059,1.73,0.81,1.63,ZoneEnter:Queue,"[157,274,32,34]",0.96
2025-11-30T12:39:23.043243Z,CAM01,155058,0.94,0.97,1.63,ZoneEnter:Desk:R2,"[181,173,54,64]",0.99
2025-11-30T12:39:23.043243Z,CAM02,162977,2.97,1.11,1.7,ZoneExit:FrontDesk,"[205,130,57,44]",0.93
2025-11-30T12:39:28.831845Z,CAM01,129497,0.72,0.94,1.63,ZoneEnter:Desk:R1,"[171,313,62,53]",0.93
2025-11-30T12:39:28.831845Z,CAM02,138447,3.16,1.14,1.56,ZoneExit:FrontDesk,"[115,245,36,60]",0.94
2025-11-30T12:42:55.347000Z,CAM01,693076,0.87,1.04,1.56,ZoneEnter:Desk:R2,"[188,255,46,32]",0.92
2025-11-30T12:42:55.347000Z,CAM02,155058,3.39,1.19,1.7,ZoneExit:FrontDesk,"[181,167,47,54]",0.91
2025-11-30T12:43:12.435053Z,CAM01,677164,0.55,0.89,1.54,ZoneEnter:Desk:R1,"[133,184,48,46]",0.94
2025-11-30T12:43:12.435053Z,CAM02,129497,3.92,1.14,1.52,ZoneExit:FrontDesk,"[84,286,38,61]",0.92
2025-11-30T12:44:13.419403Z,CAM01,302402,1.5,0.86,1.52,ZoneEnter:Queue,"[199,226,56,42]",0.94
2025-11-30T12:45:56.588686Z,CAM01,679006,1.98,0.96,1.64,ZoneEnter:Queue,"[169,298,52,45]",0.95
2025-11-30T12:46:00.956253Z,CAM01,990457,1.74,0.65,1.74,ZoneEnter:Queue,"[110,301,47,49]",0.97
2025-11-30T12:47:17.805340Z,CAM01,961914,0.76,0.89,1.58,ZoneEnter:Desk:R2,"[148,151,46,50]",0.99
2025-11-30T12:47:17.805340Z,CAM02,693076,3.58,1.01,1.73,ZoneExit:FrontDesk,"[133,143,69,35]",0.96
2025-11-30T12:49:51.035065Z,CAM02,961914,2.92,1.1,1.75,ZoneExit:FrontDesk,"[112,126,63,44]",0.96
2025-11-30T12:49:51.035065Z,CAM01,133752,1.06,1.06,1.41,ZoneEnter:Desk:R2,"[124,196,60,30]",0.96
2025-11-30T12:50:41.363905Z,CAM01,770791,1.66,0.63,1.65,ZoneEnter:Queue,"[185,205,44,68]",0.89
2025-11-30T12:51:42.446880Z,CAM02,677164,3.39,1.25,1.46,ZoneExit:FrontDesk,"[127,147,43,53]",0.98
2025-11-30T12:51:42.446880Z,CAM01,238823,0.86,0.91,1.61,ZoneEnter:Desk:R1,"[202,157,66,49]",0.98
2025-11-30T12:52:49.225505Z,CAM01,967191,1.71,0.92,1.82,ZoneEnter:Queue,"[136,228,69,54]",0.93
2025-11-30T12:54:18.356532Z,CAM02,133752,3.28,1.14,1.47,ZoneExit:FrontDesk,"[186,134,42,63]",0.95
2025-11-30T12:54:18.356532Z,CAM01,953059,0.68,0.92,1.76,ZoneEnter:Desk:R2,"[190,268,48,48]",0.91
2025-11-30T12:55:38.487649Z,CAM01,302402,0.98,0.86,1.68,ZoneEnter:Desk:R1,"[206,256,62,50]",0.97
2025-11-30T12:55:38.487649Z,CAM02,238823,2.94,1.11,1.81,ZoneExit:FrontDesk,"[195,317,64,42]",0.98
2025-11-30T12:57:45.368155Z,CAM01,705663,1.61,0.96,1.74,ZoneEnter:Queue,"[138,190,60,38]",0.96
2025-11-30T12:58:32.868947Z,CAM01,987480,2.23,0.82,1.7,ZoneEnter:Queue,"[192,263,64,33]",0.96
2025-11-30T12:59:04.750078Z,CAM01,679006,0.86,0.95,1.55,ZoneEnter:Desk:R2,"[82,169,34,53]",0.99
2025-11-30T12:59:04.750078Z,CAM02,953059,3.28,1.18,1.71,ZoneExit:FrontDesk,"[180,296,68,53]",0.95
2025-11-30T12:59:13.993718Z,CAM01,698179,1.66,0.91,1.85,ZoneEnter:Queue,"[133,221,30,52]",0.95
2025-11-30T12:59:19.104869Z,CAM02,302402,3.22,0.97,1.51,ZoneExit:FrontDesk,"[177,197,60,49]",0.97
2025-11-30T12:59:19.104869Z,CAM01,990457,0.96,0.98,1.69,ZoneEnter:Desk:R1,"[213,153,68,44]",0.99
2025-11-30T12:59:53.123412Z,CAM01,830790,2.0,0.74,1.76,ZoneEnter:Queue,"[160,178,55,34]",0.94
2025-11-30T13:00:32.010193Z,CAM01,769773,1.55,0.8,1.54,ZoneEnter:Queue,"[188,184,46,33]",0.95
2025-11-30T13:00:37.554191Z,CAM01,980739,1.78,0.84,1.68,ZoneEnter:Queue,"[201,315,32,49]",0.99
2025-11-30T13:02:53.725729Z,CAM01,982365,2.19,0.82,1.62,ZoneEnter:Queue,"[126,314,39,36]",0.9
2025-11-30T13:03:11.930412Z,CAM01,770791,0.7,0.9,1.65,ZoneEnter:Desk:R2,"[207,130,66,40]",0.94
2025-11-30T13:03:11.930412Z,CAM02,679006,3.76,0.98,1.59,ZoneExit:FrontDesk,"[182,301,44,50]",0.92
2025-11-30T13:03:45.000708Z,CAM02,990457,3.01,1.15,1.61,ZoneExit:FrontDesk,"[101,169,30,56]",0.96
2025-11-30T13:03:45.000708Z,CAM01,967191,0.78,0.84,1.58,ZoneEnter:Desk:R1,"[95,183,35,47]",0.99
2025-11-30T13:04:18.341664Z,CAM01,817096,1.61,0.78,1.35,ZoneEnter:Queue,"[112,298,58,31]",0.95
2025-11-30T13:05:27.705519Z,CAM02,770791,3.38,0.96,1.69,ZoneExit:FrontDesk,"[215,182,67,52]",0.93
2025-11-30T13:05:27.705519Z,CAM01,705663,0.82,0.85,1.59,ZoneEnter:Desk:R2,"[125,294,47,62]",0.98
2025-11-30T13:07:10.711768Z,CAM01,524342,2.02,0.8,1.66,ZoneEnter:Queue,"[130,303,52,46]",0.97
2025-11-30T13:07:37.676324Z,CAM02,967191,3.62,0.91,1.67,ZoneExit:FrontDesk,"[148,314,64,46]",0.95
2025-11-30T13:07:37.676324Z,CAM01,987480,0.9,1.0,1.59,ZoneEnter:Desk:R1,"[217,139,42,50]",0.97
2025-11-30T13:08:28.051540Z,CAM01,755854,2.02,0.95,1.66,ZoneEnter:Queue,"[101,267,62,60]",0.93
2025-11-30T13:08:28.719954Z,CAM01,586973,1.01,0.82,1.78,ZoneEnter:Queue,"[100,243,45,41]",0.98
2025-11-30T13:08:32.553780Z,CAM01,613711,1.69,0.91,1.67,ZoneEnter:Queue,"[208,292,58,32]",0.94
2025-11-30T13:09:15.317429Z,CAM02,705663,3.58,1.18,1.76,ZoneExit:FrontDesk,"[171,316,52,36]",0.97
2025-11-30T13:09:15.317429Z,CAM01,698179,0.84,0.82,1.7,ZoneEnter:Desk:R2,"[219,187,59,66]",0.94
2025-11-30T13:09:52.165047Z,CAM01,691283,1.64,0.7,1.64,ZoneEnter:Queue,"[147,261,60,30]",0.98
2025-11-30T13:12:07.413993Z,CAM02,987480,3.61,0.96,1.65,ZoneExit:FrontDesk,"[209,124,43,45]",0.92
2025-11-30T13:12:07.413993Z,CAM01,830790,0.43,0.85,1.83,ZoneEnter:Desk:R1,"[175,207,51,69]",0.93
2025-11-30T13:12:10.643717Z,CAM01,769773,1.06,1.14,1.5,ZoneEnter:Desk:R2,"[184,221,34,61]",0.96
2025-11-30T13:12:10.643717Z,CAM02,698179,2.91,1.33,1.53,ZoneExit:FrontDesk,"[82,273,57,58]",0.96
2025-11-30T13:12:15.644190Z,CAM01,393639,1.84,0.86,1.62,ZoneEnter:Queue,"[147,242,45,47]",0.9
2025-11-30T13:12:39.591623Z,CAM01,865594,1.33,0.77,1.49,ZoneEnter:Queue,"[162,226,45,62]",0.93
2025-11-30T13:13:19.514396Z,CAM01,303916,1.54,0.94,1.51,ZoneEnter:Queue,"[168,181,69,51]",0.96
2025-11-30T13:14:34.984100Z,CAM01,202050,1.67,0.9,1.78,ZoneEnter:Queue,"[210,264,68,51]",0.95
2025-11-30T13:14:39.784565Z,CAM01,980739,1.08,0.93,1.55,ZoneEnter:Desk:R2,"[184,214,56,60]",0.95
2025-11-30T13:14:39.784565Z,CAM02,769773,2.88,1.13,1.5,ZoneExit:FrontDesk,"[152,179,61,37]",0.96
2025-11-30T13:14:57.992600Z,CAM02,830790,2.98,1.16,1.55,ZoneExit:FrontDesk,"[192,238,49,50]",0.96
2025-11-30T13:14:57.992600Z,CAM01,982365,1.14,1.13,1.73,ZoneEnter:Desk:R1,"[208,126,59,58]",0.93
2025-11-30T13:15:17.579651Z,CAM01,281135,1.61,1.06,1.5,ZoneEnter:Queue,"[146,203,34,61]",0.96
2025-11-30T13:15:47.844363Z,CAM01,580020,1.64,0.77,1.74,ZoneEnter:Queue,"[121,137,31,59]",0.94
2025-11-30T13:16:00.244749Z,CAM01,432328,1.54,0.88,1.63,ZoneEnter:Queue,"[121,315,51,67]",0.93
2025-11-30T13:16:59.469738Z,CAM01,817096,1.01,0.85,1.45,ZoneEnter:Desk:R2,"[160,208,34,48]",0.99
2025-11-30T13:16:59.469738Z,CAM02,980739,3.46,0.93,1.52,ZoneExit:FrontDesk,"[87,154,45,53]",0.9
2025-11-30T13:19:46.195653Z,CAM02,982365,2.49,1.21,1.48,ZoneExit:FrontDesk,"[93,289,59,36]",0.95
2025-11-30T13:19:46.195653Z,CAM01,524342,0.83,0.73,1.75,ZoneEnter:Desk:R1,"[211,176,33,64]",0.92
2025-11-30T13:19:53.332196Z,CAM01,755854,0.94,1.01,1.58,ZoneEnter:Desk:R2,"[113,249,58,63]",0.93
2025-11-30T13:19:53.332196Z,CAM02,817096,3.33,0.93,1.53,ZoneExit:FrontDesk,"[143,183,35,38]",0.93
2025-11-30T13:20:19.619198Z,CAM01,501963,1.7,0.9,1.55,ZoneEnter:Queue,"[84,285,40,62]",0.89
2025-11-30T13:20:38.841558Z,CAM01,496808,1.53,0.8,1.71,ZoneEnter:Queue,"[123,287,61,34]",0.96
2025-11-30T13:20:41.450878Z,CAM01,274903,1.79,0.88,1.79,ZoneEnter:Queue,"[143,144,64,50]",0.96
2025-11-30T13:25:42.661456Z,CAM01,586973,0.98,0.9,1.58,ZoneEnter:Desk:R1,"[126,242,39,41]",0.92
2025-11-30T13:25:42.661456Z,CAM02,524342,3.41,0.9,1.63,ZoneExit:FrontDesk,"[123,202,50,34]",0.97
2025-11-30T13:27:08.576459Z,CAM02,755854,2.96,1.11,1.57,ZoneExit:FrontDesk,"[153,237,43,39]",0.96
2025-11-30T13:27:08.576459Z,CAM01,613711,0.57,0.89,1.89,ZoneEnter:Desk:R2,"[109,253,42,64]",0.94
2025-11-30T13:27:50.808746Z,CAM01,987819,1.69,0.92,1.45,ZoneEnter:Queue,"[181,243,33,69]",0.95
2025-11-30T13:29:52.922659Z,CAM01,691283,1.03,1.03,1.73,ZoneEnter:Desk:R2,"[167,225,49,66]",0.92
2025-11-30T13:29:52.922659Z,CAM02,613711,3.55,1.04,1.64,ZoneExit:FrontDesk,"[80,315,35,55]",0.97
2025-11-30T13:29:59.264878Z,CAM01,190410,1.11,1.04,1.51,ZoneEnter:Queue,"[108,140,49,53]",0.94
2025-11-30T13:31:02.390530Z,CAM01,393639,0.8,0.78,1.72,ZoneEnter:Desk:R1,"[122,174,48,45]",0.92
2025-11-30T13:31:02.390530Z,CAM02,586973,3.18,1.18,1.75,ZoneExit:FrontDesk,"[160,204,35,35]",0.96
2025-11-30T13:33:44.980538Z,CAM01,865594,1.02,0.86,1.66,ZoneEnter:Desk:R1,"[157,194,44,62]",0.97
2025-11-30T13:33:44.980538Z,CAM02,393639,3.63,1.27,1.83,ZoneExit:FrontDesk,"[182,217,66,67]",0.93
2025-11-30T13:34:00.256466Z,CAM01,855643,1.68,0.81,1.79,ZoneEnter:Queue,"[165,121,35,46]",0.93
2025-11-30T13:36:01.728950Z,CAM01,303916,0.88,0.85,1.79,ZoneEnter:Desk:R1,"[91,142,56,42]",0.95
2025-11-30T13:36:01.728950Z,CAM02,865594,3.36,1.26,1.57,ZoneExit:FrontDesk,"[94,151,67,60]",0.9
2025-11-30T13:37:03.748880Z,CAM01,818532,2.03,0.91,1.46,ZoneEnter:Queue,"[130,259,67,33]",0.91
2025-11-30T13:37:04.112178Z,CAM01,629794,1.71,1.02,1.61,ZoneEnter:Queue,"[175,292,39,63]",0.96
2025-11-30T13:37:22.252557Z,CAM01,651760,1.96,0.82,1.57,ZoneEnter:Queue,"[212,228,39,69]",0.97
2025-11-30T13:37:22.539057Z,CAM02,691283,3.07,1.3,1.63,ZoneExit:FrontDesk,"[97,217,63,40]",0.94
2025-11-30T13:37:22.539057Z,CAM01,202050,0.91,1.1,1.78,ZoneEnter:Desk:R2,"[193,302,68,58]",0.96
2025-11-30T13:37:37.979219Z,CAM01,100100,2.12,0.69,1.78,ZoneEnter:Queue,"[141,271,59,54]",0.99
2025-11-30T13:38:43.224235Z,CAM01,658505,1.32,0.8,1.72,ZoneEnter:Queue,"[125,257,49,44]",0.96
2025-11-30T13:38:51.208028Z,CAM01,455651,1.16,0.96,1.74,ZoneEnter:Queue,"[101,304,52,33]",0.94
2025-11-30T13:39:49.427261Z,CAM01,210923,1.81,0.81,1.5,ZoneEnter:Queue,"[83,283,59,57]",0.97
2025-11-30T13:41:20.171778Z,CAM02,303916,2.78,0.93,1.49,ZoneExit:FrontDesk,"[202,192,42,32]",0.96
2025-11-30T13:41:20.171778Z,CAM01,281135,1.04,0.93,1.77,ZoneEnter:Desk:R1,"[99,173,53,31]",0.94
2025-11-30T13:41:24.890978Z,CAM02,202050,3.27,1.15,1.64,ZoneExit:FrontDesk,"[165,145,64,67]",0.91
2025-11-30T13:41:24.890978Z,CAM01,580020,0.55,0.76,1.71,ZoneEnter:Desk:R2,"[143,199,37,50]",0.96
2025-11-30T13:42:34.218298Z,CAM01,958991,1.91,0.73,1.77,ZoneEnter:Queue,"[128,308,64,45]",0.95
2025-11-30T13:42:59.688223Z,CAM01,343555,1.46,0.79,1.62,ZoneEnter:Queue,"[186,207,36,59]",0.98
2025-11-30T13:44:04.973217Z,CAM02,281135,3.45,1.19,1.72,ZoneExit:FrontDesk,"[116,155,66,49]",0.89
2025-11-30T13:44:04.973217Z,CAM01,432328,0.71,0.89,1.72,ZoneEnter:Desk:R1,"[189,313,45,53]",0.98
2025-11-30T13:44:36.673230Z,CAM01,666088,1.49,0.72,1.67,ZoneEnter:Queue,"[194,156,46,62]",0.94
2025-11-30T13:46:27.596205Z,CAM01,949561,1.79,0.98,1.63,ZoneEnter:Queue,"[87,231,47,31]",0.91
2025-11-30T13:47:32.485132Z,CAM02,580020,2.8,1.05,1.63,ZoneExit:FrontDesk,"[214,258,68,30]",0.89
2025-11-30T13:47:32.485132Z,CAM01,501963,0.95,0.83,1.49,ZoneEnter:Desk:R2,"[116,221,56,39]",0.92
2025-11-30T13:49:16.730111Z,CAM01,187222,1.86,0.8,1.69,ZoneEnter:Queue,"[91,277,49,35]",0.97
2025-11-30T13:50:17.969248Z,CAM01,570615,1.45,0.59,1.62,ZoneEnter:Queue,"[176,163,47,49]",0.98
2025-11-30T13:51:01.651951Z,CAM01,496808,0.65,0.91,1.84,ZoneEnter:Desk:R1,"[206,183,37,64]",0.94
2025-11-30T13:51:01.651951Z,CAM02,432328,2.7,1.02,1.62,ZoneExit:FrontDesk,"[108,120,67,40]",0.96
2025-11-30T13:51:19.045249Z,CAM02,501963,3.78,1.12,1.69,ZoneExit:FrontDesk,"[217,268,57,33]",0.95
2025-11-30T13:51:19.045249Z,CAM01,274903,0.99,1.01,1.76,ZoneEnter:Desk:R2,"[161,220,31,68]",0.96
2025-11-30T13:53:42.953845Z,CAM01,219716,1.7,0.9,1.89,ZoneEnter:Queue,"[111,197,49,38]",0.95
2025-11-30T13:54:29.708364Z,CAM02,496808,3.12,1.4,1.65,ZoneExit:FrontDesk,"[181,293,45,35]",0.94
2025-11-30T13:54:29.708364Z,CAM01,987819,0.82,0.74,1.76,ZoneEnter:Desk:R1,"[191,295,65,45]",0.95
2025-11-30T13:55:35.111545Z,CAM01,369399,1.66,1.02,1.72,ZoneEnter:Queue,"[211,233,31,32]",0.99
2025-11-30T13:58:37.139030Z,CAM02,987819,2.96,1.17,1.54,ZoneExit:FrontDesk,"[152,211,58,45]",0.92
2025-11-30T13:58:37.139030Z,CAM01,190410,0.84,0.89,1.72,ZoneEnter:Desk:R1,"[185,149,58,60]",0.91
2025-11-30T14:01:01.141224Z,CAM02,274903,3.06,1.19,1.56,ZoneExit:FrontDesk,"[180,141,45,66]",0.93
2025-11-30T14:01:01.141224Z,CAM01,855643,0.91,0.93,1.67,ZoneEnter:Desk:R2,"[194,318,51,54]",0.99
2025-11-30T14:01:35.047777Z,CAM02,190410,2.97,1.25,1.58,ZoneExit:FrontDesk,"[167,130,52,60]",0.95
2025-11-30T14:01:35.047777Z,CAM01,818532,0.95,0.78,1.68,ZoneEnter:Desk:R1,"[113,221,43,68]",0.93
2025-11-30T14:03:19.162654Z,CAM01,336290,1.38,0.85,1.68,ZoneEnter:Queue,"[142,134,50,34]",0.93
2025-11-30T14:03:26.107566Z,CAM01,629794,0.84,0.71,1.75,ZoneEnter:Desk:R2,"[206,318,45,66]",0.91
2025-11-30T14:03:26.107566Z,CAM02,855643,3.12,0.88,1.77,ZoneExit:FrontDesk,"[169,292,48,61]",0.95
2025-11-30T14:06:27.679982Z,CAM01,651760,0.88,0.94,1.65,ZoneEnter:Desk:R1,"[188,285,50,41]",0.92
2025-11-30T14:06:27.679982Z,CAM02,818532,3.33,0.99,1.73,ZoneExit:FrontDesk,"[156,269,30,55]",0.91
2025-11-30T14:06:55.470969Z,CAM02,629794,3.35,1.21,1.57,ZoneExit:FrontDesk,"[204,192,62,48]",0.9
2025-11-30T14:06:55.470969Z,CAM01,100100,0.83,1.09,1.69,ZoneEnter:Desk:R2,"[185,205,41,45]",0.99
2025-11-30T14:07:24.118665Z,CAM01,323960,1.82,0.91,1.58,ZoneEnter:Queue,"[213,206,65,43]",0.95
2025-11-30T14:10:20.624673Z,CAM01,416683,1.45,1.01,1.94,ZoneEnter:Queue,"[185,196,47,58]",0.95
2025-11-30T14:11:24.450788Z,CAM01,658505,0.9,1.01,1.64,ZoneEnter:Desk:R1,"[177,183,31,37]",0.96
2025-11-30T14:11:24.450788Z,CAM02,651760,3.28,0.9,1.85,ZoneExit:FrontDesk,"[140,183,68,32]",0.93
2025-11-30T14:11:30.145079Z,CAM02,100100,3.34,1.24,1.67,ZoneExit:FrontDesk,"[163,138,49,44]",0.97
2025-11-30T14:11:30.145079Z,CAM01,455651,0.69,0.99,1.6,ZoneEnter:Desk:R2,"[219,240,68,46]",0.97
2025-11-30T14:14:33.412902Z,CAM01,210923,0.76,0.87,1.73,ZoneEnter:Desk:R1,"[171,182,66,59]",0.96
2025-11-30T14:14:33.412902Z,CAM02,658505,3.31,1.15,1.69,ZoneExit:FrontDesk,"[217,236,49,30]",0.95
2025-11-30T14:16:04.497092Z,CAM02,455651,3.48,1.12,1.62,ZoneExit:FrontDesk,"[119,192,57,65]",0.93
2025-11-30T14:16:04.497092Z,CAM01,958991,0.69,0.8,1.63,ZoneEnter:Desk:R2,"[169,212,36,32]",0.97
2025-11-30T14:19:24.993128Z,CAM01,343555,0.62,0.94,1.63,ZoneEnter:Desk:R2,"[138,206,54,37]",0.98
2025-11-30T14:19:24.993128Z,CAM02,958991,3.03,0.96,1.63,ZoneExit:FrontDesk,"[140,214,48,63]",0.99
2025-11-30T14:20:26.159495Z,CAM02,210923,3.03,1.06,1.49,ZoneExit:FrontDesk,"[163,148,50,49]",0.99
2025-11-30T14:20:26.159495Z,CAM01,666088,0.77,0.84,1.55,ZoneEnter:Desk:R1,"[178,185,61,45]",0.99
2025-11-30T14:22:10.688587Z,CAM02,343555,3.27,1.08,1.61,ZoneExit:FrontDesk,"[123,255,63,38]",0.99
2025-11-30T14:22:10.688587Z,CAM01,949561,0.96,0.79,1.5,ZoneEnter:Desk:R2,"[90,289,58,51]",0.95
2025-11-30T14:23:03.525978Z,CAM01,241674,1.99,1.01,1.55,ZoneEnter:Queue,"[92,294,36,55]",0.99
2025-11-30T14:23:13.418183Z,CAM01,408809,1.58,1.06,1.69,ZoneEnter:Queue,"[165,221,42,60]",0.93
2025-11-30T14:23:49.196353Z,CAM02,666088,2.72,0.91,1.64,ZoneExit:FrontDesk,"[87,206,30,40]",0.96
2025-11-30T14:23:49.196353Z,CAM01,187222,0.71,1.11,1.7,ZoneEnter:Desk:R1,"[138,165,52,35]",0.94
2025-11-30T14:30:46.411665Z,CAM01,570615,0.56,0.84,1.67,ZoneEnter:Desk:R2,"[192,257,63,68]",0.98
2025-11-30T14:30:46.411665Z,CAM02,949561,3.0,1.12,1.53,ZoneExit:FrontDesk,"[103,205,56,41]",0.96
2025-11-30T14:31:02.297020Z,CAM01,845560,1.73,0.9,1.78,ZoneEnter:Queue,"[198,250,33,35]",0.94
2025-11-30T14:31:32.800482Z,CAM01,939667,1.47,0.77,1.68,ZoneEnter:Queue,"[208,209,38,44]",0.94
2025-11-30T14:32:00.460531Z,CAM01,219716,0.79,0.89,1.63,ZoneEnter:Desk:R1,"[133,153,32,68]",0.93
2025-11-30T14:32:00.460531Z,CAM02,187222,2.95,1.25,1.65,ZoneExit:FrontDesk,"[206,241,46,44]",0.91
2025-11-30T14:32:16.622973Z,CAM01,180299,1.21,0.77,1.7,ZoneEnter:Queue,"[124,239,57,32]",0.95
2025-11-30T14:34:10.456675Z,CAM01,634203,1.99,1.17,1.61,ZoneEnter:Queue,"[94,289,35,59]",0.93
2025-11-30T14:34:48.800943Z,CAM02,570615,3.84,1.1,1.65,ZoneExit:FrontDesk,"[138,141,48,33]",0.94
2025-11-30T14:34:48.800943Z,CAM01,369399,0.7,0.92,1.62,ZoneEnter:Desk:R2,"[97,187,49,47]",0.93
2025-11-30T14:34:50.105244Z,CAM02,219716,3.0,1.08,1.8,ZoneExit:FrontDesk,"[133,166,56,32]",0.97
2025-11-30T14:34:50.105244Z,CAM01,336290,0.87,0.77,1.72,ZoneEnter:Desk:R1,"[212,261,64,46]",0.94
2025-11-30T14:37:02.933691Z,CAM01,248356,2.06,0.79,1.57,ZoneEnter:Queue,"[86,289,41,57]",0.93
2025-11-30T14:37:52.627036Z,CAM02,369399,3.5,1.13,1.78,ZoneExit:FrontDesk,"[197,254,46,41]",0.94
2025-11-30T14:37:52.627036Z,CAM01,323960,0.56,0.93,1.76,ZoneEnter:Desk:R2,"[208,310,47,54]",0.99
2025-11-30T14:38:57.484227Z,CAM01,721262,1.55,0.74,1.6,ZoneEnter:Queue,"[155,140,49,47]",0.93
2025-11-30T14:39:01.951025Z,CAM01,163260,1.56,0.87,1.58,ZoneEnter:Queue,"[86,283,55,54]",0.93
2025-11-30T14:39:03.302474Z,CAM02,336290,2.68,1.15,1.65,ZoneExit:FrontDesk,"[94,303,60,31]",0.97
2025-11-30T14:39:03.302474Z,CAM01,416683,0.7,0.81,1.61,ZoneEnter:Desk:R1,"[192,318,41,46]",0.92
2025-11-30T14:42:00.743874Z,CAM02,323960,3.39,1.19,1.73,ZoneExit:FrontDesk,"[83,291,60,33]",0.91
2025-11-30T14:42:00.743874Z,CAM01,241674,0.67,0.95,1.56,ZoneEnter:Desk:R2,"[107,285,33,38]",0.92
2025-11-30T14:45:00.773958Z,CAM01,709114,1.52,0.83,1.68,ZoneEnter:Queue,"[117,302,65,35]",0.95
2025-11-30T14:45:43.757103Z,CAM01,408809,0.87,1.02,1.57,ZoneEnter:Desk:R1,"[171,176,57,53]",0.94
2025-11-30T14:45:43.757103Z,CAM02,416683,3.02,1.17,1.58,ZoneExit:FrontDesk,"[163,158,38,46]",0.95
2025-11-30T14:46:07.726560Z,CAM01,845560,0.6,0.91,1.63,ZoneEnter:Desk:R2,"[125,190,56,38]",0.92
2025-11-30T14:46:07.726560Z,CAM02,241674,2.88,1.11,1.55,ZoneExit:FrontDesk,"[80,129,46,56]",0.96
2025-11-30T14:46:23.000216Z,CAM01,796407,1.45,0.93,1.58,ZoneEnter:Queue,"[199,309,51,53]",0.92
2025-11-30T14:47:31.974604Z,CAM01,835459,1.74,0.9,1.61,ZoneEnter:Queue,"[146,193,57,62]",0.95
2025-11-30T14:49:26.097145Z,CAM01,939667,1.11,0.84,1.73,ZoneEnter:Desk:R1,"[215,264,61,32]",0.93
2025-11-30T14:49:26.097145Z,CAM02,408809,3.7,1.35,1.64,ZoneExit:FrontDesk,"[135,245,34,49]",0.94
2025-11-30T14:50:09.730762Z,CAM01,410865,1.44,0.81,1.67,ZoneEnter:Queue,"[92,220,62,31]",0.93
2025-11-30T14:50:17.908561Z,CAM01,180299,0.67,0.84,1.7,ZoneEnter:Desk:R2,"[92,310,66,60]",0.97
2025-11-30T14:50:17.908561Z,CAM02,845560,3.26,0.76,1.51,ZoneExit:FrontDesk,"[131,244,59,49]",0.97
2025-11-30T14:51:09.970479Z,CAM01,554322,2.06,1.03,1.74,ZoneEnter:Queue,"[138,183,65,61]",0.94
2025-11-30T14:51:26.699872Z,CAM01,601818,1.46,0.93,1.7,ZoneEnter:Queue,"[123,194,48,45]",0.9
2025-11-30T14:52:05.163363Z,CAM01,481514,1.83,0.86,1.64,ZoneEnter:Queue,"[201,152,64,52]",0.95
2025-11-30T14:53:32.658753Z,CAM02,939667,2.97,1.01,1.57,ZoneExit:FrontDesk,"[133,200,67,52]",0.9
2025-11-30T14:53:32.658753Z,CAM01,634203,0.7,1.01,1.55,ZoneEnter:Desk:R1,"[96,221,66,64]",0.93
2025-11-30T14:54:58.480848Z,CAM01,248356,0.87,0.94,1.8,ZoneEnter:Desk:R2,"[172,146,44,68]",0.99
2025-11-30T14:54:58.480848Z,CAM02,180299,2.95,1.27,1.67,ZoneExit:FrontDesk,"[81,286,34,50]",0.94
2025-11-30T14:55:44.636046Z,CAM01,599806,1.69,0.92,1.62,ZoneEnter:Queue,"[123,285,30,32]",0.94
2025-11-30T14:56:33.203870Z,CAM01,361998,1.98,0.81,1.67,ZoneEnter:Queue,"[212,313,42,59]",0.94
2025-11-30T14:57:25.573980Z,CAM01,823812,1.84,0.87,1.63,ZoneEnter:Queue,"[166,274,64,65]",0.92
2025-11-30T14:58:16.316120Z,CAM01,925277,1.05,1.04,1.56,ZoneEnter:Queue,"[195,200,46,56]",0.96
2025-11-30T14:59:54.539005Z,CAM02,248356,3.16,1.26,1.76,ZoneExit:FrontDesk,"[159,269,43,58]",0.95
2025-11-30T14:59:54.539005Z,CAM01,721262,0.93,0.72,1.71,ZoneEnter:Desk:R2,"[139,208,66,53]",0.96
2025-11-30T15:00:07.751410Z,CAM01,163260,0.67,0.74,1.53,ZoneEnter:Desk:R1,"[109,283,41,58]",0.91
2025-11-30T15:00:07.751410Z,CAM02,634203,2.86,1.06,1.72,ZoneExit:FrontDesk,"[117,185,63,37]",0.99
2025-11-30T15:02:54.904252Z,CAM01,709114,0.92,0.8,1.58,ZoneEnter:Desk:R1,"[138,288,50,59]",0.93
2025-11-30T15:02:54.904252Z,CAM02,163260,3.32,0.87,1.57,ZoneExit:FrontDesk,"[170,229,62,44]",0.95
2025-11-30T15:03:06.088219Z,CAM02,721262,2.65,1.25,1.4,ZoneExit:FrontDesk,"[142,266,62,68]",0.86
2025-11-30T15:03:06.088219Z,CAM01,796407,0.61,0.87,1.55,ZoneEnter:Desk:R2,"[217,251,44,62]",0.93
2025-11-30T15:03:54.803159Z,CAM01,337662,1.42,0.84,1.53,ZoneEnter:Queue,"[82,138,32,67]",0.94
2025-11-30T15:05:22.298612Z,CAM01,947699,1.72,0.9,1.69,ZoneEnter:Queue,"[211,301,65,30]",0.92
2025-11-30T15:06:41.273085Z,CAM02,796407,3.4,1.23,1.64,ZoneExit:FrontDesk,"[102,278,44,63]",0.96
2025-11-30T15:06:41.273085Z,CAM01,835459,0.85,0.8,1.8,ZoneEnter:Desk:R2,"[97,277,50,39]",0.97
2025-11-30T15:07:44.422237Z,CAM01,907234,1.63,0.84,1.6,ZoneEnter:Queue,"[152,316,49,32]",0.93
2025-11-30T15:08:04.728769Z,CAM02,709114,3.35,0.96,1.84,ZoneExit:FrontDesk,"[133,232,37,52]",0.97
2025-11-30T15:08:04.728769Z,CAM01,410865,1.02,0.89,1.74,ZoneEnter:Desk:R1,"[200,202,60,47]",0.93
2025-11-30T15:09:32.328329Z,CAM01,195443,1.44,1.06,1.53,ZoneEnter:Queue,"[145,263,68,47]",0.95
2025-11-30T15:11:33.333439Z,CAM01,961255,1.35,0.89,1.48,ZoneEnter:Queue,"[101,167,41,37]",0.94
2025-11-30T15:11:35.763614Z,CAM01,554322,0.82,0.97,1.69,ZoneEnter:Desk:R2,"[145,249,60,60]",0.93
2025-11-30T15:11:35.763614Z,CAM02,835459,3.38,0.83,1.74,ZoneExit:FrontDesk,"[93,211,40,38]",0.92
2025-11-30T15:11:37.658744Z,CAM01,596587,1.54,0.75,1.77,ZoneEnter:Queue,"[199,271,40,57]",0.94
2025-11-30T15:11:42.924911Z,CAM01,630340,1.56,0.9,1.84,ZoneEnter:Queue,"[197,131,48,51]",0.96
2025-11-30T15:11:49.321169Z,CAM02,410865,3.6,0.65,1.65,ZoneExit:FrontDesk,"[103,305,69,36]",0.94
2025-11-30T15:11:49.321169Z,CAM01,601818,0.87,0.91,1.92,ZoneEnter:Desk:R1,"[86,298,59,49]",0.98
2025-11-30T15:14:59.085855Z,CAM01,801374,1.75,0.97,1.76,ZoneEnter:Queue,"[196,156,44,69]",0.97
2025-11-30T15:16:41.825381Z,CAM02,601818,3.31,1.03,1.59,ZoneExit:FrontDesk,"[182,245,46,41]",0.98
2025-11-30T15:16:41.825381Z,CAM01,481514,0.69,0.99,1.61,ZoneEnter:Desk:R1,"[140,253,61,57]",0.95
2025-11-30T15:17:00.622747Z,CAM01,599806,1.0,0.9,1.63,ZoneEnter:Desk:R2,"[123,147,44,57]",0.95
2025-11-30T15:17:00.622747Z,CAM02,554322,3.26,1.18,1.92,ZoneExit:FrontDesk,"[101,236,53,64]",0.94
2025-11-30T15:18:54.924359Z,CAM01,281231,1.84,0.89,1.76,ZoneEnter:Queue,"[189,206,65,65]",0.95
2025-11-30T15:20:08.462475Z,CAM02,599806,2.65,1.01,1.57,ZoneExit:FrontDesk,"[120,313,38,54]",0.99
2025-11-30T15:20:08.462475Z,CAM01,361998,0.54,1.04,1.54,ZoneEnter:Desk:R2,"[121,215,51,41]",0.96
2025-11-30T15:20:43.461837Z,CAM01,823812,0.96,0.78,1.64,ZoneEnter:Desk:R1,"[217,296,38,59]",0.95
2025-11-30T15:20:43.461837Z,CAM02,481514,3.6,0.91,1.71,ZoneExit:FrontDesk,"[123,275,61,39]",0.92
2025-11-30T15:21:32.430520Z,CAM01,717585,1.23,0.82,1.49,ZoneEnter:Queue,"[113,183,46,44]",0.95
2025-11-30T15:22:42.151693Z,CAM01,767951,1.81,0.97,1.72,ZoneEnter:Queue,"[191,265,60,43]",0.9
2025-11-30T15:23:00.795264Z,CAM02,361998,3.1,0.88,1.45,ZoneExit:FrontDesk,"[142,163,39,31]",0.89
2025-11-30T15:23:00.795264Z,CAM01,925277,0.71,1.01,1.71,ZoneEnter:Desk:R2,"[170,146,30,62]",0.95
2025-11-30T15:25:04.623996Z,CAM01,337662,0.91,0.91,1.66,ZoneEnter:Desk:R1,"[105,290,61,60]",0.89
2025-11-30T15:25:04.623996Z,CAM02,823812,3.11,1.35,1.75,ZoneExit:FrontDesk,"[185,306,67,49]",0.95
2025-11-30T15:26:27.704672Z,CAM01,537923,1.83,0.88,1.71,ZoneEnter:Queue,"[164,134,53,32]",0.95
2025-11-30T15:28:57.608936Z,CAM02,925277,3.55,1.24,1.6,ZoneExit:FrontDesk,"[200,205,69,48]",0.93
2025-11-30T15:28:57.608936Z,CAM01,947699,1.0,0.79,1.56,ZoneEnter:Desk:R2,"[179,243,51,45]",0.94
2025-11-30T15:31:20.608444Z,CAM02,947699,3.12,0.95,1.64,ZoneExit:FrontDesk,"[174,275,36,64]",0.99
2025-11-30T15:31:20.608444Z,CAM01,907234,0.69,0.78,1.68,ZoneEnter:Desk:R2,"[87,287,32,67]",0.94
2025-11-30T15:31:28.227447Z,CAM01,494865,1.65,0.66,1.8,ZoneEnter:Queue,"[131,232,36,54]",0.91
2025-11-30T15:31:30.375000Z,CAM02,337662,3.22,0.9,1.56,ZoneExit:FrontDesk,"[85,272,49,32]",0.93
2025-11-30T15:31:30.375000Z,CAM01,195443,0.95,1.02,1.65,ZoneEnter:Desk:R1,"[156,304,57,49]",0.94
2025-11-30T15:35:11.453993Z,CAM02,907234,3.18,1.21,1.76,ZoneExit:FrontDesk,"[200,173,57,64]",0.96
2025-11-30T15:35:11.453993Z,CAM01,961255,0.79,0.77,1.76,ZoneEnter:Desk:R2,"[196,156,33,43]",0.96
2025-11-30T15:36:50.145771Z,CAM02,195443,3.28,1.05,1.65,ZoneExit:FrontDesk,"[119,312,43,64]",0.93
2025-11-30T15:36:50.145771Z,CAM01,596587,0.58,0.92,1.66,ZoneEnter:Desk:R1,"[125,262,55,60]",0.96
2025-11-30T15:39:36.373011Z,CAM02,961255,3.28,1.03,1.58,ZoneExit:FrontDesk,"[174,268,69,45]",0.95
2025-11-30T15:39:36.373011Z,CAM01,630340,0.9,0.84,1.62,ZoneEnter:Desk:R2,"[109,221,52,35]",0.95
2025-11-30T15:39:37.913543Z,CAM02,596587,3.06,1.19,1.66,ZoneExit:FrontDesk,"[166,259,44,36]",0.93
2025-11-30T15:39:37.913543Z,CAM01,801374,0.81,0.74,1.63,ZoneEnter:Desk:R1,"[178,235,69,56]",0.94
2025-11-30T15:39:40.488259Z,CAM01,492699,1.81,0.77,1.59,ZoneEnter:Queue,"[218,301,58,55]",0.94
2025-11-30T15:41:23.155922Z,CAM01,497004,1.73,0.72,1.67,ZoneEnter:Queue,"[84,245,43,63]",0.93
2025-11-30T15:43:19.682073Z,CAM01,281231,0.97,0.8,1.67,ZoneEnter:Desk:R2,"[128,298,56,36]",0.93
2025-11-30T15:43:19.682073Z,CAM02,630340,3.11,1.38,1.58,ZoneExit:FrontDesk,"[174,217,68,45]",0.96
2025-11-30T15:43:52.014832Z,CAM02,801374,3.36,1.31,1.74,ZoneExit:FrontDesk,"[177,218,48,35]",0.94
2025-11-30T15:43:52.014832Z,CAM01,717585,0.77,0.92,1.71,ZoneEnter:Desk:R1,"[102,244,54,44]",0.94
2025-11-30T15:44:16.873582Z,CAM01,655297,2.03,0.82,1.56,ZoneEnter:Queue,"[158,318,30,63]",0.94
2025-11-30T15:44:25.127529Z,CAM01,671291,1.63,0.8,1.59,ZoneEnter:Queue,"[83,121,35,46]",0.94
2025-11-30T15:46:39.490997Z,CAM02,717585,3.49,0.98,1.49,ZoneExit:FrontDesk,"[86,272,45,38]",0.92
2025-11-30T15:46:39.490997Z,CAM01,767951,0.88,0.83,1.79,ZoneEnter:Desk:R1,"[188,247,32,64]",0.97
2025-11-30T15:46:57.702218Z,CAM01,537923,0.73,0.96,1.76,ZoneEnter:Desk:R2,"[157,184,54,57]",0.92
2025-11-30T15:46:57.702218Z,CAM02,281231,3.18,0.62,1.61,ZoneExit:FrontDesk,"[200,300,33,36]",0.93
2025-11-30T15:50:52.200750Z,CAM02,537923,3.47,0.78,1.63,ZoneExit:FrontDesk,"[181,267,57,44]",0.97
2025-11-30T15:50:52.200750Z,CAM01,494865,0.57,1.02,1.53,ZoneEnter:Desk:R2,"[146,265,42,42]",0.94
2025-11-30T15:51:10.296372Z,CAM01,492699,0.85,1.04,1.67,ZoneEnter:Desk:R1,"[219,176,32,67]",0.91
2025-11-30T15:51:10.296372Z,CAM02,767951,3.13,1.28,1.69,ZoneExit:FrontDesk,"[81,215,55,34]",0.99
2025-11-30T15:53:50.244632Z,CAM01,783119,1.98,0.89,1.71,ZoneEnter:Queue,"[121,307,49,60]",0.95
2025-11-30T15:55:04.243046Z,CAM02,492699,3.44,1.39,1.73,ZoneExit:FrontDesk,"[200,311,48,33]",0.96
2025-11-30T15:55:04.243046Z,CAM01,497004,0.98,0.7,1.63,ZoneEnter:Desk:R1,"[112,209,30,36]",0.94
2025-11-30T15:57:10.436319Z,CAM01,655297,0.73,0.89,1.78,ZoneEnter:Desk:R2,"[149,264,33,52]",0.98
2025-11-30T15:57:10.436319Z,CAM02,494865,3.33,1.02,1.5,ZoneExit:FrontDesk,"[89,218,53,33]",0.99
2025-11-30T15:59:48.838793Z,CAM02,655297,2.93,0.91,1.61,ZoneExit:FrontDesk,"[154,308,63,55]",0.92
2025-11-30T15:59:48.838793Z,CAM01,671291,0.9,0.92,1.78,ZoneEnter:Desk:R2,"[198,318,39,34]",0.93
2025-11-30T16:00:36.381269Z,CAM01,913724,1.65,0.88,1.74,ZoneEnter:Queue,"[121,216,47,44]",0.91
2025-11-30T16:02:34.897483Z,CAM02,497004,3.14,1.18,1.6,ZoneExit:FrontDesk,"[127,260,61,66]",0.92
2025-11-30T16:02:34.897483Z,CAM01,783119,0.63,0.95,1.53,ZoneEnter:Desk:R1,"[157,218,54,61]",0.87
2025-11-30T16:03:51.923905Z,CAM02,671291,2.84,1.13,1.43,ZoneExit:FrontDesk,"[115,276,44,33]",0.96
2025-11-30T16:03:51.923905Z,CAM01,913724,0.87,0.95,1.69,ZoneEnter:Desk:R2,"[147,236,40,55]",0.96
2025-11-30T16:05:21.759770Z,CAM02,783119,3.76,1.24,1.67,ZoneExit:FrontDesk,"[190,126,47,67]",0.93
2025-11-30T16:06:50.785113Z,CAM02,913724,3.4,1.23,1.51,ZoneExit:FrontDesk,"[85,224,36,31]",0.94
2025-11-30T16:10:13.041253Z,CAM01,462586,1.43,0.92,1.46,ZoneEnter:Queue,"[159,268,57,61]",0.88
2025-11-30T16:10:13.041253Z,CAM01,462586,0.76,0.93,1.62,ZoneEnter:Desk:R1,"[139,267,56,56]",0.96
2025-11-30T16:13:14.045508Z,CAM02,462586,2.86,0.81,1.81,ZoneExit:FrontDesk,"[88,170,62,57]",0.95
2025-11-30T16:17:34.810849Z,CAM01,758758,1.48,0.75,1.66,ZoneEnter:Queue,"[217,175,60,44]",0.88
2025-11-30T16:17:34.810849Z,CAM01,758758,0.54,0.87,1.66,ZoneEnter:Desk:R2,"[158,318,38,32]",0.92
2025-11-30T16:22:25.148662Z,CAM01,734602,1.8,0.64,1.71,ZoneEnter:Queue,"[201,179,41,40]",0.93
2025-11-30T16:22:25.148662Z,CAM01,734602,0.69,0.71,1.38,ZoneEnter:Desk:R1,"[154,122,33,34]",0.98
2025-11-30T16:22:51.226423Z,CAM02,758758,2.96,1.14,1.69,ZoneExit:FrontDesk,"[211,138,53,54]",0.91
2025-11-30T16:25:57.922714Z,CAM01,171463,1.74,0.96,1.69,ZoneEnter:Queue,"[136,267,69,44]",0.93
2025-11-30T16:25:57.922714Z,CAM01,171463,0.65,0.94,1.5,ZoneEnter:Desk:R2,"[112,198,38,38]",0.9
2025-11-30T16:28:34.582932Z,CAM02,734602,3.53,1.01,1.63,ZoneExit:FrontDesk,"[106,169,35,30]",0.98
2025-11-30T16:29:25.318010Z,CAM02,171463,3.31,1.13,1.73,ZoneExit:FrontDesk,"[120,226,67,53]",0.97
2025-11-30T16:29:29.405485Z,CAM01,562010,1.3,0.68,1.57,ZoneEnter:Queue,"[187,284,61,58]",0.96
2025-11-30T16:29:29.405485Z,CAM01,562010,0.61,0.81,1.66,ZoneEnter:Desk:R1,"[190,290,42,49]",0.98
2025-11-30T16:32:27.979977Z,CAM01,991990,1.62,1.14,1.69,ZoneEnter:Queue,"[193,300,47,48]",0.95
2025-11-30T16:32:27.979977Z,CAM01,991990,0.91,0.99,1.62,ZoneEnter:Desk:R2,"[133,211,49,41]",0.98
2025-11-30T16:34:10.206327Z,CAM02,562010,2.86,1.02,1.69,ZoneExit:FrontDesk,"[155,237,31,58]",0.99
2025-11-30T16:36:16.781449Z,CAM01,983902,0.81,0.78,1.48,ZoneEnter:Desk:R1,"[134,150,42,61]",0.93
2025-11-30T16:36:16.781449Z,CAM01,983902,1.4,0.78,1.5,ZoneEnter:Queue,"[147,129,67,54]",0.94
2025-11-30T16:38:34.096444Z,CAM02,991990,3.14,1.25,1.69,ZoneExit:FrontDesk,"[93,300,30,41]",0.94
2025-11-30T16:38:53.784920Z,CAM01,637200,1.66,0.79,1.57,ZoneEnter:Queue,"[215,263,36,42]",0.94
2025-11-30T16:38:53.784920Z,CAM01,637200,0.83,0.85,1.69,ZoneEnter:Desk:R2,"[190,177,55,34]",0.95
2025-11-30T16:40:06.231036Z,CAM01,962878,2.13,0.81,1.75,ZoneEnter:Queue,"[127,220,61,48]",0.93
2025-11-30T16:40:38.517735Z,CAM02,983902,3.6,1.18,1.57,ZoneExit:FrontDesk,"[209,193,31,48]",0.95
2025-11-30T16:40:38.517735Z,CAM01,962878,1.05,0.99,1.67,ZoneEnter:Desk:R1,"[192,196,67,64]",0.94
2025-11-30T16:42:11.195663Z,CAM01,473060,1.72,1.0,1.56,ZoneEnter:Queue,"[102,257,55,31]",0.95
2025-11-30T16:42:46.906247Z,CAM02,637200,2.65,1.17,1.52,ZoneExit:FrontDesk,"[172,309,54,30]",0.91
2025-11-30T16:42:46.906247Z,CAM01,473060,0.85,0.85,1.49,ZoneEnter:Desk:R2,"[173,146,32,60]",0.89
2025-11-30T16:43:41.214253Z,CAM02,962878,3.32,1.39,1.66,ZoneExit:FrontDesk,"[137,245,31,47]",0.92
2025-11-30T16:47:25.066990Z,CAM02,473060,3.44,0.82,1.66,ZoneExit:FrontDesk,"[195,318,69,59]",0.91
2025-11-30T16:49:00.973574Z,CAM01,303217,1.31,0.84,1.65,ZoneEnter:Queue,"[88,211,60,31]",0.98
2025-11-30T16:49:00.973574Z,CAM01,303217,0.77,0.81,1.61,ZoneEnter:Desk:R1,"[180,262,38,52]",0.97
2025-11-30T16:52:23.493318Z,CAM01,880646,1.64,0.79,1.7,ZoneEnter:Queue,"[118,215,53,56]",0.98
2025-11-30T16:52:23.493318Z,CAM01,880646,0.6,0.99,1.74,ZoneEnter:Desk:R2,"[117,175,31,49]",0.96
2025-11-30T16:52:46.446673Z,CAM02,303217,2.69,1.24,1.69,ZoneExit:FrontDesk,"[100,133,37,58]",0.99
2025-11-30T16:53:38.851404Z,CAM01,507719,1.9,0.84,1.63,ZoneEnter:Queue,"[161,299,47,38]",0.98
2025-11-30T16:53:38.851404Z,CAM01,507719,0.7,0.94,1.67,ZoneEnter:Desk:R1,"[205,186,67,52]",0.95
2025-11-30T16:54:08.031315Z,CAM01,900615,1.29,0.71,1.59,ZoneEnter:Queue,"[104,229,50,33]",0.95
2025-11-30T16:55:45.157209Z,CAM02,880646,2.6,0.92,1.49,ZoneExit:FrontDesk,"[84,175,48,46]",0.95
2025-11-30T16:55:45.157209Z,CAM01,900615,0.91,1.04,1.74,ZoneEnter:Desk:R2,"[102,168,38,34]",0.92
2025-11-30T17:00:35.287186Z,CAM02,507719,2.88,1.19,1.64,ZoneExit:FrontDesk,"[123,169,41,36]",0.94
2025-11-30T17:00:38.216408Z,CAM02,900615,3.34,1.06,1.8,ZoneExit:FrontDesk,"[139,160,36,68]",0.9
2025-11-30T17:03:15.792870Z,CAM01,575207,1.56,0.74,1.59,ZoneEnter:Queue,"[89,249,47,35]",0.96
2025-11-30T17:03:15.792870Z,CAM01,575207,0.48,1.02,1.6,ZoneEnter:Desk:R1,"[200,243,48,40]",0.96
2025-11-30T17:06:24.529710Z,CAM02,575207,2.72,0.87,1.75,ZoneExit:FrontDesk,"[154,288,60,43]",0.99
2025-11-30T17:12:24.734261Z,CAM01,364262,1.99,0.64,1.9,ZoneEnter:Queue,"[211,156,41,57]",0.94
2025-11-30T17:12:24.734261Z,CAM01,364262,0.92,1.01,1.46,ZoneEnter:Desk:R2,"[173,170,31,47]",0.94
2025-11-30T17:14:48.889076Z,CAM01,239265,1.68,1.02,1.61,ZoneEnter:Queue,"[114,290,38,38]",0.96
2025-11-30T17:14:48.889076Z,CAM01,239265,0.86,0.67,1.51,ZoneEnter:Desk:R1,"[204,173,42,31]",0.97
2025-11-30T17:15:57.882217Z,CAM02,364262,3.04,1.26,1.48,ZoneExit:FrontDesk,"[195,228,37,43]",0.91
2025-11-30T17:20:08.080629Z,CAM02,239265,3.25,1.13,1.74,ZoneExit:FrontDesk,"[201,235,49,60]",0.97
2025-11-30T17:27:29.302593Z,CAM01,375908,1.66,0.71,1.7,ZoneEnter:Queue,"[171,214,35,33]",0.93
2025-11-30T17:27:29.302593Z,CAM01,375908,0.62,1.13,1.72,ZoneEnter:Desk:R2,"[153,232,41,69]",0.96
2025-11-30T17:29:50.274977Z,CAM01,903808,1.6,0.88,1.55,ZoneEnter:Queue,"[111,170,66,59]",0.96
2025-11-30T17:29:50.274977Z,CAM01,903808,0.63,0.85,1.41,ZoneEnter:Desk:R1,"[181,214,60,31]",0.97
2025-11-30T17:30:46.780877Z,CAM01,458683,2.02,0.87,1.67,ZoneEnter:Queue,"[216,278,36,36]",0.97
2025-11-30T17:30:47.692670Z,CAM01,241150,1.75,0.62,1.57,ZoneEnter:Queue,"[212,294,59,61]",0.92
2025-11-30T17:32:03.099811Z,CAM02,375908,2.77,0.96,1.84,ZoneExit:FrontDesk,"[92,197,57,30]",0.99
2025-11-30T17:32:03.099811Z,CAM01,458683,0.6,0.86,1.95,ZoneEnter:Desk:R2,"[187,122,43,65]",0.98
2025-11-30T17:32:22.507756Z,CAM01,992213,1.96,0.68,1.74,ZoneEnter:Queue,"[107,250,63,58]",0.99
2025-11-30T17:36:16.050437Z,CAM01,915355,1.36,0.99,1.59,ZoneEnter:Queue,"[98,232,33,38]",0.95
2025-11-30T17:36:19.500426Z,CAM01,178187,2.04,0.89,1.7,ZoneEnter:Queue,"[108,236,39,31]",0.97
2025-11-30T17:36:59.583611Z,CAM02,458683,3.38,1.26,1.57,ZoneExit:FrontDesk,"[192,229,68,55]",0.97
2025-11-30T17:36:59.583611Z,CAM01,241150,0.77,0.87,1.5,ZoneEnter:Desk:R2,"[216,177,53,58]",0.97
2025-11-30T17:37:16.102545Z,CAM01,791983,1.57,0.95,1.86,ZoneEnter:Queue,"[89,254,66,50]",0.89
2025-11-30T17:38:57.063621Z,CAM02,903808,3.42,0.99,1.51,ZoneExit:FrontDesk,"[131,265,32,69]",0.94
2025-11-30T17:38:57.063621Z,CAM01,992213,0.9,0.76,1.75,ZoneEnter:Desk:R1,"[83,255,46,32]",0.91
2025-11-30T17:40:08.220304Z,CAM01,915355,0.8,0.86,1.66,ZoneEnter:Desk:R2,"[215,124,67,31]",0.98
2025-11-30T17:40:08.220304Z,CAM02,241150,3.27,1.06,1.47,ZoneExit:FrontDesk,"[160,179,33,59]",0.9
2025-11-30T17:43:17.351520Z,CAM01,178187,0.81,0.81,1.7,ZoneEnter:Desk:R2,"[87,218,40,30]",0.96
2025-11-30T17:43:17.351520Z,CAM02,915355,3.2,1.06,1.58,ZoneExit:FrontDesk,"[192,182,53,64]",0.99
2025-11-30T17:44:33.600944Z,CAM01,791983,0.71,0.79,1.63,ZoneEnter:Desk:R1,"[113,192,37,66]",0.94
2025-11-30T17:44:33.600944Z,CAM02,992213,3.18,0.79,1.77,ZoneExit:FrontDesk,"[198,191,36,34]",0.96
2025-11-30T17:47:04.590335Z,CAM02,178187,3.53,1.29,1.73,ZoneExit:FrontDesk,"[167,244,63,50]",0.93
2025-11-30T17:49:35.485987Z,CAM01,768004,0.81,0.89,1.63,ZoneEnter:Desk:R2,"[154,301,52,65]",0.94
2025-11-30T17:49:35.485987Z,CAM01,768004,1.62,0.75,1.63,ZoneEnter:Queue,"[112,275,38,43]",0.96
2025-11-30T17:49:48.357514Z,CAM02,791983,3.39,1.16,1.68,ZoneExit:FrontDesk,"[178,182,32,65]",0.88
2025-11-30T17:50:18.910436Z,CAM01,435160,0.71,0.96,1.55,ZoneEnter:Desk:R1,"[166,128,56,36]",0.9
2025-11-30T17:50:18.910436Z,CAM01,435160,1.6,0.75,1.83,ZoneEnter:Queue,"[142,275,61,60]",0.98
2025-11-30T17:51:01.693174Z,CAM01,198093,1.9,0.86,1.58,ZoneEnter:Queue,"[177,169,31,63]",0.95
2025-11-30T17:51:46.752158Z,CAM01,218494,1.42,0.94,1.51,ZoneEnter:Queue,"[137,144,55,45]",0.98
2025-11-30T17:53:04.325874Z,CAM01,198093,0.42,0.73,1.65,ZoneEnter:Desk:R2,"[112,183,67,32]",0.91
2025-11-30T17:53:04.325874Z,CAM02,768004,3.0,0.98,1.77,ZoneExit:FrontDesk,"[149,179,37,30]",0.97
2025-11-30T17:54:18.785999Z,CAM02,435160,2.69,1.26,1.59,ZoneExit:FrontDesk,"[196,157,51,60]",0.99
2025-11-30T17:54:18.785999Z,CAM01,218494,1.0,0.97,1.7,ZoneEnter:Desk:R1,"[144,169,53,32]",0.96
2025-11-30T17:55:41.735852Z,CAM01,940727,1.73,1.04,1.7,ZoneEnter:Queue,"[193,131,65,53]",0.94
2025-11-30T17:58:39.356953Z,CAM01,940727,0.48,0.95,1.7,ZoneEnter:Desk:R2,"[84,173,39,41]",0.95
2025-11-30T17:58:39.356953Z,CAM02,198093,2.93,1.12,1.54,ZoneExit:FrontDesk,"[91,273,38,47]",0.96
2025-11-30T18:00:10.488548Z,CAM02,218494,2.87,1.06,1.59,ZoneExit:FrontDesk,"[219,169,31,62]",0.9
2025-11-30T18:02:02.482508Z,CAM01,276010,1.82,0.96,1.65,ZoneEnter:Queue,"[113,239,66,61]",0.92
2025-11-30T18:02:02.482508Z,CAM01,276010,0.88,0.86,1.78,ZoneEnter:Desk:R1,"[183,170,63,50]",0.95
2025-11-30T18:02:28.100590Z,CAM02,940727,3.58,0.98,1.59,ZoneExit:FrontDesk,"[100,141,43,35]",0.93
2025-11-30T18:04:29.333822Z,CAM01,653340,1.1,0.69,1.65,ZoneEnter:Queue,"[138,268,34,32]",0.95
2025-11-30T18:04:29.333822Z,CAM01,653340,1.01,0.75,1.58,ZoneEnter:Desk:R2,"[212,212,50,39]",0.92
2025-11-30T18:05:54.222628Z,CAM02,276010,3.24,1.11,1.68,ZoneExit:FrontDesk,"[171,199,45,58]",0.99
2025-11-30T18:06:00.836456Z,CAM01,109391,1.97,0.83,1.9,ZoneEnter:Queue,"[137,290,61,51]",0.98
2025-11-30T18:06:00.836456Z,CAM01,109391,0.91,0.92,1.62,ZoneEnter:Desk:R1,"[152,173,53,31]",0.93
2025-11-30T18:09:09.243507Z,CAM01,249561,1.6,0.5,1.73,ZoneEnter:Queue,"[144,291,59,54]",0.93
2025-11-30T18:09:11.570890Z,CAM01,249561,0.71,0.82,1.49,ZoneEnter:Desk:R2,"[125,281,58,44]",0.99
2025-11-30T18:09:11.570890Z,CAM02,653340,3.32,0.85,1.61,ZoneExit:FrontDesk,"[109,291,56,65]",0.99
2025-11-30T18:10:25.843793Z,CAM02,109391,2.93,1.33,1.64,ZoneExit:FrontDesk,"[194,155,69,61]",0.95
2025-11-30T18:11:13.351032Z,CAM01,774944,1.28,1.01,1.58,ZoneEnter:Queue,"[159,201,50,41]",0.97
2025-11-30T18:11:13.351032Z,CAM01,774944,0.88,0.97,1.51,ZoneEnter:Desk:R1,"[128,233,37,36]",0.95
2025-11-30T18:11:46.901935Z,CAM02,249561,3.12,1.15,1.76,ZoneExit:FrontDesk,"[189,223,49,69]",0.91
2025-11-30T18:12:07.347143Z,CAM01,713677,1.57,0.62,1.82,ZoneEnter:Queue,"[201,184,58,66]",0.94
2025-11-30T18:12:07.347143Z,CAM01,713677,0.96,0.84,1.64,ZoneEnter:Desk:R2,"[121,246,31,63]",0.99
2025-11-30T18:15:27.471916Z,CAM01,570888,1.86,1.01,1.84,ZoneEnter:Queue,"[117,224,38,30]",0.99
2025-11-30T18:17:00.093651Z,CAM02,713677,3.25,0.97,1.75,ZoneExit:FrontDesk,"[209,157,34,57]",0.9
2025-11-30T18:17:00.093651Z,CAM01,570888,0.61,0.78,1.72,ZoneEnter:Desk:R2,"[190,313,30,67]",0.97
2025-11-30T18:17:10.501123Z,CAM01,420755,1.65,1.02,1.64,ZoneEnter:Queue,"[89,236,37,49]",0.99
2025-11-30T18:19:22.377328Z,CAM01,724324,1.79,0.83,1.59,ZoneEnter:Queue,"[201,184,64,43]",0.95
2025-11-30T18:19:40.470614Z,CAM01,908204,1.47,0.63,1.71,ZoneEnter:Queue,"[192,147,49,57]",0.96
2025-11-30T18:19:55.547393Z,CAM02,774944,3.22,0.67,1.63,ZoneExit:FrontDesk,"[191,205,61,66]",0.99
2025-11-30T18:19:55.547393Z,CAM01,420755,0.58,0.91,1.7,ZoneEnter:Desk:R1,"[113,145,58,62]",0.97
2025-11-30T18:20:26.107979Z,CAM01,626374,1.65,0.78,1.67,ZoneEnter:Queue,"[82,173,37,62]",0.9
2025-11-30T18:21:14.362438Z,CAM01,724324,0.53,0.9,1.59,ZoneEnter:Desk:R2,"[103,223,42,50]",0.97
2025-11-30T18:21:14.362438Z,CAM02,570888,3.02,1.14,1.66,ZoneExit:FrontDesk,"[218,252,45,36]",0.9
2025-11-30T18:21:26.317318Z,CAM02,420755,3.06,1.17,1.53,ZoneExit:FrontDesk,"[116,310,46,47]",0.95
2025-11-30T18:21:26.317318Z,CAM01,908204,0.53,0.88,1.71,ZoneEnter:Desk:R1,"[213,121,57,36]",0.97
2025-11-30T18:24:37.028284Z,CAM01,922509,1.86,0.74,1.7,ZoneEnter:Queue,"[92,301,41,41]",0.93
2025-11-30T18:24:45.542596Z,CAM02,724324,3.04,1.08,1.56,ZoneExit:FrontDesk,"[189,199,48,60]",0.9
2025-11-30T18:24:45.542596Z,CAM01,626374,0.9,1.04,1.56,ZoneEnter:Desk:R2,"[153,267,53,37]",0.97
2025-11-30T18:25:27.854038Z,CAM01,248090,1.58,0.63,1.57,ZoneEnter:Queue,"[123,244,54,53]",0.98
2025-11-30T18:25:44.700685Z,CAM01,922509,1.15,0.81,1.55,ZoneEnter:Desk:R1,"[149,228,50,48]",0.96
2025-11-30T18:25:44.700685Z,CAM02,908204,3.18,0.8,1.57,ZoneExit:FrontDesk,"[210,193,48,44]",0.97
2025-11-30T18:28:53.161410Z,CAM01,248090,0.86,0.9,1.64,ZoneEnter:Desk:R2,"[157,241,48,51]",0.91
2025-11-30T18:28:53.161410Z,CAM02,626374,2.87,0.86,1.57,ZoneExit:FrontDesk,"[213,262,33,63]",0.96
2025-11-30T18:29:17.809409Z,CAM01,329553,1.22,0.8,1.61,ZoneEnter:Queue,"[182,314,52,69]",0.99
2025-11-30T18:29:41.941244Z,CAM01,182678,1.49,0.7,1.72,ZoneEnter:Queue,"[95,189,48,43]",0.99
2025-11-30T18:31:12.578633Z,CAM02,922509,3.42,1.19,1.61,ZoneExit:FrontDesk,"[121,211,51,57]",0.99
2025-11-30T18:31:12.578633Z,CAM01,329553,0.93,1.02,1.59,ZoneEnter:Desk:R1,"[112,139,32,38]",0.99
2025-11-30T18:31:53.503443Z,CAM01,539358,1.9,0.97,1.74,ZoneEnter:Queue,"[178,154,60,52]",0.95
2025-11-30T18:32:47.275442Z,CAM01,750664,1.79,0.85,1.62,ZoneEnter:Queue,"[218,125,68,60]",0.98
2025-11-30T18:33:06.021444Z,CAM01,182678,0.54,0.94,1.82,ZoneEnter:Desk:R2,"[218,128,65,64]",0.9
2025-11-30T18:33:06.021444Z,CAM02,248090,3.37,1.09,1.7,ZoneExit:FrontDesk,"[122,125,55,50]",0.89
2025-11-30T18:34:09.802085Z,CAM02,329553,3.51,1.03,1.47,ZoneExit:FrontDesk,"[99,152,37,42]",0.92
2025-11-30T18:34:09.802085Z,CAM01,539358,0.99,0.95,1.65,ZoneEnter:Desk:R1,"[156,211,50,40]",0.94
2025-11-30T18:35:41.571959Z,CAM02,182678,2.9,1.04,1.72,ZoneExit:FrontDesk,"[193,183,57,32]",0.95
2025-11-30T18:35:41.571959Z,CAM01,750664,0.98,0.87,1.58,ZoneEnter:Desk:R2,"[149,274,38,47]",0.9
2025-11-30T18:37:07.308667Z,CAM02,539358,3.59,0.89,1.63,ZoneExit:FrontDesk,"[121,300,42,69]",0.97
2025-11-30T18:39:35.294104Z,CAM02,750664,3.09,1.0,1.63,ZoneExit:FrontDesk,"[200,197,32,43]",0.94
2025-11-30T18:40:50.364534Z,CAM01,876810,1.45,0.86,1.35,ZoneEnter:Queue,"[147,209,53,45]",0.93
2025-11-30T18:40:50.364534Z,CAM01,876810,0.91,0.89,1.86,ZoneEnter:Desk:R1,"[100,205,55,48]",0.95
2025-11-30T18:43:37.007693Z,CAM02,876810,2.73,1.04,1.86,ZoneExit:FrontDesk,"[155,125,49,44]",0.94
2025-11-30T18:49:21.713799Z,CAM01,233184,1.57,0.88,1.73,ZoneEnter:Queue,"[86,309,59,53]",0.95
2025-11-30T18:49:21.713799Z,CAM01,233184,0.95,0.87,1.76,ZoneEnter:Desk:R2,"[183,269,61,49]",0.99
2025-11-30T18:51:11.927196Z,CAM01,862302,0.76,0.93,1.59,ZoneEnter:Desk:R1,"[94,288,55,34]",0.96
2025-11-30T18:51:11.927196Z,CAM01,862302,1.52,0.99,1.76,ZoneEnter:Queue,"[217,295,50,63]",0.99
2025-11-30T18:54:43.240850Z,CAM01,661759,1.76,0.92,1.63,ZoneEnter:Queue,"[166,183,65,38]",0.97
2025-11-30T18:56:44.423843Z,CAM02,862302,2.53,1.03,1.64,ZoneExit:FrontDesk,"[156,149,69,38]",0.96
2025-11-30T18:56:44.423843Z,CAM01,661759,0.72,1.0,1.69,ZoneEnter:Desk:R1,"[95,230,62,40]",0.94
2025-11-30T18:56:55.579148Z,CAM01,903485,1.9,0.63,1.61,ZoneEnter:Queue,"[208,258,53,37]",0.95
2025-11-30T18:58:14.360239Z,CAM01,903485,0.72,0.92,1.79,ZoneEnter:Desk:R2,"[100,130,58,50]",0.97
2025-11-30T18:58:14.360239Z,CAM02,233184,2.83,1.24,1.57,ZoneExit:FrontDesk,"[80,277,69,69]",0.9
2025-11-30T18:58:59.194109Z,CAM01,184491,1.71,0.92,1.64,ZoneEnter:Queue,"[140,165,49,42]",0.9
2025-11-30T18:59:14.448168Z,CAM02,661759,3.01,0.99,1.68,ZoneExit:FrontDesk,"[92,312,41,38]",0.94
2025-11-30T18:59:14.448168Z,CAM01,184491,0.57,0.83,1.7,ZoneEnter:Desk:R1,"[108,247,67,63]",0.96
2025-11-30T19:01:46.559589Z,CAM01,800849,1.54,0.97,1.69,ZoneEnter:Queue,"[214,214,61,35]",0.93
2025-11-30T19:02:42.369332Z,CAM02,903485,3.06,1.07,1.74,ZoneExit:FrontDesk,"[209,171,56,45]",0.93
2025-11-30T19:02:42.369332Z,CAM01,800849,0.69,1.11,1.61,ZoneEnter:Desk:R2,"[184,292,51,53]",0.9
2025-11-30T19:07:56.498042Z,CAM01,664648,1.89,0.88,1.73,ZoneEnter:Queue,"[191,145,54,47]",0.95
2025-11-30T19:08:23.645614Z,CAM01,811959,1.31,0.83,1.56,ZoneEnter:Queue,"[161,141,52,43]",0.89
2025-11-30T19:09:37.540570Z,CAM01,290941,2.11,0.79,1.64,ZoneEnter:Queue,"[98,277,57,37]",0.93
2025-11-30T19:10:14.856051Z,CAM01,274612,1.78,0.9,1.67,ZoneEnter:Queue,"[140,270,47,34]",0.95
2025-11-30T19:10:33.301558Z,CAM01,664648,0.69,0.83,1.69,ZoneEnter:Desk:R1,"[187,132,49,32]",0.99
2025-11-30T19:10:33.301558Z,CAM02,184491,3.29,1.17,1.62,ZoneExit:FrontDesk,"[116,220,36,39]",0.94
2025-11-30T19:10:48.346234Z,CAM01,811959,0.77,1.1,1.63,ZoneEnter:Desk:R2,"[187,311,61,60]",0.99
2025-11-30T19:10:48.346234Z,CAM02,800849,2.85,0.97,1.65,ZoneExit:FrontDesk,"[132,225,58,43]",0.97
2025-11-30T19:13:44.722176Z,CAM01,290941,0.61,0.83,1.58,ZoneEnter:Desk:R2,"[104,149,31,40]",0.99
2025-11-30T19:13:44.722176Z,CAM02,811959,3.14,1.15,1.61,ZoneExit:FrontDesk,"[146,258,67,40]",0.99
2025-11-30T19:13:47.419773Z,CAM02,664648,3.23,1.15,1.77,ZoneExit:FrontDesk,"[205,167,68,60]",0.96
2025-11-30T19:13:47.419773Z,CAM01,274612,0.72,0.86,1.69,ZoneEnter:Desk:R1,"[170,152,61,54]",0.98
2025-11-30T19:17:11.250978Z,CAM01,409738,1.33,0.7,1.65,ZoneEnter:Queue,"[82,158,49,59]",0.93
2025-11-30T19:18:34.302506Z,CAM02,290941,3.45,1.06,1.66,ZoneExit:FrontDesk,"[142,179,38,69]",0.94
2025-11-30T19:18:34.302506Z,CAM01,409738,0.75,0.95,1.56,ZoneEnter:Desk:R2,"[210,180,44,67]",0.89
2025-11-30T19:20:37.586404Z,CAM02,274612,3.3,1.3,1.55,ZoneExit:FrontDesk,"[135,274,41,56]",0.89
2025-11-30T19:21:50.104240Z,CAM02,409738,3.12,1.15,1.52,ZoneExit:FrontDesk,"[129,291,34,30]",0.95
2025-11-30T19:27:05.070976Z,CAM01,712329,1.49,0.78,1.66,ZoneEnter:Queue,"[108,224,54,68]",0.97
2025-11-30T19:27:05.070976Z,CAM01,712329,0.43,0.82,1.63,ZoneEnter:Desk:R1,"[135,268,51,60]",0.95
2025-11-30T19:29:20.053207Z,CAM01,835809,1.71,0.85,1.61,ZoneEnter:Queue,"[109,303,55,30]",0.97
2025-11-30T19:29:20.053207Z,CAM01,835809,0.87,0.84,1.61,ZoneEnter:Desk:R2,"[108,308,34,53]",0.98
2025-11-30T19:29:38.003694Z,CAM02,712329,2.97,1.18,1.51,ZoneExit:FrontDesk,"[87,189,33,67]",0.95
2025-11-30T19:35:46.286686Z,CAM02,835809,2.91,0.93,1.73,ZoneExit:FrontDesk,"[202,173,56,31]",0.99
2025-11-30T19:36:27.726067Z,CAM01,245942,1.69,1.04,1.78,ZoneEnter:Queue,"[94,207,66,57]",0.96
2025-11-30T19:36:27.726067Z,CAM01,245942,0.78,0.9,1.65,ZoneEnter:Desk:R1,"[134,147,47,51]",0.91
2025-11-30T19:39:53.051481Z,CAM02,245942,3.21,1.18,1.67,ZoneExit:FrontDesk,"[128,219,49,51]",0.94
2025-11-30T19:40:33.971079Z,CAM01,408496,1.84,0.82,1.43,ZoneEnter:Queue,"[166,257,41,36]",0.95
2025-11-30T19:40:33.971079Z,CAM01,408496,0.71,0.97,1.88,ZoneEnter:Desk:R2,"[210,165,61,35]",0.98
2025-11-30T19:43:19.322197Z,CAM01,136343,1.48,0.88,1.61,ZoneEnter:Queue,"[141,275,68,33]",0.92
2025-11-30T19:43:19.322197Z,CAM01,136343,0.72,0.89,1.71,ZoneEnter:Desk:R1,"[162,238,57,42]",0.98
2025-11-30T19:46:04.438527Z,CAM01,409894,1.75,0.58,1.67,ZoneEnter:Queue,"[138,242,66,55]",0.95
2025-11-30T19:46:45.861813Z,CAM02,408496,3.02,0.98,1.75,ZoneExit:FrontDesk,"[126,271,51,54]",0.91
2025-11-30T19:46:45.861813Z,CAM01,409894,1.11,0.84,1.63,ZoneEnter:Desk:R2,"[80,319,42,67]",0.94
2025-11-30T19:46:51.515750Z,CAM02,136343,3.17,1.1,1.75,ZoneExit:FrontDesk,"[117,234,60,53]",0.94
2025-11-30T19:47:37.469254Z,CAM01,861325,1.71,0.77,1.71,ZoneEnter:Queue,"[170,316,47,35]",0.91
2025-11-30T19:47:37.469254Z,CAM01,861325,0.55,0.86,1.79,ZoneEnter:Desk:R1,"[80,181,58,32]",0.93
2025-11-30T19:49:15.857059Z,CAM01,799805,1.78,0.9,1.7,ZoneEnter:Queue,"[199,166,66,44]",0.93
2025-11-30T19:49:37.588712Z,CAM02,409894,2.93,1.12,1.71,ZoneExit:FrontDesk,"[217,194,31,63]",0.95
2025-11-30T19:49:37.588712Z,CAM01,799805,0.93,0.91,1.8,ZoneEnter:Desk:R2,"[92,280,45,63]",0.9
2025-11-30T19:50:51.667376Z,CAM02,861325,3.38,1.23,1.67,ZoneExit:FrontDesk,"[120,297,61,47]",0.92
2025-11-30T19:53:01.098747Z,CAM01,205832,0.72,0.89,1.56,ZoneEnter:Desk:R1,"[174,315,64,46]",0.9
2025-11-30T19:53:01.098747Z,CAM01,205832,2.13,0.99,1.85,ZoneEnter:Queue,"[133,130,36,33]",0.94
2025-11-30T19:54:05.421438Z,CAM01,107880,1.81,0.95,1.8,ZoneEnter:Queue,"[145,143,53,60]",0.94
2025-11-30T19:55:14.636377Z,CAM02,799805,3.23,1.0,1.47,ZoneExit:FrontDesk,"[160,281,69,36]",0.99
2025-11-30T19:55:14.636377Z,CAM01,107880,0.83,0.95,1.64,ZoneEnter:Desk:R2,"[123,206,43,67]",0.94
2025-11-30T19:55:55.694875Z,CAM02,205832,3.26,0.94,1.82,ZoneExit:FrontDesk,"[146,173,38,62]",0.9
2025-11-30T19:56:44.880270Z,CAM01,290647,2.26,0.66,1.59,ZoneEnter:Queue,"[200,313,41,57]",0.94
2025-11-30T19:56:44.880270Z,CAM01,290647,0.61,1.05,1.68,ZoneEnter:Desk:R1,"[91,188,41,53]",0.95
2025-11-30T19:59:00.735099Z,CAM01,122961,1.43,0.82,1.72,ZoneEnter:Queue,"[80,120,65,63]",0.93
2025-11-30T19:59:37.704469Z,CAM02,107880,3.32,0.93,1.7,ZoneExit:FrontDesk,"[136,189,39,52]",0.99
2025-11-30T19:59:37.704469Z,CAM01,122961,1.32,1.04,1.82,ZoneEnter:Desk:R2,"[139,299,56,42]",0.98
2025-11-30T20:01:19.892170Z,CAM02,290647,3.06,1.08,1.58,ZoneExit:FrontDesk,"[88,263,60,51]",0.91
2025-11-30T20:03:12.998821Z,CAM01,283716,0.64,0.96,1.54,ZoneEnter:Desk:R1,"[163,190,66,48]",0.97
2025-11-30T20:03:12.998821Z,CAM01,283716,2.05,0.97,1.83,ZoneEnter:Queue,"[150,199,59,45]",0.96
2025-11-30T20:05:28.514990Z,CAM02,122961,3.36,0.98,1.83,ZoneExit:FrontDesk,"[189,182,32,66]",0.94
2025-11-30T20:08:59.613093Z,CAM02,283716,3.31,1.2,1.62,ZoneExit:FrontDesk,"[195,149,66,32]",0.9
2025-11-30T20:18:03.473262Z,CAM01,758966,1.59,0.9,1.67,ZoneEnter:Queue,"[181,171,46,48]",0.98
2025-11-30T20:18:03.473262Z,CAM01,758966,0.54,0.84,1.75,ZoneEnter:Desk:R2,"[208,252,31,42]",0.98
2025-11-30T20:21:14.959691Z,CAM02,758966,3.06,1.06,1.62,ZoneExit:FrontDesk,"[218,319,30,44]",0.93
2025-11-30T20:24:48.840031Z,CAM01,178840,1.67,0.84,1.43,ZoneEnter:Queue,"[155,314,68,58]",0.94
2025-11-30T20:24:48.840031Z,CAM01,178840,0.83,0.93,1.69,ZoneEnter:Desk:R1,"[174,181,32,66]",0.93
2025-11-30T20:27:00.163397Z,CAM01,672360,1.2,0.99,1.42,ZoneEnter:Queue,"[95,288,31,59]",0.88
2025-11-30T20:27:00.163397Z,CAM01,672360,0.77,0.93,1.72,ZoneEnter:Desk:R2,"[163,301,50,56]",0.91
2025-11-30T20:29:38.460203Z,CAM02,672360,2.85,1.05,1.66,ZoneExit:FrontDesk,"[85,144,32,43]",0.94
2025-11-30T20:31:15.543684Z,CAM02,178840,2.81,1.0,1.96,ZoneExit:FrontDesk,"[94,295,31,39]",0.94
2025-11-30T20:37:22.428596Z,CAM01,232607,1.52,0.79,1.68,ZoneEnter:Queue,"[116,300,44,64]",0.92
2025-11-30T20:37:22.428596Z,CAM01,232607,0.77,0.92,1.62,ZoneEnter:Desk:R2,"[125,171,61,45]",0.96
2025-11-30T20:43:46.487274Z,CAM02,232607,3.13,1.08,1.55,ZoneExit:FrontDesk,"[165,304,48,31]",0.92
2025-11-30T20:47:49.192857Z,CAM01,310653,1.49,1.07,1.57,ZoneEnter:Queue,"[88,316,55,62]",0.94
2025-11-30T20:47:49.192857Z,CAM01,310653,0.64,0.93,1.6,ZoneEnter:Desk:R1,"[199,236,51,37]",0.99
2025-11-30T20:50:42.547606Z,CAM02,310653,3.2,0.98,1.43,ZoneExit:FrontDesk,"[148,268,46,34]",0.91
2025-11-30T20:51:10.994449Z,CAM01,874245,1.51,0.85,1.33,ZoneEnter:Queue,"[204,150,42,40]",0.95
2025-11-30T20:51:10.994449Z,CAM01,874245,0.85,0.96,1.76,ZoneEnter:Desk:R2,"[113,186,61,31]",0.94
2025-11-30T20:54:05.471844Z,CAM01,722038,2.0,0.96,1.52,ZoneEnter:Queue,"[115,183,42,51]",0.96
2025-11-30T20:54:05.471844Z,CAM01,722038,1.21,1.1,1.56,ZoneEnter:Desk:R1,"[101,210,38,64]",0.94
2025-11-30T20:55:44.176720Z,CAM02,874245,3.3,1.1,1.68,ZoneExit:FrontDesk,"[86,160,51,67]",0.97
2025-11-30T21:00:27.852911Z,CAM02,722038,3.12,1.02,1.69,ZoneExit:FrontDesk,"[107,145,68,60]",0.98
2025-11-30T21:21:05.381695Z,CAM01,170560,1.93,0.78,1.72,ZoneEnter:Queue,"[149,220,53,33]",0.95
2025-11-30T21:21:05.381695Z,CAM01,170560,0.77,0.89,1.55,ZoneEnter:Desk:R2,"[108,291,62,54]",0.97
2025-11-30T21:28:19.872524Z,CAM02,170560,2.97,1.17,1.61,ZoneExit:FrontDesk,"[85,191,59,63]",0.91
2025-11-30T21:51:07.764377Z,CAM01,461257,0.84,0.94,1.79,ZoneEnter:Desk:R1,"[81,242,65,63]",0.95
2025-11-30T21:51:07.764377Z,CAM01,461257,1.36,0.55,1.52,ZoneEnter:Queue,"[125,240,65,42]",0.94
2025-11-30T21:56:34.882542Z,CAM02,461257,3.81,1.22,1.64,ZoneExit:FrontDesk,"[134,161,53,66]",0.94
2025-11-30T21:58:53.528136Z,CAM01,189937,0.82,0.84,1.65,ZoneEnter:Desk:R2,"[132,164,35,57]",0.95
2025-11-30T21:58:53.528136Z,CAM01,189937,1.49,0.94,1.53,ZoneEnter:Queue,"[144,147,69,68]",0.92
2025-11-30T22:04:13.829911Z,CAM02,189937,2.79,1.25,1.57,ZoneExit:FrontDesk,"[99,184,63,62]",0.93
